0 verbose cli /usr/local/bin/node /usr/local/bin/npm
1 info using npm@10.9.3
2 info using node@v22.20.0
3 silly config load:file:/usr/local/lib/node_modules/npm/npmrc
4 silly config load:file:/Users/moinulsbackspace/Downloads/shopifyapp/kick-affiliate/.npmrc
5 silly config load:file:/Users/moinulsbackspace/.npmrc
6 silly config load:file:/usr/local/etc/npmrc
7 verbose title npm install mongoose framer-motion react-intersection-observer lucide-react
8 verbose argv "install" "mongoose" "framer-motion" "react-intersection-observer" "lucide-react" "--cache" ".npm-local-cache"
9 verbose logfile logs-max:10 dir:/Users/moinulsbackspace/Downloads/shopifyapp/kick-affiliate/.npm-local-cache/_logs/2026-08-31T06_57_10_298Z-
10 verbose logfile /Users/moinulsbackspace/Downloads/shopifyapp/kick-affiliate/.npm-local-cache/_logs/2026-08-31T06_57_10_298Z-debug-0.log
11 silly logfile done cleaning log files
12 silly packumentCache heap:4345298944 maxSize:1086324736 maxEntrySize:543162368
13 silly idealTree buildDeps
14 silly fetch manifest react@^18
15 silly packumentCache full:https://registry.npmjs.org/react cache-miss
16 http fetch GET 200 https://registry.npmjs.org/npm 1508ms
17 http fetch GET 200 https://registry.npmjs.org/react 4668ms (cache miss)
18 silly packumentCache full:https://registry.npmjs.org/react set size:undefined disposed:false
19 silly fetch manifest react-dom@^18
20 silly packumentCache full:https://registry.npmjs.org/react-dom cache-miss
21 http fetch GET 200 https://registry.npmjs.org/react-dom 6471ms (cache miss)
22 silly packumentCache full:https://registry.npmjs.org/react-dom set size:undefined disposed:false
23 silly fetch manifest next@14.2.35
24 silly packumentCache full:https://registry.npmjs.org/next cache-miss
25 http fetch GET 200 https://registry.npmjs.org/next 2790ms (cache miss)
26 silly packumentCache full:https://registry.npmjs.org/next set size:undefined disposed:false
27 silly fetch manifest @opentelemetry/api@^1.1.0
28 silly packumentCache full:https://registry.npmjs.org/@opentelemetry%2fapi cache-miss
29 http fetch GET 200 https://registry.npmjs.org/@opentelemetry%2fapi 426ms (cache miss)
30 silly packumentCache full:https://registry.npmjs.org/@opentelemetry%2fapi set size:undefined disposed:false
31 silly fetch manifest @playwright/test@^1.41.2
32 silly packumentCache full:https://registry.npmjs.org/@playwright%2ftest cache-miss
33 http fetch GET 200 https://registry.npmjs.org/@playwright%2ftest 1661ms (cache miss)
34 silly packumentCache full:https://registry.npmjs.org/@playwright%2ftest set size:undefined disposed:false
35 silly fetch manifest sass@^1.3.0
36 silly packumentCache full:https://registry.npmjs.org/sass cache-miss
37 http fetch GET 200 https://registry.npmjs.org/sass 674ms (cache miss)
38 silly packumentCache full:https://registry.npmjs.org/sass set size:undefined disposed:false
39 silly fetch manifest mongoose@*
40 silly packumentCache full:https://registry.npmjs.org/mongoose cache-miss
41 http fetch GET 200 https://registry.npmjs.org/mongoose 467ms (cache miss)
42 silly packumentCache full:https://registry.npmjs.org/mongoose set size:undefined disposed:false
43 silly fetch manifest framer-motion@*
44 silly packumentCache full:https://registry.npmjs.org/framer-motion cache-miss
45 http fetch GET 200 https://registry.npmjs.org/framer-motion 1054ms (cache miss)
46 silly packumentCache full:https://registry.npmjs.org/framer-motion set size:undefined disposed:false
47 silly fetch manifest react-intersection-observer@*
48 silly packumentCache full:https://registry.npmjs.org/react-intersection-observer cache-miss
49 http fetch GET 200 https://registry.npmjs.org/react-intersection-observer 197ms (cache miss)
50 silly packumentCache full:https://registry.npmjs.org/react-intersection-observer set size:undefined disposed:false
51 silly fetch manifest lucide-react@*
52 silly packumentCache full:https://registry.npmjs.org/lucide-react cache-miss
53 http fetch GET 200 https://registry.npmjs.org/lucide-react 492ms (cache miss)
54 silly packumentCache full:https://registry.npmjs.org/lucide-react set size:undefined disposed:false
55 silly fetch manifest postcss@^8
56 silly packumentCache full:https://registry.npmjs.org/postcss cache-miss
57 http fetch GET 200 https://registry.npmjs.org/postcss 201ms (cache miss)
58 silly packumentCache full:https://registry.npmjs.org/postcss set size:undefined disposed:false
59 silly fetch manifest tailwindcss@^3.4.1
60 silly packumentCache full:https://registry.npmjs.org/tailwindcss cache-miss
61 http fetch GET 200 https://registry.npmjs.org/tailwindcss 1314ms (cache miss)
62 silly packumentCache full:https://registry.npmjs.org/tailwindcss set size:undefined disposed:false
63 silly fetch manifest eslint@^8
64 silly packumentCache full:https://registry.npmjs.org/eslint cache-miss
65 http fetch GET 200 https://registry.npmjs.org/eslint 267ms (cache miss)
66 silly packumentCache full:https://registry.npmjs.org/eslint set size:undefined disposed:false
67 silly fetch manifest eslint-config-next@14.2.35
68 silly packumentCache full:https://registry.npmjs.org/eslint-config-next cache-miss
69 http fetch GET 200 https://registry.npmjs.org/eslint-config-next 1074ms (cache miss)
70 silly packumentCache full:https://registry.npmjs.org/eslint-config-next set size:undefined disposed:false
71 silly fetch manifest typescript@>=3.3.1
72 silly packumentCache full:https://registry.npmjs.org/typescript cache-miss
73 http fetch GET 200 https://registry.npmjs.org/typescript 1254ms (cache miss)
74 silly packumentCache full:https://registry.npmjs.org/typescript set size:undefined disposed:false
75 silly placeDep ROOT eslint@8.57.1 OK for: kick-affiliate@0.1.0 want: ^8
76 silly placeDep ROOT eslint-config-next@14.2.35 OK for: kick-affiliate@0.1.0 want: 14.2.35
77 silly placeDep ROOT framer-motion@13.1.1 OK for: kick-affiliate@0.1.0 want: *
78 silly placeDep ROOT lucide-react@1.37.0 OK for: kick-affiliate@0.1.0 want: *
79 silly placeDep ROOT react@18.3.1 OK for: lucide-react@1.37.0 want: ^16.5.1 || ^17.0.0 || ^18.0.0 || ^19.0.0
80 silly placeDep ROOT mongoose@9.9.4 OK for: kick-affiliate@0.1.0 want: *
81 silly placeDep ROOT next@14.2.35 OK for: kick-affiliate@0.1.0 want: 14.2.35
82 silly placeDep ROOT react-dom@18.3.1 OK for: next@14.2.35 want: ^18.2.0
83 silly placeDep ROOT postcss@8.5.26 OK for: kick-affiliate@0.1.0 want: ^8
84 silly placeDep ROOT react-intersection-observer@11.0.1 OK for: kick-affiliate@0.1.0 want: *
85 silly placeDep ROOT tailwindcss@3.4.19 OK for: kick-affiliate@0.1.0 want: ^3.4.1
86 silly fetch manifest ajv@^6.12.4
87 silly packumentCache full:https://registry.npmjs.org/ajv cache-miss
88 silly fetch manifest levn@^0.4.1
89 silly packumentCache full:https://registry.npmjs.org/levn cache-miss
90 silly fetch manifest chalk@^4.0.0
91 silly packumentCache full:https://registry.npmjs.org/chalk cache-miss
92 silly fetch manifest debug@^4.3.2
93 silly packumentCache full:https://registry.npmjs.org/debug cache-miss
94 silly fetch manifest espree@^9.6.1
95 silly packumentCache full:https://registry.npmjs.org/espree cache-miss
96 silly fetch manifest ignore@^5.2.0
97 silly packumentCache full:https://registry.npmjs.org/ignore cache-miss
98 silly fetch manifest esquery@^1.4.2
99 silly packumentCache full:https://registry.npmjs.org/esquery cache-miss
100 silly fetch manifest esutils@^2.0.2
101 silly packumentCache full:https://registry.npmjs.org/esutils cache-miss
102 silly fetch manifest find-up@^5.0.0
103 silly packumentCache full:https://registry.npmjs.org/find-up cache-miss
104 http fetch GET 200 https://registry.npmjs.org/levn 89ms (cache miss)
105 silly packumentCache full:https://registry.npmjs.org/levn set size:undefined disposed:false
106 silly fetch manifest globals@^13.19.0
107 silly packumentCache full:https://registry.npmjs.org/globals cache-miss
108 http fetch GET 200 https://registry.npmjs.org/globals 114ms (cache miss)
109 silly packumentCache full:https://registry.npmjs.org/globals set size:undefined disposed:false
110 silly fetch manifest is-glob@^4.0.0
111 silly packumentCache full:https://registry.npmjs.org/is-glob cache-miss
112 http fetch GET 200 https://registry.npmjs.org/ajv 215ms (cache miss)
113 silly packumentCache full:https://registry.npmjs.org/ajv set size:undefined disposed:false
114 silly fetch manifest js-yaml@^4.1.0
115 silly packumentCache full:https://registry.npmjs.org/js-yaml cache-miss
116 http fetch GET 200 https://registry.npmjs.org/esquery 281ms (cache miss)
117 silly packumentCache full:https://registry.npmjs.org/esquery set size:undefined disposed:false
118 silly fetch manifest doctrine@^3.0.0
119 silly packumentCache full:https://registry.npmjs.org/doctrine cache-miss
120 http fetch GET 200 https://registry.npmjs.org/esutils 289ms (cache miss)
121 silly packumentCache full:https://registry.npmjs.org/esutils set size:undefined disposed:false
122 silly fetch manifest graphemer@^1.4.0
123 silly packumentCache full:https://registry.npmjs.org/graphemer cache-miss
124 http fetch GET 200 https://registry.npmjs.org/find-up 291ms (cache miss)
125 silly packumentCache full:https://registry.npmjs.org/find-up set size:undefined disposed:false
126 silly fetch manifest minimatch@^3.1.2
127 silly packumentCache full:https://registry.npmjs.org/minimatch cache-miss
128 http fetch GET 200 https://registry.npmjs.org/debug 303ms (cache miss)
129 silly packumentCache full:https://registry.npmjs.org/debug set size:undefined disposed:false
130 silly fetch manifest @eslint/js@8.57.1
131 silly packumentCache full:https://registry.npmjs.org/@eslint%2fjs cache-miss
132 http fetch GET 200 https://registry.npmjs.org/chalk 308ms (cache miss)
133 silly packumentCache full:https://registry.npmjs.org/chalk set size:undefined disposed:false
134 silly fetch manifest optionator@^0.9.3
135 silly packumentCache full:https://registry.npmjs.org/optionator cache-miss
136 http fetch GET 200 https://registry.npmjs.org/ignore 333ms (cache miss)
137 silly packumentCache full:https://registry.npmjs.org/ignore set size:undefined disposed:false
138 silly fetch manifest strip-ansi@^6.0.1
139 silly packumentCache full:https://registry.npmjs.org/strip-ansi cache-miss
140 http fetch GET 200 https://registry.npmjs.org/js-yaml 131ms (cache miss)
141 silly packumentCache full:https://registry.npmjs.org/js-yaml set size:undefined disposed:false
142 silly fetch manifest text-table@^0.2.0
143 silly packumentCache full:https://registry.npmjs.org/text-table cache-miss
144 http fetch GET 200 https://registry.npmjs.org/doctrine 89ms (cache miss)
145 silly packumentCache full:https://registry.npmjs.org/doctrine set size:undefined disposed:false
146 silly fetch manifest cross-spawn@^7.0.2
147 silly packumentCache full:https://registry.npmjs.org/cross-spawn cache-miss
148 http fetch GET 200 https://registry.npmjs.org/strip-ansi 98ms (cache miss)
149 silly packumentCache full:https://registry.npmjs.org/strip-ansi set size:undefined disposed:false
150 silly fetch manifest glob-parent@^6.0.2
151 silly packumentCache full:https://registry.npmjs.org/glob-parent cache-miss
152 http fetch GET 200 https://registry.npmjs.org/minimatch 158ms (cache miss)
153 silly packumentCache full:https://registry.npmjs.org/minimatch set size:undefined disposed:false
154 silly fetch manifest imurmurhash@^0.1.4
155 silly packumentCache full:https://registry.npmjs.org/imurmurhash cache-miss
156 http fetch GET 200 https://registry.npmjs.org/cross-spawn 98ms (cache miss)
157 silly packumentCache full:https://registry.npmjs.org/cross-spawn set size:undefined disposed:false
158 silly fetch manifest eslint-scope@^7.2.2
159 silly packumentCache full:https://registry.npmjs.org/eslint-scope cache-miss
160 http fetch GET 200 https://registry.npmjs.org/text-table 119ms (cache miss)
161 silly packumentCache full:https://registry.npmjs.org/text-table set size:undefined disposed:false
162 silly fetch manifest lodash.merge@^4.6.2
163 silly packumentCache full:https://registry.npmjs.org/lodash.merge cache-miss
164 http fetch GET 200 https://registry.npmjs.org/glob-parent 96ms (cache miss)
165 silly packumentCache full:https://registry.npmjs.org/glob-parent set size:undefined disposed:false
166 silly fetch manifest is-path-inside@^3.0.3
167 silly packumentCache full:https://registry.npmjs.org/is-path-inside cache-miss
168 http fetch GET 200 https://registry.npmjs.org/imurmurhash 89ms (cache miss)
169 silly packumentCache full:https://registry.npmjs.org/imurmurhash set size:undefined disposed:false
170 silly fetch manifest fast-deep-equal@^3.1.3
171 silly packumentCache full:https://registry.npmjs.org/fast-deep-equal cache-miss
172 http fetch GET 200 https://registry.npmjs.org/espree 544ms (cache miss)
173 silly packumentCache full:https://registry.npmjs.org/espree set size:undefined disposed:false
174 silly fetch manifest natural-compare@^1.4.0
175 silly packumentCache full:https://registry.npmjs.org/natural-compare cache-miss
176 http fetch GET 200 https://registry.npmjs.org/is-glob 343ms (cache miss)
177 silly packumentCache full:https://registry.npmjs.org/is-glob set size:undefined disposed:false
178 silly fetch manifest @eslint/eslintrc@^2.1.4
179 silly packumentCache full:https://registry.npmjs.org/@eslint%2feslintrc cache-miss
180 http fetch GET 200 https://registry.npmjs.org/eslint-scope 88ms (cache miss)
181 silly packumentCache full:https://registry.npmjs.org/eslint-scope set size:undefined disposed:false
182 silly fetch manifest @nodelib/fs.walk@^1.2.8
183 silly packumentCache full:https://registry.npmjs.org/@nodelib%2ffs.walk cache-miss
184 http fetch GET 200 https://registry.npmjs.org/lodash.merge 114ms (cache miss)
185 silly packumentCache full:https://registry.npmjs.org/lodash.merge set size:undefined disposed:false
186 silly fetch manifest file-entry-cache@^6.0.1
187 silly packumentCache full:https://registry.npmjs.org/file-entry-cache cache-miss
188 http fetch GET 200 https://registry.npmjs.org/@eslint%2fjs 313ms (cache miss)
189 silly packumentCache full:https://registry.npmjs.org/@eslint%2fjs set size:undefined disposed:false
190 silly fetch manifest eslint-visitor-keys@^3.4.3
191 silly packumentCache full:https://registry.npmjs.org/eslint-visitor-keys cache-miss
192 http fetch GET 200 https://registry.npmjs.org/is-path-inside 93ms (cache miss)
193 silly packumentCache full:https://registry.npmjs.org/is-path-inside set size:undefined disposed:false
194 silly fetch manifest escape-string-regexp@^4.0.0
195 silly packumentCache full:https://registry.npmjs.org/escape-string-regexp cache-miss
196 http fetch GET 200 https://registry.npmjs.org/fast-deep-equal 92ms (cache miss)
197 silly packumentCache full:https://registry.npmjs.org/fast-deep-equal set size:undefined disposed:false
198 silly fetch manifest @ungap/structured-clone@^1.2.0
199 silly packumentCache full:https://registry.npmjs.org/@ungap%2fstructured-clone cache-miss
200 http fetch GET 200 https://registry.npmjs.org/graphemer 348ms (cache miss)
201 silly packumentCache full:https://registry.npmjs.org/graphemer set size:undefined disposed:false
202 silly fetch manifest @eslint-community/regexpp@^4.6.1
203 silly packumentCache full:https://registry.npmjs.org/@eslint-community%2fregexpp cache-miss
204 http fetch GET 200 https://registry.npmjs.org/optionator 355ms (cache miss)
205 silly packumentCache full:https://registry.npmjs.org/optionator set size:undefined disposed:false
206 silly fetch manifest @humanwhocodes/config-array@^0.13.0
207 silly packumentCache full:https://registry.npmjs.org/@humanwhocodes%2fconfig-array cache-miss
208 http fetch GET 200 https://registry.npmjs.org/eslint-visitor-keys 89ms (cache miss)
209 silly packumentCache full:https://registry.npmjs.org/eslint-visitor-keys set size:undefined disposed:false
210 silly fetch manifest @eslint-community/eslint-utils@^4.2.0
211 silly packumentCache full:https://registry.npmjs.org/@eslint-community%2feslint-utils cache-miss
212 http fetch GET 200 https://registry.npmjs.org/file-entry-cache 123ms (cache miss)
213 silly packumentCache full:https://registry.npmjs.org/file-entry-cache set size:undefined disposed:false
214 silly fetch manifest @humanwhocodes/module-importer@^1.0.1
215 silly packumentCache full:https://registry.npmjs.org/@humanwhocodes%2fmodule-importer cache-miss
216 http fetch GET 200 https://registry.npmjs.org/escape-string-regexp 114ms (cache miss)
217 silly packumentCache full:https://registry.npmjs.org/escape-string-regexp set size:undefined disposed:false
218 silly fetch manifest json-stable-stringify-without-jsonify@^1.0.1
219 silly packumentCache full:https://registry.npmjs.org/json-stable-stringify-without-jsonify cache-miss
220 http fetch GET 200 https://registry.npmjs.org/json-stable-stringify-without-jsonify 98ms (cache miss)
221 silly packumentCache full:https://registry.npmjs.org/json-stable-stringify-without-jsonify set size:undefined disposed:false
222 silly fetch manifest eslint-plugin-react@^7.33.2
223 silly packumentCache full:https://registry.npmjs.org/eslint-plugin-react cache-miss
224 http fetch GET 200 https://registry.npmjs.org/natural-compare 334ms (cache miss)
225 silly packumentCache full:https://registry.npmjs.org/natural-compare set size:undefined disposed:false
226 silly fetch manifest eslint-plugin-import@^2.28.1
227 silly packumentCache full:https://registry.npmjs.org/eslint-plugin-import cache-miss
228 http fetch GET 200 https://registry.npmjs.org/@nodelib%2ffs.walk 324ms (cache miss)
229 silly packumentCache full:https://registry.npmjs.org/@nodelib%2ffs.walk set size:undefined disposed:false
230 silly fetch manifest eslint-plugin-jsx-a11y@^6.7.1
231 silly packumentCache full:https://registry.npmjs.org/eslint-plugin-jsx-a11y cache-miss
232 http fetch GET 200 https://registry.npmjs.org/@ungap%2fstructured-clone 323ms (cache miss)
233 silly packumentCache full:https://registry.npmjs.org/@ungap%2fstructured-clone set size:undefined disposed:false
234 silly fetch manifest @rushstack/eslint-patch@^1.3.3
235 silly packumentCache full:https://registry.npmjs.org/@rushstack%2feslint-patch cache-miss
236 http fetch GET 200 https://registry.npmjs.org/@eslint%2feslintrc 429ms (cache miss)
237 silly packumentCache full:https://registry.npmjs.org/@eslint%2feslintrc set size:undefined disposed:false
238 silly fetch manifest @next/eslint-plugin-next@14.2.35
239 silly packumentCache full:https://registry.npmjs.org/@next%2feslint-plugin-next cache-miss
240 http fetch GET 200 https://registry.npmjs.org/eslint-plugin-react 152ms (cache miss)
241 silly packumentCache full:https://registry.npmjs.org/eslint-plugin-react set size:undefined disposed:false
242 silly fetch manifest @typescript-eslint/parser@^5.4.2 || ^6.0.0 || ^7.0.0 || ^8.0.0
243 silly packumentCache full:https://registry.npmjs.org/@typescript-eslint%2fparser cache-miss
244 http fetch GET 200 https://registry.npmjs.org/@humanwhocodes%2fconfig-array 352ms (cache miss)
245 silly packumentCache full:https://registry.npmjs.org/@humanwhocodes%2fconfig-array set size:undefined disposed:false
246 silly fetch manifest eslint-plugin-react-hooks@^4.5.0 || 5.0.0-canary-7118f5dd7-20230705
247 silly packumentCache full:https://registry.npmjs.org/eslint-plugin-react-hooks cache-miss
248 http fetch GET 200 https://registry.npmjs.org/eslint-plugin-import 173ms (cache miss)
249 silly packumentCache full:https://registry.npmjs.org/eslint-plugin-import set size:undefined disposed:false
250 silly fetch manifest eslint-import-resolver-node@^0.3.6
251 silly packumentCache full:https://registry.npmjs.org/eslint-import-resolver-node cache-miss
252 http fetch GET 200 https://registry.npmjs.org/@humanwhocodes%2fmodule-importer 345ms (cache miss)
253 silly packumentCache full:https://registry.npmjs.org/@humanwhocodes%2fmodule-importer set size:undefined disposed:false
254 silly fetch manifest @typescript-eslint/eslint-plugin@^5.4.2 || ^6.0.0 || ^7.0.0 || ^8.0.0
255 silly packumentCache full:https://registry.npmjs.org/@typescript-eslint%2feslint-plugin cache-miss
256 http fetch GET 200 https://registry.npmjs.org/@eslint-community%2feslint-utils 367ms (cache miss)
257 silly packumentCache full:https://registry.npmjs.org/@eslint-community%2feslint-utils set size:undefined disposed:false
258 silly fetch manifest eslint-import-resolver-typescript@^3.5.2
259 silly packumentCache full:https://registry.npmjs.org/eslint-import-resolver-typescript cache-miss
260 http fetch GET 200 https://registry.npmjs.org/eslint-import-resolver-node 89ms (cache miss)
261 silly packumentCache full:https://registry.npmjs.org/eslint-import-resolver-node set size:undefined disposed:false
262 silly fetch manifest tslib@^2.4.0
263 silly packumentCache full:https://registry.npmjs.org/tslib cache-miss
264 http fetch GET 200 https://registry.npmjs.org/eslint-import-resolver-typescript 111ms (cache miss)
265 silly packumentCache full:https://registry.npmjs.org/eslint-import-resolver-typescript set size:undefined disposed:false
266 silly fetch manifest motion-dom@^13.1.1
267 silly packumentCache full:https://registry.npmjs.org/motion-dom cache-miss
268 http fetch GET 200 https://registry.npmjs.org/@eslint-community%2fregexpp 596ms (cache miss)
269 silly packumentCache full:https://registry.npmjs.org/@eslint-community%2fregexpp set size:undefined disposed:false
270 silly fetch manifest motion-utils@^13.0.0
271 silly packumentCache full:https://registry.npmjs.org/motion-utils cache-miss
272 http fetch GET 200 https://registry.npmjs.org/tslib 99ms (cache miss)
273 silly packumentCache full:https://registry.npmjs.org/tslib set size:undefined disposed:false
274 silly fetch manifest loose-envify@^1.1.0
275 silly packumentCache full:https://registry.npmjs.org/loose-envify cache-miss
276 http fetch GET 200 https://registry.npmjs.org/eslint-plugin-jsx-a11y 366ms (cache miss)
277 silly packumentCache full:https://registry.npmjs.org/eslint-plugin-jsx-a11y set size:undefined disposed:false
278 silly fetch manifest ms@2.1.3
279 silly packumentCache full:https://registry.npmjs.org/ms cache-miss
280 http fetch GET 200 https://registry.npmjs.org/@rushstack%2feslint-patch 334ms (cache miss)
281 silly packumentCache full:https://registry.npmjs.org/@rushstack%2feslint-patch set size:undefined disposed:false
282 silly fetch manifest sift@17.1.3
283 silly packumentCache full:https://registry.npmjs.org/sift cache-miss
284 http fetch GET 200 https://registry.npmjs.org/motion-dom 104ms (cache miss)
285 silly packumentCache full:https://registry.npmjs.org/motion-dom set size:undefined disposed:false
286 silly fetch manifest mpath@0.9.0
287 silly packumentCache full:https://registry.npmjs.org/mpath cache-miss
288 http fetch GET 200 https://registry.npmjs.org/motion-utils 94ms (cache miss)
289 silly packumentCache full:https://registry.npmjs.org/motion-utils set size:undefined disposed:false
290 silly fetch manifest kareem@3.3.0
291 silly packumentCache full:https://registry.npmjs.org/kareem cache-miss
292 http fetch GET 200 https://registry.npmjs.org/loose-envify 90ms (cache miss)
293 silly packumentCache full:https://registry.npmjs.org/loose-envify set size:undefined disposed:false
294 silly fetch manifest mquery@6.0.0
295 silly packumentCache full:https://registry.npmjs.org/mquery cache-miss
296 http fetch GET 200 https://registry.npmjs.org/mpath 92ms (cache miss)
297 silly packumentCache full:https://registry.npmjs.org/mpath set size:undefined disposed:false
298 silly fetch manifest mongodb@~7.5
299 silly packumentCache full:https://registry.npmjs.org/mongodb cache-miss
300 http fetch GET 200 https://registry.npmjs.org/sift 131ms (cache miss)
301 silly packumentCache full:https://registry.npmjs.org/sift set size:undefined disposed:false
302 silly fetch manifest @standard-schema/spec@^1.1.0
303 silly packumentCache full:https://registry.npmjs.org/@standard-schema%2fspec cache-miss
304 http fetch GET 200 https://registry.npmjs.org/mquery 120ms (cache miss)
305 silly packumentCache full:https://registry.npmjs.org/mquery set size:undefined disposed:false
306 silly fetch manifest busboy@1.6.0
307 silly packumentCache full:https://registry.npmjs.org/busboy cache-miss
308 http fetch GET 200 https://registry.npmjs.org/@standard-schema%2fspec 120ms (cache miss)
309 silly packumentCache full:https://registry.npmjs.org/@standard-schema%2fspec set size:undefined disposed:false
310 silly fetch manifest postcss@8.4.31
311 silly packumentCache full:https://registry.npmjs.org/postcss cache-miss
312 http cache https://registry.npmjs.org/postcss 7ms (cache hit)
313 silly packumentCache full:https://registry.npmjs.org/postcss set size:760024 disposed:false
314 silly fetch manifest @next/env@14.2.35
315 silly packumentCache full:https://registry.npmjs.org/@next%2fenv cache-miss
316 http fetch GET 200 https://registry.npmjs.org/busboy 102ms (cache miss)
317 silly packumentCache full:https://registry.npmjs.org/busboy set size:undefined disposed:false
318 silly fetch manifest styled-jsx@5.1.1
319 silly packumentCache full:https://registry.npmjs.org/styled-jsx cache-miss
320 http fetch GET 200 https://registry.npmjs.org/ms 338ms (cache miss)
321 silly packumentCache full:https://registry.npmjs.org/ms set size:undefined disposed:false
322 silly fetch manifest graceful-fs@^4.2.11
323 silly packumentCache full:https://registry.npmjs.org/graceful-fs cache-miss
324 http fetch GET 200 https://registry.npmjs.org/kareem 382ms (cache miss)
325 silly packumentCache full:https://registry.npmjs.org/kareem set size:undefined disposed:false
326 silly fetch manifest @swc/helpers@0.5.5
327 silly packumentCache full:https://registry.npmjs.org/@swc%2fhelpers cache-miss
328 http fetch GET 200 https://registry.npmjs.org/eslint-plugin-react-hooks 716ms (cache miss)
329 silly packumentCache full:https://registry.npmjs.org/eslint-plugin-react-hooks set size:undefined disposed:false
330 silly fetch manifest caniuse-lite@^1.0.30001579
331 silly packumentCache full:https://registry.npmjs.org/caniuse-lite cache-miss
332 http fetch GET 200 https://registry.npmjs.org/@next%2feslint-plugin-next 820ms (cache miss)
333 silly packumentCache full:https://registry.npmjs.org/@next%2feslint-plugin-next set size:undefined disposed:false
334 silly fetch manifest @next/swc-darwin-x64@14.2.33
335 silly packumentCache full:https://registry.npmjs.org/@next%2fswc-darwin-x64 cache-miss
336 http fetch GET 200 https://registry.npmjs.org/@typescript-eslint%2fparser 934ms (cache miss)
337 silly packumentCache full:https://registry.npmjs.org/@typescript-eslint%2fparser set size:undefined disposed:false
338 silly fetch manifest @next/swc-darwin-arm64@14.2.33
339 silly packumentCache full:https://registry.npmjs.org/@next%2fswc-darwin-arm64 cache-miss
340 http fetch GET 200 https://registry.npmjs.org/graceful-fs 383ms (cache miss)
341 silly packumentCache full:https://registry.npmjs.org/graceful-fs set size:undefined disposed:false
342 silly fetch manifest @next/swc-linux-x64-gnu@14.2.33
343 silly packumentCache full:https://registry.npmjs.org/@next%2fswc-linux-x64-gnu cache-miss
344 http fetch GET 200 https://registry.npmjs.org/styled-jsx 409ms (cache miss)
345 silly packumentCache full:https://registry.npmjs.org/styled-jsx set size:undefined disposed:false
346 silly fetch manifest @next/swc-linux-x64-musl@14.2.33
347 silly packumentCache full:https://registry.npmjs.org/@next%2fswc-linux-x64-musl cache-miss
348 http fetch GET 200 https://registry.npmjs.org/caniuse-lite 213ms (cache miss)
349 silly packumentCache full:https://registry.npmjs.org/caniuse-lite set size:undefined disposed:false
350 silly fetch manifest @next/swc-win32-x64-msvc@14.2.33
351 silly packumentCache full:https://registry.npmjs.org/@next%2fswc-win32-x64-msvc cache-miss
352 http fetch GET 200 https://registry.npmjs.org/mongodb 597ms (cache miss)
353 silly packumentCache full:https://registry.npmjs.org/mongodb set size:undefined disposed:false
354 silly fetch manifest @next/swc-linux-arm64-gnu@14.2.33
355 silly packumentCache full:https://registry.npmjs.org/@next%2fswc-linux-arm64-gnu cache-miss
356 http fetch GET 200 https://registry.npmjs.org/@swc%2fhelpers 351ms (cache miss)
357 silly packumentCache full:https://registry.npmjs.org/@swc%2fhelpers set size:undefined disposed:false
358 silly fetch manifest @next/swc-win32-ia32-msvc@14.2.33
359 silly packumentCache full:https://registry.npmjs.org/@next%2fswc-win32-ia32-msvc cache-miss
360 http fetch GET 200 https://registry.npmjs.org/@next%2fenv 639ms (cache miss)
361 silly packumentCache full:https://registry.npmjs.org/@next%2fenv set size:undefined disposed:false
362 silly fetch manifest @next/swc-linux-arm64-musl@14.2.33
363 silly packumentCache full:https://registry.npmjs.org/@next%2fswc-linux-arm64-musl cache-miss
364 http fetch GET 200 https://registry.npmjs.org/@next%2fswc-darwin-arm64 938ms (cache miss)
365 silly packumentCache full:https://registry.npmjs.org/@next%2fswc-darwin-arm64 set size:undefined disposed:false
366 silly fetch manifest @next/swc-win32-arm64-msvc@14.2.33
367 silly packumentCache full:https://registry.npmjs.org/@next%2fswc-win32-arm64-msvc cache-miss
368 http fetch GET 200 https://registry.npmjs.org/@next%2fswc-darwin-x64 1144ms (cache miss)
369 silly packumentCache full:https://registry.npmjs.org/@next%2fswc-darwin-x64 set size:undefined disposed:false
370 silly fetch manifest scheduler@^0.23.2
371 silly packumentCache full:https://registry.npmjs.org/scheduler cache-miss
372 http fetch GET 200 https://registry.npmjs.org/@next%2fswc-linux-arm64-musl 763ms (cache miss)
373 silly packumentCache full:https://registry.npmjs.org/@next%2fswc-linux-arm64-musl set size:undefined disposed:false
374 silly fetch manifest nanoid@^3.3.17
375 silly packumentCache full:https://registry.npmjs.org/nanoid cache-miss
376 http fetch GET 200 https://registry.npmjs.org/@next%2fswc-win32-x64-msvc 1385ms (cache miss)
377 silly packumentCache full:https://registry.npmjs.org/@next%2fswc-win32-x64-msvc set size:undefined disposed:false
378 silly fetch manifest picocolors@^1.1.1
379 silly packumentCache full:https://registry.npmjs.org/picocolors cache-miss
380 http fetch GET 200 https://registry.npmjs.org/nanoid 409ms (cache miss)
381 silly packumentCache full:https://registry.npmjs.org/nanoid set size:undefined disposed:false
382 silly fetch manifest source-map-js@^1.2.1
383 silly packumentCache full:https://registry.npmjs.org/source-map-js cache-miss
384 http fetch GET 200 https://registry.npmjs.org/@typescript-eslint%2feslint-plugin 2350ms (cache miss)
385 silly packumentCache full:https://registry.npmjs.org/@typescript-eslint%2feslint-plugin set size:undefined disposed:false
386 silly fetch manifest arg@^5.0.2
387 silly packumentCache full:https://registry.npmjs.org/arg cache-miss
388 http fetch GET 200 https://registry.npmjs.org/@next%2fswc-linux-x64-gnu 1496ms (cache miss)
389 silly packumentCache full:https://registry.npmjs.org/@next%2fswc-linux-x64-gnu set size:undefined disposed:false
390 silly fetch manifest dlv@^1.1.3
391 silly packumentCache full:https://registry.npmjs.org/dlv cache-miss
392 http fetch GET 200 https://registry.npmjs.org/@next%2fswc-win32-ia32-msvc 1420ms (cache miss)
393 silly packumentCache full:https://registry.npmjs.org/@next%2fswc-win32-ia32-msvc set size:undefined disposed:false
394 silly fetch manifest jiti@^1.21.7
395 silly packumentCache full:https://registry.npmjs.org/jiti cache-miss
396 http fetch GET 200 https://registry.npmjs.org/picocolors 105ms (cache miss)
397 silly packumentCache full:https://registry.npmjs.org/picocolors set size:undefined disposed:false
398 silly fetch manifest is-glob@^4.0.3
399 silly packumentCache full:https://registry.npmjs.org/is-glob cache-miss
400 http fetch GET 200 https://registry.npmjs.org/source-map-js 95ms (cache miss)
401 silly packumentCache full:https://registry.npmjs.org/source-map-js set size:undefined disposed:false
402 silly fetch manifest resolve@^1.22.8
403 silly packumentCache full:https://registry.npmjs.org/resolve cache-miss
404 http cache https://registry.npmjs.org/is-glob 5ms (cache hit)
405 silly packumentCache full:https://registry.npmjs.org/is-glob set size:40530 disposed:false
406 silly fetch manifest sucrase@^3.35.0
407 silly packumentCache full:https://registry.npmjs.org/sucrase cache-miss
408 http fetch GET 200 https://registry.npmjs.org/@next%2fswc-linux-arm64-gnu 1514ms (cache miss)
409 silly packumentCache full:https://registry.npmjs.org/@next%2fswc-linux-arm64-gnu set size:undefined disposed:false
410 silly fetch manifest chokidar@^3.6.0
411 silly packumentCache full:https://registry.npmjs.org/chokidar cache-miss
412 http fetch GET 200 https://registry.npmjs.org/scheduler 574ms (cache miss)
413 silly packumentCache full:https://registry.npmjs.org/scheduler set size:undefined disposed:false
414 silly fetch manifest fast-glob@^3.3.2
415 silly packumentCache full:https://registry.npmjs.org/fast-glob cache-miss
416 http fetch GET 200 https://registry.npmjs.org/dlv 91ms (cache miss)
417 silly packumentCache full:https://registry.npmjs.org/dlv set size:undefined disposed:false
418 silly fetch manifest lilconfig@^3.1.3
419 silly packumentCache full:https://registry.npmjs.org/lilconfig cache-miss
420 http fetch GET 200 https://registry.npmjs.org/@next%2fswc-linux-x64-musl 1617ms (cache miss)
421 silly packumentCache full:https://registry.npmjs.org/@next%2fswc-linux-x64-musl set size:undefined disposed:false
422 silly fetch manifest didyoumean@^1.2.2
423 silly packumentCache full:https://registry.npmjs.org/didyoumean cache-miss
424 http fetch GET 200 https://registry.npmjs.org/resolve 129ms (cache miss)
425 silly packumentCache full:https://registry.npmjs.org/resolve set size:undefined disposed:false
426 silly fetch manifest micromatch@^4.0.8
427 silly packumentCache full:https://registry.npmjs.org/micromatch cache-miss
428 http fetch GET 200 https://registry.npmjs.org/chokidar 103ms (cache miss)
429 silly packumentCache full:https://registry.npmjs.org/chokidar set size:undefined disposed:false
430 silly fetch manifest postcss-js@^4.0.1
431 silly packumentCache full:https://registry.npmjs.org/postcss-js cache-miss
432 http fetch GET 200 https://registry.npmjs.org/jiti 149ms (cache miss)
433 silly packumentCache full:https://registry.npmjs.org/jiti set size:undefined disposed:false
434 silly fetch manifest object-hash@^3.0.0
435 silly packumentCache full:https://registry.npmjs.org/object-hash cache-miss
436 http fetch GET 200 https://registry.npmjs.org/fast-glob 101ms (cache miss)
437 silly packumentCache full:https://registry.npmjs.org/fast-glob set size:undefined disposed:false
438 silly fetch manifest normalize-path@^3.0.0
439 silly packumentCache full:https://registry.npmjs.org/normalize-path cache-miss
440 http fetch GET 200 https://registry.npmjs.org/@next%2fswc-win32-arm64-msvc 752ms (cache miss)
441 silly packumentCache full:https://registry.npmjs.org/@next%2fswc-win32-arm64-msvc set size:undefined disposed:false
442 silly fetch manifest postcss-import@^15.1.0
443 silly packumentCache full:https://registry.npmjs.org/postcss-import cache-miss
444 http fetch GET 200 https://registry.npmjs.org/didyoumean 97ms (cache miss)
445 silly packumentCache full:https://registry.npmjs.org/didyoumean set size:undefined disposed:false
446 silly fetch manifest postcss-nested@^6.2.0
447 silly packumentCache full:https://registry.npmjs.org/postcss-nested cache-miss
448 http fetch GET 200 https://registry.npmjs.org/micromatch 90ms (cache miss)
449 silly packumentCache full:https://registry.npmjs.org/micromatch set size:undefined disposed:false
450 silly fetch manifest @alloc/quick-lru@^5.2.0
451 silly packumentCache full:https://registry.npmjs.org/@alloc%2fquick-lru cache-miss
452 http fetch GET 200 https://registry.npmjs.org/postcss-js 90ms (cache miss)
453 silly packumentCache full:https://registry.npmjs.org/postcss-js set size:undefined disposed:false
454 silly fetch manifest postcss-load-config@^4.0.2 || ^5.0 || ^6.0
455 silly packumentCache full:https://registry.npmjs.org/postcss-load-config cache-miss
456 http fetch GET 200 https://registry.npmjs.org/normalize-path 86ms (cache miss)
457 silly packumentCache full:https://registry.npmjs.org/normalize-path set size:undefined disposed:false
458 silly fetch manifest postcss-selector-parser@^6.1.2
459 silly packumentCache full:https://registry.npmjs.org/postcss-selector-parser cache-miss
460 http fetch GET 200 https://registry.npmjs.org/postcss-import 93ms (cache miss)
461 silly packumentCache full:https://registry.npmjs.org/postcss-import set size:undefined disposed:false
462 http fetch GET 200 https://registry.npmjs.org/postcss-nested 106ms (cache miss)
463 silly packumentCache full:https://registry.npmjs.org/postcss-nested set size:undefined disposed:false
464 http fetch GET 200 https://registry.npmjs.org/arg 375ms (cache miss)
465 silly packumentCache full:https://registry.npmjs.org/arg set size:undefined disposed:false
466 http fetch GET 200 https://registry.npmjs.org/postcss-load-config 106ms (cache miss)
467 silly packumentCache full:https://registry.npmjs.org/postcss-load-config set size:undefined disposed:false
468 http fetch GET 200 https://registry.npmjs.org/postcss-selector-parser 96ms (cache miss)
469 silly packumentCache full:https://registry.npmjs.org/postcss-selector-parser set size:undefined disposed:false
470 http fetch GET 200 https://registry.npmjs.org/sucrase 359ms (cache miss)
471 silly packumentCache full:https://registry.npmjs.org/sucrase set size:undefined disposed:false
472 http fetch GET 200 https://registry.npmjs.org/lilconfig 332ms (cache miss)
473 silly packumentCache full:https://registry.npmjs.org/lilconfig set size:undefined disposed:false
474 http fetch GET 200 https://registry.npmjs.org/object-hash 351ms (cache miss)
475 silly packumentCache full:https://registry.npmjs.org/object-hash set size:undefined disposed:false
476 http fetch GET 200 https://registry.npmjs.org/@alloc%2fquick-lru 336ms (cache miss)
477 silly packumentCache full:https://registry.npmjs.org/@alloc%2fquick-lru set size:undefined disposed:false
478 silly fetch manifest eslint@^6.0.0 || ^7.0.0 || >=8.0.0
479 silly packumentCache full:https://registry.npmjs.org/eslint cache-miss
480 http cache https://registry.npmjs.org/eslint 12ms (cache hit)
481 silly packumentCache full:https://registry.npmjs.org/eslint set size:2070000 disposed:false
482 silly fetch manifest jiti@*
483 silly packumentCache full:https://registry.npmjs.org/jiti cache-miss
484 http cache https://registry.npmjs.org/jiti 2ms (cache hit)
485 silly packumentCache full:https://registry.npmjs.org/jiti set size:387989 disposed:false
486 silly placeDep ROOT @eslint-community/eslint-utils@4.10.1 OK for: eslint@8.57.1 want: ^4.2.0
487 silly placeDep ROOT @eslint-community/regexpp@4.12.2 OK for: eslint@8.57.1 want: ^4.6.1
488 silly placeDep ROOT @eslint/eslintrc@2.1.4 OK for: eslint@8.57.1 want: ^2.1.4
489 silly placeDep ROOT @eslint/js@8.57.1 OK for: eslint@8.57.1 want: 8.57.1
490 silly placeDep ROOT @humanwhocodes/config-array@0.13.0 OK for: eslint@8.57.1 want: ^0.13.0
491 silly placeDep ROOT @humanwhocodes/module-importer@1.0.1 OK for: eslint@8.57.1 want: ^1.0.1
492 silly placeDep ROOT @nodelib/fs.walk@1.2.8 OK for: eslint@8.57.1 want: ^1.2.8
493 silly placeDep ROOT @ungap/structured-clone@1.4.0 OK for: eslint@8.57.1 want: ^1.2.0
494 silly placeDep ROOT ajv@6.15.0 OK for: eslint@8.57.1 want: ^6.12.4
495 silly placeDep ROOT chalk@4.1.2 OK for: eslint@8.57.1 want: ^4.0.0
496 silly placeDep ROOT cross-spawn@7.0.6 OK for: eslint@8.57.1 want: ^7.0.2
497 silly placeDep ROOT debug@4.4.3 OK for: eslint@8.57.1 want: ^4.3.2
498 silly placeDep ROOT doctrine@3.0.0 OK for: eslint@8.57.1 want: ^3.0.0
499 silly placeDep ROOT escape-string-regexp@4.0.0 OK for: eslint@8.57.1 want: ^4.0.0
500 silly placeDep ROOT eslint-scope@7.2.2 OK for: eslint@8.57.1 want: ^7.2.2
501 silly placeDep ROOT eslint-visitor-keys@3.4.3 OK for: eslint@8.57.1 want: ^3.4.3
502 silly placeDep ROOT espree@9.6.1 OK for: eslint@8.57.1 want: ^9.6.1
503 silly placeDep ROOT esquery@1.7.0 OK for: eslint@8.57.1 want: ^1.4.2
504 silly placeDep ROOT esutils@2.0.3 OK for: eslint@8.57.1 want: ^2.0.2
505 silly placeDep ROOT fast-deep-equal@3.1.3 OK for: eslint@8.57.1 want: ^3.1.3
506 silly placeDep ROOT file-entry-cache@6.0.1 OK for: eslint@8.57.1 want: ^6.0.1
507 silly placeDep ROOT find-up@5.0.0 OK for: eslint@8.57.1 want: ^5.0.0
508 silly placeDep ROOT glob-parent@6.0.2 OK for: eslint@8.57.1 want: ^6.0.2
509 silly placeDep ROOT globals@13.24.0 OK for: eslint@8.57.1 want: ^13.19.0
510 silly placeDep ROOT graphemer@1.4.0 OK for: eslint@8.57.1 want: ^1.4.0
511 silly placeDep ROOT ignore@5.3.2 OK for: eslint@8.57.1 want: ^5.2.0
512 silly placeDep ROOT imurmurhash@0.1.4 OK for: eslint@8.57.1 want: ^0.1.4
513 silly placeDep ROOT is-glob@4.0.3 OK for: eslint@8.57.1 want: ^4.0.0
514 silly placeDep ROOT is-path-inside@3.0.3 OK for: eslint@8.57.1 want: ^3.0.3
515 silly placeDep ROOT js-yaml@4.3.2 OK for: eslint@8.57.1 want: ^4.1.0
516 silly placeDep ROOT json-stable-stringify-without-jsonify@1.0.1 OK for: eslint@8.57.1 want: ^1.0.1
517 silly placeDep ROOT levn@0.4.1 OK for: eslint@8.57.1 want: ^0.4.1
518 silly placeDep ROOT lodash.merge@4.6.2 OK for: eslint@8.57.1 want: ^4.6.2
519 silly placeDep ROOT minimatch@3.1.5 OK for: eslint@8.57.1 want: ^3.1.2
520 silly placeDep ROOT natural-compare@1.4.0 OK for: eslint@8.57.1 want: ^1.4.0
521 silly placeDep ROOT optionator@0.9.4 OK for: eslint@8.57.1 want: ^0.9.3
522 silly placeDep ROOT strip-ansi@6.0.1 OK for: eslint@8.57.1 want: ^6.0.1
523 silly placeDep ROOT text-table@0.2.0 OK for: eslint@8.57.1 want: ^0.2.0
524 silly fetch manifest espree@^9.6.0
525 silly packumentCache full:https://registry.npmjs.org/espree cache-miss
526 silly fetch manifest import-fresh@^3.2.1
527 silly packumentCache full:https://registry.npmjs.org/import-fresh cache-miss
528 silly fetch manifest strip-json-comments@^3.1.1
529 silly packumentCache full:https://registry.npmjs.org/strip-json-comments cache-miss
530 silly fetch manifest debug@^4.3.1
531 silly packumentCache full:https://registry.npmjs.org/debug cache-miss
532 silly fetch manifest minimatch@^3.0.5
533 silly packumentCache full:https://registry.npmjs.org/minimatch cache-miss
534 silly fetch manifest @humanwhocodes/object-schema@^2.0.3
535 silly packumentCache full:https://registry.npmjs.org/@humanwhocodes%2fobject-schema cache-miss
536 silly fetch manifest fastq@^1.6.0
537 silly packumentCache full:https://registry.npmjs.org/fastq cache-miss
538 silly fetch manifest @nodelib/fs.scandir@2.1.5
539 silly packumentCache full:https://registry.npmjs.org/@nodelib%2ffs.scandir cache-miss
540 silly fetch manifest uri-js@^4.2.2
541 silly packumentCache full:https://registry.npmjs.org/uri-js cache-miss
542 http cache https://registry.npmjs.org/debug 4ms (cache hit)
543 silly packumentCache full:https://registry.npmjs.org/debug set size:195840 disposed:false
544 silly fetch manifest fast-deep-equal@^3.1.1
545 silly packumentCache full:https://registry.npmjs.org/fast-deep-equal cache-miss
546 http cache https://registry.npmjs.org/minimatch 6ms (cache hit)
547 silly packumentCache full:https://registry.npmjs.org/minimatch set size:377924 disposed:false
548 silly fetch manifest json-schema-traverse@^0.4.1
549 silly packumentCache full:https://registry.npmjs.org/json-schema-traverse cache-miss
550 http cache https://registry.npmjs.org/espree 9ms (cache hit)
551 silly packumentCache full:https://registry.npmjs.org/espree set size:326080 disposed:false
552 silly fetch manifest fast-json-stable-stringify@^2.0.0
553 silly packumentCache full:https://registry.npmjs.org/fast-json-stable-stringify cache-miss
554 http cache https://registry.npmjs.org/fast-deep-equal 6ms (cache hit)
555 silly packumentCache full:https://registry.npmjs.org/fast-deep-equal set size:48634 disposed:false
556 silly fetch manifest ansi-styles@^4.1.0
557 silly packumentCache full:https://registry.npmjs.org/ansi-styles cache-miss
558 http fetch GET 200 https://registry.npmjs.org/import-fresh 88ms (cache miss)
559 silly packumentCache full:https://registry.npmjs.org/import-fresh set size:undefined disposed:false
560 silly fetch manifest supports-color@^7.1.0
561 silly packumentCache full:https://registry.npmjs.org/supports-color cache-miss
562 http fetch GET 200 https://registry.npmjs.org/uri-js 90ms (cache miss)
563 silly packumentCache full:https://registry.npmjs.org/uri-js set size:undefined disposed:false
564 silly fetch manifest which@^2.0.1
565 silly packumentCache full:https://registry.npmjs.org/which cache-miss
566 http fetch GET 200 https://registry.npmjs.org/json-schema-traverse 85ms (cache miss)
567 silly packumentCache full:https://registry.npmjs.org/json-schema-traverse set size:undefined disposed:false
568 silly fetch manifest path-key@^3.1.0
569 silly packumentCache full:https://registry.npmjs.org/path-key cache-miss
570 http fetch GET 200 https://registry.npmjs.org/fast-json-stable-stringify 88ms (cache miss)
571 silly packumentCache full:https://registry.npmjs.org/fast-json-stable-stringify set size:undefined disposed:false
572 silly fetch manifest shebang-command@^2.0.0
573 silly packumentCache full:https://registry.npmjs.org/shebang-command cache-miss
574 http fetch GET 200 https://registry.npmjs.org/fastq 103ms (cache miss)
575 silly packumentCache full:https://registry.npmjs.org/fastq set size:undefined disposed:false
576 silly fetch manifest ms@^2.1.3
577 silly packumentCache full:https://registry.npmjs.org/ms cache-miss
578 http fetch GET 200 https://registry.npmjs.org/ansi-styles 92ms (cache miss)
579 silly packumentCache full:https://registry.npmjs.org/ansi-styles set size:undefined disposed:false
580 silly fetch manifest esrecurse@^4.3.0
581 silly packumentCache full:https://registry.npmjs.org/esrecurse cache-miss
582 http cache https://registry.npmjs.org/ms 2ms (cache hit)
583 silly packumentCache full:https://registry.npmjs.org/ms set size:92208 disposed:false
584 silly fetch manifest estraverse@^5.2.0
585 silly packumentCache full:https://registry.npmjs.org/estraverse cache-miss
586 http fetch GET 200 https://registry.npmjs.org/path-key 95ms (cache miss)
587 silly packumentCache full:https://registry.npmjs.org/path-key set size:undefined disposed:false
588 silly fetch manifest acorn@^8.9.0
589 silly packumentCache full:https://registry.npmjs.org/acorn cache-miss
590 http fetch GET 200 https://registry.npmjs.org/supports-color 100ms (cache miss)
591 silly packumentCache full:https://registry.npmjs.org/supports-color set size:undefined disposed:false
592 silly fetch manifest acorn-jsx@^5.3.2
593 silly packumentCache full:https://registry.npmjs.org/acorn-jsx cache-miss
594 http fetch GET 200 https://registry.npmjs.org/estraverse 95ms (cache miss)
595 silly packumentCache full:https://registry.npmjs.org/estraverse set size:undefined disposed:false
596 silly fetch manifest estraverse@^5.1.0
597 silly packumentCache full:https://registry.npmjs.org/estraverse cache-miss
598 http cache https://registry.npmjs.org/estraverse 1ms (cache hit)
599 silly packumentCache full:https://registry.npmjs.org/estraverse set size:62412 disposed:false
600 silly fetch manifest flat-cache@^3.0.4
601 silly packumentCache full:https://registry.npmjs.org/flat-cache cache-miss
602 http fetch GET 200 https://registry.npmjs.org/acorn-jsx 93ms (cache miss)
603 silly packumentCache full:https://registry.npmjs.org/acorn-jsx set size:undefined disposed:false
604 silly fetch manifest locate-path@^6.0.0
605 silly packumentCache full:https://registry.npmjs.org/locate-path cache-miss
606 http fetch GET 200 https://registry.npmjs.org/acorn 108ms (cache miss)
607 silly packumentCache full:https://registry.npmjs.org/acorn set size:undefined disposed:false
608 silly fetch manifest path-exists@^4.0.0
609 silly packumentCache full:https://registry.npmjs.org/path-exists cache-miss
610 http fetch GET 200 https://registry.npmjs.org/@nodelib%2ffs.scandir 304ms (cache miss)
611 silly packumentCache full:https://registry.npmjs.org/@nodelib%2ffs.scandir set size:undefined disposed:false
612 silly fetch manifest type-fest@^0.20.2
613 silly packumentCache full:https://registry.npmjs.org/type-fest cache-miss
614 http fetch GET 200 https://registry.npmjs.org/flat-cache 106ms (cache miss)
615 silly packumentCache full:https://registry.npmjs.org/flat-cache set size:undefined disposed:false
616 silly fetch manifest is-extglob@^2.1.1
617 silly packumentCache full:https://registry.npmjs.org/is-extglob cache-miss
618 http fetch GET 200 https://registry.npmjs.org/strip-json-comments 333ms (cache miss)
619 silly packumentCache full:https://registry.npmjs.org/strip-json-comments set size:undefined disposed:false
620 silly fetch manifest argparse@^2.0.1
621 silly packumentCache full:https://registry.npmjs.org/argparse cache-miss
622 http fetch GET 200 https://registry.npmjs.org/@humanwhocodes%2fobject-schema 344ms (cache miss)
623 silly packumentCache full:https://registry.npmjs.org/@humanwhocodes%2fobject-schema set size:undefined disposed:false
624 silly fetch manifest prelude-ls@^1.2.1
625 silly packumentCache full:https://registry.npmjs.org/prelude-ls cache-miss
626 http fetch GET 200 https://registry.npmjs.org/locate-path 96ms (cache miss)
627 silly packumentCache full:https://registry.npmjs.org/locate-path set size:undefined disposed:false
628 silly fetch manifest type-check@~0.4.0
629 silly packumentCache full:https://registry.npmjs.org/type-check cache-miss
630 http fetch GET 200 https://registry.npmjs.org/argparse 97ms (cache miss)
631 silly packumentCache full:https://registry.npmjs.org/argparse set size:undefined disposed:false
632 silly fetch manifest brace-expansion@^1.1.7
633 silly packumentCache full:https://registry.npmjs.org/brace-expansion cache-miss
634 http fetch GET 200 https://registry.npmjs.org/esrecurse 329ms (cache miss)
635 silly packumentCache full:https://registry.npmjs.org/esrecurse set size:undefined disposed:false
636 silly fetch manifest prelude-ls@^1.2.1
637 silly packumentCache full:https://registry.npmjs.org/prelude-ls cache-miss
638 http fetch GET 200 https://registry.npmjs.org/type-fest 134ms (cache miss)
639 silly packumentCache full:https://registry.npmjs.org/type-fest set size:undefined disposed:false
640 silly fetch manifest deep-is@^0.1.3
641 silly packumentCache full:https://registry.npmjs.org/deep-is cache-miss
642 http fetch GET 200 https://registry.npmjs.org/shebang-command 346ms (cache miss)
643 silly packumentCache full:https://registry.npmjs.org/shebang-command set size:undefined disposed:false
644 silly fetch manifest word-wrap@^1.2.5
645 silly packumentCache full:https://registry.npmjs.org/word-wrap cache-miss
646 http fetch GET 200 https://registry.npmjs.org/prelude-ls 110ms (cache miss)
647 silly packumentCache full:https://registry.npmjs.org/prelude-ls set size:undefined disposed:false
648 silly fetch manifest type-check@^0.4.0
649 silly packumentCache full:https://registry.npmjs.org/type-check cache-miss
650 http fetch GET 200 https://registry.npmjs.org/which 369ms (cache miss)
651 silly packumentCache full:https://registry.npmjs.org/which set size:undefined disposed:false
652 silly fetch manifest fast-levenshtein@^2.0.6
653 silly packumentCache full:https://registry.npmjs.org/fast-levenshtein cache-miss
654 http fetch GET 200 https://registry.npmjs.org/type-check 83ms (cache miss)
655 silly packumentCache full:https://registry.npmjs.org/type-check set size:undefined disposed:false
656 silly fetch manifest ansi-regex@^5.0.1
657 silly packumentCache full:https://registry.npmjs.org/ansi-regex cache-miss
658 http fetch GET 200 https://registry.npmjs.org/prelude-ls 89ms (cache miss)
659 silly packumentCache full:https://registry.npmjs.org/prelude-ls set size:undefined disposed:false
660 http fetch GET 200 https://registry.npmjs.org/deep-is 83ms (cache miss)
661 silly packumentCache full:https://registry.npmjs.org/deep-is set size:undefined disposed:false
662 http fetch GET 200 https://registry.npmjs.org/word-wrap 87ms (cache miss)
663 silly packumentCache full:https://registry.npmjs.org/word-wrap set size:undefined disposed:false
664 http fetch GET 200 https://registry.npmjs.org/fast-levenshtein 90ms (cache miss)
665 silly packumentCache full:https://registry.npmjs.org/fast-levenshtein set size:undefined disposed:false
666 http fetch GET 200 https://registry.npmjs.org/type-check 109ms (cache miss)
667 silly packumentCache full:https://registry.npmjs.org/type-check set size:undefined disposed:false
668 http fetch GET 200 https://registry.npmjs.org/path-exists 333ms (cache miss)
669 silly packumentCache full:https://registry.npmjs.org/path-exists set size:undefined disposed:false
670 http fetch GET 200 https://registry.npmjs.org/is-extglob 334ms (cache miss)
671 silly packumentCache full:https://registry.npmjs.org/is-extglob set size:undefined disposed:false
672 http fetch GET 200 https://registry.npmjs.org/brace-expansion 358ms (cache miss)
673 silly packumentCache full:https://registry.npmjs.org/brace-expansion set size:undefined disposed:false
674 http fetch GET 200 https://registry.npmjs.org/ansi-regex 331ms (cache miss)
675 silly packumentCache full:https://registry.npmjs.org/ansi-regex set size:undefined disposed:false
676 silly placeDep ROOT import-fresh@3.3.1 OK for: @eslint/eslintrc@2.1.4 want: ^3.2.1
677 silly placeDep ROOT strip-json-comments@3.1.1 OK for: @eslint/eslintrc@2.1.4 want: ^3.1.1
678 silly fetch manifest resolve-from@^4.0.0
679 silly packumentCache full:https://registry.npmjs.org/resolve-from cache-miss
680 silly fetch manifest parent-module@^1.0.0
681 silly packumentCache full:https://registry.npmjs.org/parent-module cache-miss
682 http fetch GET 200 https://registry.npmjs.org/parent-module 87ms (cache miss)
683 silly packumentCache full:https://registry.npmjs.org/parent-module set size:undefined disposed:false
684 http fetch GET 200 https://registry.npmjs.org/resolve-from 339ms (cache miss)
685 silly packumentCache full:https://registry.npmjs.org/resolve-from set size:undefined disposed:false
686 silly placeDep ROOT @humanwhocodes/object-schema@2.0.3 OK for: @humanwhocodes/config-array@0.13.0 want: ^2.0.3
687 silly placeDep ROOT @nodelib/fs.scandir@2.1.5 OK for: @nodelib/fs.walk@1.2.8 want: 2.1.5
688 silly placeDep ROOT fastq@1.20.3 OK for: @nodelib/fs.walk@1.2.8 want: ^1.6.0
689 silly fetch manifest run-parallel@^1.1.9
690 silly packumentCache full:https://registry.npmjs.org/run-parallel cache-miss
691 silly fetch manifest @nodelib/fs.stat@2.0.5
692 silly packumentCache full:https://registry.npmjs.org/@nodelib%2ffs.stat cache-miss
693 silly fetch manifest reusify@^1.0.4
694 silly packumentCache full:https://registry.npmjs.org/reusify cache-miss
695 http fetch GET 200 https://registry.npmjs.org/run-parallel 93ms (cache miss)
696 silly packumentCache full:https://registry.npmjs.org/run-parallel set size:undefined disposed:false
697 http fetch GET 200 https://registry.npmjs.org/reusify 113ms (cache miss)
698 silly packumentCache full:https://registry.npmjs.org/reusify set size:undefined disposed:false
699 http fetch GET 200 https://registry.npmjs.org/@nodelib%2ffs.stat 347ms (cache miss)
700 silly packumentCache full:https://registry.npmjs.org/@nodelib%2ffs.stat set size:undefined disposed:false
701 silly placeDep ROOT @nodelib/fs.stat@2.0.5 OK for: @nodelib/fs.scandir@2.1.5 want: 2.0.5
702 silly placeDep ROOT run-parallel@1.2.0 OK for: @nodelib/fs.scandir@2.1.5 want: ^1.1.9
703 silly fetch manifest queue-microtask@^1.2.2
704 silly packumentCache full:https://registry.npmjs.org/queue-microtask cache-miss
705 http fetch GET 200 https://registry.npmjs.org/queue-microtask 86ms (cache miss)
706 silly packumentCache full:https://registry.npmjs.org/queue-microtask set size:undefined disposed:false
707 silly placeDep ROOT fast-json-stable-stringify@2.1.0 OK for: ajv@6.15.0 want: ^2.0.0
708 silly placeDep ROOT json-schema-traverse@0.4.1 OK for: ajv@6.15.0 want: ^0.4.1
709 silly placeDep ROOT uri-js@4.4.1 OK for: ajv@6.15.0 want: ^4.2.2
710 silly fetch manifest punycode@^2.1.0
711 silly packumentCache full:https://registry.npmjs.org/punycode cache-miss
712 http fetch GET 200 https://registry.npmjs.org/punycode 96ms (cache miss)
713 silly packumentCache full:https://registry.npmjs.org/punycode set size:undefined disposed:false
714 silly placeDep ROOT ansi-styles@4.3.0 OK for: chalk@4.1.2 want: ^4.1.0
715 silly placeDep ROOT supports-color@7.2.0 OK for: chalk@4.1.2 want: ^7.1.0
716 silly fetch manifest color-convert@^2.0.1
717 silly packumentCache full:https://registry.npmjs.org/color-convert cache-miss
718 silly fetch manifest has-flag@^4.0.0
719 silly packumentCache full:https://registry.npmjs.org/has-flag cache-miss
720 http fetch GET 200 https://registry.npmjs.org/has-flag 93ms (cache miss)
721 silly packumentCache full:https://registry.npmjs.org/has-flag set size:undefined disposed:false
722 http fetch GET 200 https://registry.npmjs.org/color-convert 108ms (cache miss)
723 silly packumentCache full:https://registry.npmjs.org/color-convert set size:undefined disposed:false
724 silly placeDep ROOT color-convert@2.0.1 OK for: ansi-styles@4.3.0 want: ^2.0.1
725 silly fetch manifest color-name@~1.1.4
726 silly packumentCache full:https://registry.npmjs.org/color-name cache-miss
727 http fetch GET 200 https://registry.npmjs.org/color-name 87ms (cache miss)
728 silly packumentCache full:https://registry.npmjs.org/color-name set size:undefined disposed:false
729 silly placeDep ROOT color-name@1.1.4 OK for: color-convert@2.0.1 want: ~1.1.4
730 silly placeDep ROOT path-key@3.1.1 OK for: cross-spawn@7.0.6 want: ^3.1.0
731 silly placeDep ROOT shebang-command@2.0.0 OK for: cross-spawn@7.0.6 want: ^2.0.0
732 silly placeDep ROOT which@2.0.2 OK for: cross-spawn@7.0.6 want: ^2.0.1
733 silly fetch manifest shebang-regex@^3.0.0
734 silly packumentCache full:https://registry.npmjs.org/shebang-regex cache-miss
735 silly fetch manifest isexe@^2.0.0
736 silly packumentCache full:https://registry.npmjs.org/isexe cache-miss
737 http fetch GET 200 https://registry.npmjs.org/shebang-regex 83ms (cache miss)
738 silly packumentCache full:https://registry.npmjs.org/shebang-regex set size:undefined disposed:false
739 http fetch GET 200 https://registry.npmjs.org/isexe 345ms (cache miss)
740 silly packumentCache full:https://registry.npmjs.org/isexe set size:undefined disposed:false
741 silly placeDep ROOT ms@2.1.3 OK for: debug@4.4.3 want: ^2.1.3
742 silly fetch manifest eslint@^7.23.0 || ^8.0.0
743 silly packumentCache full:https://registry.npmjs.org/eslint cache-miss
744 http cache https://registry.npmjs.org/eslint 6ms (cache hit)
745 silly packumentCache full:https://registry.npmjs.org/eslint set size:2070000 disposed:false
746 silly fetch manifest typescript@>=4.8.4 <6.1.0
747 silly packumentCache full:https://registry.npmjs.org/typescript cache-miss
748 http cache https://registry.npmjs.org/typescript 19ms (cache hit)
749 silly packumentCache full:https://registry.npmjs.org/typescript set size:15614421 disposed:false
750 silly fetch manifest eslint-plugin-import-x@*
751 silly packumentCache full:https://registry.npmjs.org/eslint-plugin-import-x cache-miss
752 http fetch GET 200 https://registry.npmjs.org/eslint-plugin-import-x 136ms (cache miss)
753 silly packumentCache full:https://registry.npmjs.org/eslint-plugin-import-x set size:undefined disposed:false
754 silly fetch manifest @typescript-eslint/utils@^8.56.0
755 silly packumentCache full:https://registry.npmjs.org/@typescript-eslint%2futils cache-miss
756 http fetch GET 200 https://registry.npmjs.org/@typescript-eslint%2futils 620ms (cache miss)
757 silly packumentCache full:https://registry.npmjs.org/@typescript-eslint%2futils set size:undefined disposed:false
758 silly placeDep ROOT @next/eslint-plugin-next@14.2.35 OK for: eslint-config-next@14.2.35 want: 14.2.35
759 silly placeDep ROOT @rushstack/eslint-patch@1.16.1 OK for: eslint-config-next@14.2.35 want: ^1.3.3
760 silly placeDep ROOT @typescript-eslint/eslint-plugin@8.68.0 OK for: eslint-config-next@14.2.35 want: ^5.4.2 || ^6.0.0 || ^7.0.0 || ^8.0.0
761 silly placeDep ROOT typescript@6.0.3 OK for: @typescript-eslint/eslint-plugin@8.68.0 want: >=4.8.4 <6.1.0
762 silly placeDep ROOT @typescript-eslint/parser@8.68.0 OK for: @typescript-eslint/eslint-plugin@8.68.0 want: ^8.68.0
763 silly placeDep ROOT eslint-import-resolver-node@0.3.10 OK for: eslint-config-next@14.2.35 want: ^0.3.6
764 silly placeDep ROOT eslint-import-resolver-typescript@3.10.1 OK for: eslint-config-next@14.2.35 want: ^3.5.2
765 silly placeDep ROOT eslint-plugin-import@2.32.0 OK for: eslint-config-next@14.2.35 want: ^2.28.1
766 silly placeDep ROOT eslint-plugin-jsx-a11y@6.10.2 OK for: eslint-config-next@14.2.35 want: ^6.7.1
767 silly placeDep ROOT eslint-plugin-react@7.37.5 OK for: eslint-config-next@14.2.35 want: ^7.33.2
768 silly placeDep ROOT eslint-plugin-react-hooks@5.0.0-canary-7118f5dd7-20230705 OK for: eslint-config-next@14.2.35 want: ^4.5.0 || 5.0.0-canary-7118f5dd7-20230705
769 silly fetch manifest glob@10.3.10
770 silly packumentCache full:https://registry.npmjs.org/glob cache-miss
771 silly fetch manifest ignore@^7.0.5
772 silly packumentCache full:https://registry.npmjs.org/ignore cache-miss
773 silly fetch manifest ts-api-utils@^2.5.0
774 silly packumentCache full:https://registry.npmjs.org/ts-api-utils cache-miss
775 silly fetch manifest @typescript-eslint/utils@8.68.0
776 silly packumentCache full:https://registry.npmjs.org/@typescript-eslint%2futils cache-miss
777 silly fetch manifest @typescript-eslint/type-utils@8.68.0
778 silly packumentCache full:https://registry.npmjs.org/@typescript-eslint%2ftype-utils cache-miss
779 silly fetch manifest @typescript-eslint/visitor-keys@8.68.0
780 silly packumentCache full:https://registry.npmjs.org/@typescript-eslint%2fvisitor-keys cache-miss
781 silly fetch manifest @typescript-eslint/scope-manager@8.68.0
782 silly packumentCache full:https://registry.npmjs.org/@typescript-eslint%2fscope-manager cache-miss
783 silly fetch manifest @typescript-eslint/types@8.68.0
784 silly packumentCache full:https://registry.npmjs.org/@typescript-eslint%2ftypes cache-miss
785 silly fetch manifest @typescript-eslint/visitor-keys@8.68.0
786 silly packumentCache full:https://registry.npmjs.org/@typescript-eslint%2fvisitor-keys cache-miss
787 http cache https://registry.npmjs.org/ignore 7ms (cache hit)
788 silly packumentCache full:https://registry.npmjs.org/ignore set size:244794 disposed:false
789 silly fetch manifest @typescript-eslint/scope-manager@8.68.0
790 silly packumentCache full:https://registry.npmjs.org/@typescript-eslint%2fscope-manager cache-miss
791 http cache https://registry.npmjs.org/@typescript-eslint%2futils 15ms (cache hit)
792 silly packumentCache full:https://registry.npmjs.org/@typescript-eslint%2futils set size:10812076 disposed:false
793 silly fetch manifest @typescript-eslint/typescript-estree@8.68.0
794 silly packumentCache full:https://registry.npmjs.org/@typescript-eslint%2ftypescript-estree cache-miss
795 http fetch GET 200 https://registry.npmjs.org/ts-api-utils 119ms (cache miss)
796 silly packumentCache full:https://registry.npmjs.org/ts-api-utils set size:undefined disposed:false
797 silly fetch manifest debug@^3.2.7
798 silly packumentCache full:https://registry.npmjs.org/debug cache-hit
799 silly fetch manifest resolve@^2.0.0-next.6
800 silly packumentCache full:https://registry.npmjs.org/resolve cache-miss
801 http cache https://registry.npmjs.org/resolve 1ms (cache hit)
802 silly packumentCache full:https://registry.npmjs.org/resolve set size:244568 disposed:false
803 silly fetch manifest is-core-module@^2.16.1
804 silly packumentCache full:https://registry.npmjs.org/is-core-module cache-miss
805 http fetch GET 200 https://registry.npmjs.org/glob 387ms (cache miss)
806 silly packumentCache full:https://registry.npmjs.org/glob set size:undefined disposed:false
807 silly fetch manifest tinyglobby@^0.2.13
808 silly packumentCache full:https://registry.npmjs.org/tinyglobby cache-miss
809 http fetch GET 200 https://registry.npmjs.org/@typescript-eslint%2ftypes 1287ms (cache miss)
810 silly packumentCache full:https://registry.npmjs.org/@typescript-eslint%2ftypes set size:undefined disposed:false
811 silly fetch manifest stable-hash@^0.0.5
812 silly packumentCache full:https://registry.npmjs.org/stable-hash cache-miss
813 http fetch GET 200 https://registry.npmjs.org/stable-hash 90ms (cache miss)
814 silly packumentCache full:https://registry.npmjs.org/stable-hash set size:undefined disposed:false
815 silly fetch manifest get-tsconfig@^4.10.0
816 silly packumentCache full:https://registry.npmjs.org/get-tsconfig cache-miss
817 http fetch GET 200 https://registry.npmjs.org/@typescript-eslint%2fvisitor-keys 1455ms (cache miss)
818 silly packumentCache full:https://registry.npmjs.org/@typescript-eslint%2fvisitor-keys set size:undefined disposed:false
819 silly fetch manifest is-bun-module@^2.0.0
820 silly packumentCache full:https://registry.npmjs.org/is-bun-module cache-miss
821 http fetch GET 200 https://registry.npmjs.org/get-tsconfig 94ms (cache miss)
822 silly packumentCache full:https://registry.npmjs.org/get-tsconfig set size:undefined disposed:false
823 silly fetch manifest unrs-resolver@^1.6.2
824 silly packumentCache full:https://registry.npmjs.org/unrs-resolver cache-miss
825 http fetch GET 200 https://registry.npmjs.org/@typescript-eslint%2fscope-manager 1526ms (cache miss)
826 silly packumentCache full:https://registry.npmjs.org/@typescript-eslint%2fscope-manager set size:undefined disposed:false
827 silly fetch manifest @nolyfill/is-core-module@1.0.39
828 silly packumentCache full:https://registry.npmjs.org/@nolyfill%2fis-core-module cache-miss
829 http fetch GET 200 https://registry.npmjs.org/@typescript-eslint%2ftypescript-estree 1532ms (cache miss)
830 silly packumentCache full:https://registry.npmjs.org/@typescript-eslint%2ftypescript-estree set size:undefined disposed:false
831 silly fetch manifest @rtsao/scc@^1.1.0
832 silly packumentCache full:https://registry.npmjs.org/@rtsao%2fscc cache-miss
833 http fetch GET 200 https://registry.npmjs.org/is-bun-module 114ms (cache miss)
834 silly packumentCache full:https://registry.npmjs.org/is-bun-module set size:undefined disposed:false
835 silly fetch manifest array-includes@^3.1.9
836 silly packumentCache full:https://registry.npmjs.org/array-includes cache-miss
837 http fetch GET 200 https://registry.npmjs.org/tinyglobby 1468ms (cache miss)
838 silly packumentCache full:https://registry.npmjs.org/tinyglobby set size:undefined disposed:false
839 silly fetch manifest array.prototype.findlastindex@^1.2.6
840 silly packumentCache full:https://registry.npmjs.org/array.prototype.findlastindex cache-miss
841 http fetch GET 200 https://registry.npmjs.org/unrs-resolver 357ms (cache miss)
842 silly packumentCache full:https://registry.npmjs.org/unrs-resolver set size:undefined disposed:false
843 silly fetch manifest array.prototype.flat@^1.3.3
844 silly packumentCache full:https://registry.npmjs.org/array.prototype.flat cache-miss
845 http fetch GET 200 https://registry.npmjs.org/array-includes 356ms (cache miss)
846 silly packumentCache full:https://registry.npmjs.org/array-includes set size:undefined disposed:false
847 silly fetch manifest array.prototype.flatmap@^1.3.3
848 silly packumentCache full:https://registry.npmjs.org/array.prototype.flatmap cache-miss
849 http fetch GET 200 https://registry.npmjs.org/array.prototype.flat 87ms (cache miss)
850 silly packumentCache full:https://registry.npmjs.org/array.prototype.flat set size:undefined disposed:false
851 silly fetch manifest doctrine@^2.1.0
852 silly packumentCache full:https://registry.npmjs.org/doctrine cache-miss
853 http cache https://registry.npmjs.org/doctrine 5ms (cache hit)
854 silly packumentCache full:https://registry.npmjs.org/doctrine set size:64052 disposed:false
855 silly fetch manifest eslint-module-utils@^2.12.1
856 silly packumentCache full:https://registry.npmjs.org/eslint-module-utils cache-miss
857 http fetch GET 200 https://registry.npmjs.org/eslint-module-utils 94ms (cache miss)
858 silly packumentCache full:https://registry.npmjs.org/eslint-module-utils set size:undefined disposed:false
859 silly fetch manifest hasown@^2.0.2
860 silly packumentCache full:https://registry.npmjs.org/hasown cache-miss
861 http fetch GET 200 https://registry.npmjs.org/@typescript-eslint%2ftype-utils 2090ms (cache miss)
862 silly packumentCache full:https://registry.npmjs.org/@typescript-eslint%2ftype-utils set size:undefined disposed:false
863 silly fetch manifest is-core-module@^2.16.1
864 silly packumentCache full:https://registry.npmjs.org/is-core-module cache-miss
865 http fetch GET 200 https://registry.npmjs.org/hasown 79ms (cache miss)
866 silly packumentCache full:https://registry.npmjs.org/hasown set size:undefined disposed:false
867 silly fetch manifest object.fromentries@^2.0.8
868 silly packumentCache full:https://registry.npmjs.org/object.fromentries cache-miss
869 http fetch GET 200 https://registry.npmjs.org/@rtsao%2fscc 610ms (cache miss)
870 silly packumentCache full:https://registry.npmjs.org/@rtsao%2fscc set size:undefined disposed:false
871 silly fetch manifest object.groupby@^1.0.3
872 silly packumentCache full:https://registry.npmjs.org/object.groupby cache-miss
873 http fetch GET 200 https://registry.npmjs.org/is-core-module 87ms (cache miss)
874 silly packumentCache full:https://registry.npmjs.org/is-core-module set size:undefined disposed:false
875 silly fetch manifest object.values@^1.2.1
876 silly packumentCache full:https://registry.npmjs.org/object.values cache-miss
877 http fetch GET 200 https://registry.npmjs.org/@typescript-eslint%2fscope-manager 2262ms (cache miss)
878 silly packumentCache full:https://registry.npmjs.org/@typescript-eslint%2fscope-manager set size:undefined disposed:false
879 silly fetch manifest semver@^6.3.1
880 silly packumentCache full:https://registry.npmjs.org/semver cache-miss
881 http fetch GET 200 https://registry.npmjs.org/object.groupby 108ms (cache miss)
882 silly packumentCache full:https://registry.npmjs.org/object.groupby set size:undefined disposed:false
883 silly fetch manifest string.prototype.trimend@^1.0.9
884 silly packumentCache full:https://registry.npmjs.org/string.prototype.trimend cache-miss
885 http fetch GET 200 https://registry.npmjs.org/object.values 103ms (cache miss)
886 silly packumentCache full:https://registry.npmjs.org/object.values set size:undefined disposed:false
887 silly fetch manifest tsconfig-paths@^3.15.0
888 silly packumentCache full:https://registry.npmjs.org/tsconfig-paths cache-miss
889 http fetch GET 200 https://registry.npmjs.org/array.prototype.flatmap 363ms (cache miss)
890 silly packumentCache full:https://registry.npmjs.org/array.prototype.flatmap set size:undefined disposed:false
891 silly fetch manifest aria-query@^5.3.2
892 silly packumentCache full:https://registry.npmjs.org/aria-query cache-miss
893 http fetch GET 200 https://registry.npmjs.org/array.prototype.findlastindex 482ms (cache miss)
894 silly packumentCache full:https://registry.npmjs.org/array.prototype.findlastindex set size:undefined disposed:false
895 silly fetch manifest array-includes@^3.1.8
896 silly packumentCache full:https://registry.npmjs.org/array-includes cache-miss
897 http cache https://registry.npmjs.org/array-includes 1ms (cache hit)
898 silly packumentCache full:https://registry.npmjs.org/array-includes set size:77143 disposed:false
899 silly fetch manifest array.prototype.flatmap@^1.3.2
900 silly packumentCache full:https://registry.npmjs.org/array.prototype.flatmap cache-miss
901 http cache https://registry.npmjs.org/array.prototype.flatmap 1ms (cache hit)
902 silly packumentCache full:https://registry.npmjs.org/array.prototype.flatmap set size:51458 disposed:false
903 silly fetch manifest ast-types-flow@^0.0.8
904 silly packumentCache full:https://registry.npmjs.org/ast-types-flow cache-miss
905 http fetch GET 200 https://registry.npmjs.org/@nolyfill%2fis-core-module 818ms (cache miss)
906 silly packumentCache full:https://registry.npmjs.org/@nolyfill%2fis-core-module set size:undefined disposed:false
907 silly fetch manifest axe-core@^4.10.0
908 silly packumentCache full:https://registry.npmjs.org/axe-core cache-miss
909 http fetch GET 200 https://registry.npmjs.org/string.prototype.trimend 95ms (cache miss)
910 silly packumentCache full:https://registry.npmjs.org/string.prototype.trimend set size:undefined disposed:false
911 silly fetch manifest axobject-query@^4.1.0
912 silly packumentCache full:https://registry.npmjs.org/axobject-query cache-miss
913 http fetch GET 200 https://registry.npmjs.org/tsconfig-paths 93ms (cache miss)
914 silly packumentCache full:https://registry.npmjs.org/tsconfig-paths set size:undefined disposed:false
915 silly fetch manifest damerau-levenshtein@^1.0.8
916 silly packumentCache full:https://registry.npmjs.org/damerau-levenshtein cache-miss
917 http fetch GET 200 https://registry.npmjs.org/aria-query 96ms (cache miss)
918 silly packumentCache full:https://registry.npmjs.org/aria-query set size:undefined disposed:false
919 silly fetch manifest emoji-regex@^9.2.2
920 silly packumentCache full:https://registry.npmjs.org/emoji-regex cache-miss
921 http fetch GET 200 https://registry.npmjs.org/semver 158ms (cache miss)
922 silly packumentCache full:https://registry.npmjs.org/semver set size:undefined disposed:false
923 silly fetch manifest jsx-ast-utils@^3.3.5
924 silly packumentCache full:https://registry.npmjs.org/jsx-ast-utils cache-miss
925 http fetch GET 200 https://registry.npmjs.org/object.fromentries 338ms (cache miss)
926 silly packumentCache full:https://registry.npmjs.org/object.fromentries set size:undefined disposed:false
927 silly fetch manifest language-tags@^1.0.9
928 silly packumentCache full:https://registry.npmjs.org/language-tags cache-miss
929 http fetch GET 200 https://registry.npmjs.org/axobject-query 89ms (cache miss)
930 silly packumentCache full:https://registry.npmjs.org/axobject-query set size:undefined disposed:false
931 silly fetch manifest safe-regex-test@^1.0.3
932 silly packumentCache full:https://registry.npmjs.org/safe-regex-test cache-miss
933 http fetch GET 200 https://registry.npmjs.org/damerau-levenshtein 89ms (cache miss)
934 silly packumentCache full:https://registry.npmjs.org/damerau-levenshtein set size:undefined disposed:false
935 silly fetch manifest string.prototype.includes@^2.0.1
936 silly packumentCache full:https://registry.npmjs.org/string.prototype.includes cache-miss
937 http fetch GET 200 https://registry.npmjs.org/emoji-regex 107ms (cache miss)
938 silly packumentCache full:https://registry.npmjs.org/emoji-regex set size:undefined disposed:false
939 silly fetch manifest array.prototype.findlast@^1.2.5
940 silly packumentCache full:https://registry.npmjs.org/array.prototype.findlast cache-miss
941 http fetch GET 200 https://registry.npmjs.org/language-tags 87ms (cache miss)
942 silly packumentCache full:https://registry.npmjs.org/language-tags set size:undefined disposed:false
943 silly fetch manifest array.prototype.tosorted@^1.1.4
944 silly packumentCache full:https://registry.npmjs.org/array.prototype.tosorted cache-miss
945 http fetch GET 200 https://registry.npmjs.org/safe-regex-test 87ms (cache miss)
946 silly packumentCache full:https://registry.npmjs.org/safe-regex-test set size:undefined disposed:false
947 silly fetch manifest es-iterator-helpers@^1.2.1
948 silly packumentCache full:https://registry.npmjs.org/es-iterator-helpers cache-miss
949 http fetch GET 200 https://registry.npmjs.org/jsx-ast-utils 127ms (cache miss)
950 silly packumentCache full:https://registry.npmjs.org/jsx-ast-utils set size:undefined disposed:false
951 silly fetch manifest estraverse@^5.3.0
952 silly packumentCache full:https://registry.npmjs.org/estraverse cache-hit
953 silly fetch manifest jsx-ast-utils@^2.4.1 || ^3.0.0
954 silly packumentCache full:https://registry.npmjs.org/jsx-ast-utils cache-miss
955 http cache https://registry.npmjs.org/jsx-ast-utils 2ms (cache hit)
956 silly packumentCache full:https://registry.npmjs.org/jsx-ast-utils set size:115998 disposed:false
957 silly fetch manifest object.entries@^1.1.9
958 silly packumentCache full:https://registry.npmjs.org/object.entries cache-miss
959 http fetch GET 200 https://registry.npmjs.org/array.prototype.tosorted 88ms (cache miss)
960 silly packumentCache full:https://registry.npmjs.org/array.prototype.tosorted set size:undefined disposed:false
961 silly fetch manifest prop-types@^15.8.1
962 silly packumentCache full:https://registry.npmjs.org/prop-types cache-miss
963 http fetch GET 200 https://registry.npmjs.org/es-iterator-helpers 98ms (cache miss)
964 silly packumentCache full:https://registry.npmjs.org/es-iterator-helpers set size:undefined disposed:false
965 silly fetch manifest resolve@^2.0.0-next.5
966 silly packumentCache full:https://registry.npmjs.org/resolve cache-hit
967 silly fetch manifest string.prototype.matchall@^4.0.12
968 silly packumentCache full:https://registry.npmjs.org/string.prototype.matchall cache-miss
969 http fetch GET 200 https://registry.npmjs.org/object.entries 114ms (cache miss)
970 silly packumentCache full:https://registry.npmjs.org/object.entries set size:undefined disposed:false
971 silly fetch manifest string.prototype.repeat@^1.0.0
972 silly packumentCache full:https://registry.npmjs.org/string.prototype.repeat cache-miss
973 http fetch GET 200 https://registry.npmjs.org/prop-types 93ms (cache miss)
974 silly packumentCache full:https://registry.npmjs.org/prop-types set size:undefined disposed:false
975 http fetch GET 200 https://registry.npmjs.org/string.prototype.matchall 97ms (cache miss)
976 silly packumentCache full:https://registry.npmjs.org/string.prototype.matchall set size:undefined disposed:false
977 http fetch GET 200 https://registry.npmjs.org/string.prototype.repeat 112ms (cache miss)
978 silly packumentCache full:https://registry.npmjs.org/string.prototype.repeat set size:undefined disposed:false
979 http fetch GET 200 https://registry.npmjs.org/string.prototype.includes 351ms (cache miss)
980 silly packumentCache full:https://registry.npmjs.org/string.prototype.includes set size:undefined disposed:false
981 http fetch GET 200 https://registry.npmjs.org/ast-types-flow 507ms (cache miss)
982 silly packumentCache full:https://registry.npmjs.org/ast-types-flow set size:undefined disposed:false
983 http fetch GET 200 https://registry.npmjs.org/array.prototype.findlast 342ms (cache miss)
984 silly packumentCache full:https://registry.npmjs.org/array.prototype.findlast set size:undefined disposed:false
985 http fetch GET 200 https://registry.npmjs.org/is-core-module 2886ms (cache miss)
986 silly packumentCache full:https://registry.npmjs.org/is-core-module set size:undefined disposed:false
987 http fetch GET 200 https://registry.npmjs.org/@typescript-eslint%2fvisitor-keys 3084ms (cache miss)
988 silly packumentCache full:https://registry.npmjs.org/@typescript-eslint%2fvisitor-keys set size:undefined disposed:false
989 http fetch GET 200 https://registry.npmjs.org/axe-core 779ms (cache miss)
990 silly packumentCache full:https://registry.npmjs.org/axe-core set size:undefined disposed:false
991 silly placeDep ROOT glob@10.3.10 OK for: @next/eslint-plugin-next@14.2.35 want: 10.3.10
992 silly fetch manifest minipass@^5.0.0 || ^6.0.2 || ^7.0.0
993 silly packumentCache full:https://registry.npmjs.org/minipass cache-miss
994 silly fetch manifest jackspeak@^2.3.5
995 silly packumentCache full:https://registry.npmjs.org/jackspeak cache-miss
996 silly fetch manifest minimatch@^9.0.1
997 silly packumentCache full:https://registry.npmjs.org/minimatch cache-hit
998 silly fetch manifest path-scurry@^1.10.1
999 silly packumentCache full:https://registry.npmjs.org/path-scurry cache-miss
1000 silly fetch manifest foreground-child@^3.1.0
1001 silly packumentCache full:https://registry.npmjs.org/foreground-child cache-miss
1002 http fetch GET 200 https://registry.npmjs.org/jackspeak 93ms (cache miss)
1003 silly packumentCache full:https://registry.npmjs.org/jackspeak set size:undefined disposed:false
1004 http fetch GET 200 https://registry.npmjs.org/minipass 116ms (cache miss)
1005 silly packumentCache full:https://registry.npmjs.org/minipass set size:undefined disposed:false
1006 http fetch GET 200 https://registry.npmjs.org/path-scurry 125ms (cache miss)
1007 silly packumentCache full:https://registry.npmjs.org/path-scurry set size:undefined disposed:false
1008 http fetch GET 200 https://registry.npmjs.org/foreground-child 456ms (cache miss)
1009 silly packumentCache full:https://registry.npmjs.org/foreground-child set size:undefined disposed:false
1010 silly fetch manifest eslint@^8.57.0 || ^9.0.0 || ^10.0.0
1011 silly packumentCache full:https://registry.npmjs.org/eslint cache-miss
1012 http cache https://registry.npmjs.org/eslint 6ms (cache hit)
1013 silly packumentCache full:https://registry.npmjs.org/eslint set size:2070000 disposed:false
1014 silly placeDep ROOT @typescript-eslint/scope-manager@8.68.0 OK for: @typescript-eslint/eslint-plugin@8.68.0 want: 8.68.0
1015 silly placeDep ROOT @typescript-eslint/type-utils@8.68.0 OK for: @typescript-eslint/eslint-plugin@8.68.0 want: 8.68.0
1016 silly placeDep ROOT @typescript-eslint/utils@8.68.0 OK for: @typescript-eslint/eslint-plugin@8.68.0 want: 8.68.0
1017 silly placeDep ROOT @typescript-eslint/visitor-keys@8.68.0 OK for: @typescript-eslint/eslint-plugin@8.68.0 want: 8.68.0
1018 silly placeDep node_modules/@typescript-eslint/eslint-plugin ignore@7.0.7 OK for: @typescript-eslint/eslint-plugin@8.68.0 want: ^7.0.5
1019 silly placeDep ROOT ts-api-utils@2.5.0 OK for: @typescript-eslint/eslint-plugin@8.68.0 want: ^2.5.0
1020 silly fetch manifest eslint-visitor-keys@^5.0.0
1021 silly packumentCache full:https://registry.npmjs.org/eslint-visitor-keys cache-miss
1022 http cache https://registry.npmjs.org/eslint-visitor-keys 2ms (cache hit)
1023 silly packumentCache full:https://registry.npmjs.org/eslint-visitor-keys set size:69949 disposed:false
1024 silly placeDep ROOT @typescript-eslint/types@8.68.0 OK for: @typescript-eslint/parser@8.68.0 want: 8.68.0
1025 silly placeDep ROOT @typescript-eslint/typescript-estree@8.68.0 OK for: @typescript-eslint/parser@8.68.0 want: 8.68.0
1026 silly fetch manifest semver@^7.7.3
1027 silly packumentCache full:https://registry.npmjs.org/semver cache-miss
1028 silly fetch manifest minimatch@^10.2.2
1029 silly packumentCache full:https://registry.npmjs.org/minimatch cache-hit
1030 silly fetch manifest tinyglobby@^0.2.15
1031 silly packumentCache full:https://registry.npmjs.org/tinyglobby cache-miss
1032 silly fetch manifest @typescript-eslint/tsconfig-utils@8.68.0
1033 silly packumentCache full:https://registry.npmjs.org/@typescript-eslint%2ftsconfig-utils cache-miss
1034 silly fetch manifest @typescript-eslint/project-service@8.68.0
1035 silly packumentCache full:https://registry.npmjs.org/@typescript-eslint%2fproject-service cache-miss
1036 http cache https://registry.npmjs.org/semver 3ms (cache hit)
1037 silly packumentCache full:https://registry.npmjs.org/semver set size:246069 disposed:false
1038 http cache https://registry.npmjs.org/tinyglobby 3ms (cache hit)
1039 silly packumentCache full:https://registry.npmjs.org/tinyglobby set size:54291 disposed:false
1040 http fetch GET 200 https://registry.npmjs.org/@typescript-eslint%2ftsconfig-utils 554ms (cache miss)
1041 silly packumentCache full:https://registry.npmjs.org/@typescript-eslint%2ftsconfig-utils set size:undefined disposed:false
1042 http fetch GET 200 https://registry.npmjs.org/@typescript-eslint%2fproject-service 680ms (cache miss)
1043 silly packumentCache full:https://registry.npmjs.org/@typescript-eslint%2fproject-service set size:undefined disposed:false
1044 silly placeDep ROOT @typescript-eslint/project-service@8.68.0 OK for: @typescript-eslint/typescript-estree@8.68.0 want: 8.68.0
1045 silly placeDep ROOT @typescript-eslint/tsconfig-utils@8.68.0 OK for: @typescript-eslint/typescript-estree@8.68.0 want: 8.68.0
1046 silly placeDep node_modules/@typescript-eslint/typescript-estree minimatch@10.2.6 OK for: @typescript-eslint/typescript-estree@8.68.0 want: ^10.2.2
1047 silly placeDep ROOT semver@7.8.5 OK for: @typescript-eslint/typescript-estree@8.68.0 want: ^7.7.3
1048 silly placeDep ROOT tinyglobby@0.2.17 OK for: @typescript-eslint/typescript-estree@8.68.0 want: ^0.2.15
1049 silly fetch manifest @typescript-eslint/tsconfig-utils@^8.68.0
1050 silly packumentCache full:https://registry.npmjs.org/@typescript-eslint%2ftsconfig-utils cache-miss
1051 silly fetch manifest brace-expansion@^5.0.8
1052 silly packumentCache full:https://registry.npmjs.org/brace-expansion cache-miss
1053 silly fetch manifest fdir@^6.5.0
1054 silly packumentCache full:https://registry.npmjs.org/fdir cache-miss
1055 silly fetch manifest picomatch@^4.0.4
1056 silly packumentCache full:https://registry.npmjs.org/picomatch cache-miss
1057 http cache https://registry.npmjs.org/brace-expansion 3ms (cache hit)
1058 silly packumentCache full:https://registry.npmjs.org/brace-expansion set size:101024 disposed:false
1059 http cache https://registry.npmjs.org/@typescript-eslint%2ftsconfig-utils 6ms (cache hit)
1060 silly packumentCache full:https://registry.npmjs.org/@typescript-eslint%2ftsconfig-utils set size:1800641 disposed:false
1061 http fetch GET 200 https://registry.npmjs.org/picomatch 132ms (cache miss)
1062 silly packumentCache full:https://registry.npmjs.org/picomatch set size:undefined disposed:false
1063 http fetch GET 200 https://registry.npmjs.org/fdir 1305ms (cache miss)
1064 silly packumentCache full:https://registry.npmjs.org/fdir set size:undefined disposed:false
1065 silly placeDep node_modules/@typescript-eslint/visitor-keys eslint-visitor-keys@5.0.1 OK for: @typescript-eslint/visitor-keys@8.68.0 want: ^5.0.0
1066 silly placeDep node_modules/eslint-import-resolver-node debug@3.2.7 OK for: eslint-import-resolver-node@0.3.10 want: ^3.2.7
1067 silly placeDep ROOT is-core-module@2.16.2 OK for: eslint-import-resolver-node@0.3.10 want: ^2.16.1
1068 silly placeDep ROOT resolve@2.0.0-next.7 OK for: eslint-import-resolver-node@0.3.10 want: ^2.0.0-next.6
1069 silly fetch manifest hasown@^2.0.3
1070 silly packumentCache full:https://registry.npmjs.org/hasown cache-miss
1071 silly fetch manifest es-errors@^1.3.0
1072 silly packumentCache full:https://registry.npmjs.org/es-errors cache-miss
1073 silly fetch manifest node-exports-info@^1.6.0
1074 silly packumentCache full:https://registry.npmjs.org/node-exports-info cache-miss
1075 silly fetch manifest object-keys@^1.1.1
1076 silly packumentCache full:https://registry.npmjs.org/object-keys cache-miss
1077 silly fetch manifest path-parse@^1.0.7
1078 silly packumentCache full:https://registry.npmjs.org/path-parse cache-miss
1079 silly fetch manifest supports-preserve-symlinks-flag@^1.0.0
1080 silly packumentCache full:https://registry.npmjs.org/supports-preserve-symlinks-flag cache-miss
1081 http cache https://registry.npmjs.org/hasown 7ms (cache hit)
1082 silly packumentCache full:https://registry.npmjs.org/hasown set size:18361 disposed:false
1083 http fetch GET 200 https://registry.npmjs.org/node-exports-info 102ms (cache miss)
1084 silly packumentCache full:https://registry.npmjs.org/node-exports-info set size:undefined disposed:false
1085 http fetch GET 200 https://registry.npmjs.org/es-errors 105ms (cache miss)
1086 silly packumentCache full:https://registry.npmjs.org/es-errors set size:undefined disposed:false
1087 http fetch GET 200 https://registry.npmjs.org/object-keys 105ms (cache miss)
1088 silly packumentCache full:https://registry.npmjs.org/object-keys set size:undefined disposed:false
1089 http fetch GET 200 https://registry.npmjs.org/path-parse 112ms (cache miss)
1090 silly packumentCache full:https://registry.npmjs.org/path-parse set size:undefined disposed:false
1091 http fetch GET 200 https://registry.npmjs.org/supports-preserve-symlinks-flag 402ms (cache miss)
1092 silly packumentCache full:https://registry.npmjs.org/supports-preserve-symlinks-flag set size:undefined disposed:false
1093 silly placeDep ROOT @nolyfill/is-core-module@1.0.39 OK for: eslint-import-resolver-typescript@3.10.1 want: 1.0.39
1094 silly placeDep ROOT get-tsconfig@4.14.3 OK for: eslint-import-resolver-typescript@3.10.1 want: ^4.10.0
1095 silly placeDep ROOT is-bun-module@2.0.0 OK for: eslint-import-resolver-typescript@3.10.1 want: ^2.0.0
1096 silly placeDep ROOT stable-hash@0.0.5 OK for: eslint-import-resolver-typescript@3.10.1 want: ^0.0.5
1097 silly placeDep ROOT unrs-resolver@1.12.2 OK for: eslint-import-resolver-typescript@3.10.1 want: ^1.6.2
1098 silly fetch manifest resolve-pkg-maps@^1.0.0
1099 silly packumentCache full:https://registry.npmjs.org/resolve-pkg-maps cache-miss
1100 silly fetch manifest napi-postinstall@^0.3.4
1101 silly packumentCache full:https://registry.npmjs.org/napi-postinstall cache-miss
1102 silly fetch manifest @unrs/resolver-binding-darwin-arm64@1.12.2
1103 silly packumentCache full:https://registry.npmjs.org/@unrs%2fresolver-binding-darwin-arm64 cache-miss
1104 silly fetch manifest @unrs/resolver-binding-android-arm64@1.12.2
1105 silly packumentCache full:https://registry.npmjs.org/@unrs%2fresolver-binding-android-arm64 cache-miss
1106 silly fetch manifest @unrs/resolver-binding-win32-arm64-msvc@1.12.2
1107 silly packumentCache full:https://registry.npmjs.org/@unrs%2fresolver-binding-win32-arm64-msvc cache-miss
1108 silly fetch manifest @unrs/resolver-binding-linux-arm64-gnu@1.12.2
1109 silly packumentCache full:https://registry.npmjs.org/@unrs%2fresolver-binding-linux-arm64-gnu cache-miss
1110 silly fetch manifest @unrs/resolver-binding-linux-arm64-musl@1.12.2
1111 silly packumentCache full:https://registry.npmjs.org/@unrs%2fresolver-binding-linux-arm64-musl cache-miss
1112 silly fetch manifest @unrs/resolver-binding-openharmony-arm64@1.12.2
1113 silly packumentCache full:https://registry.npmjs.org/@unrs%2fresolver-binding-openharmony-arm64 cache-miss
1114 silly fetch manifest @unrs/resolver-binding-android-arm-eabi@1.12.2
1115 silly packumentCache full:https://registry.npmjs.org/@unrs%2fresolver-binding-android-arm-eabi cache-miss
1116 http fetch GET 200 https://registry.npmjs.org/resolve-pkg-maps 103ms (cache miss)
1117 silly packumentCache full:https://registry.npmjs.org/resolve-pkg-maps set size:undefined disposed:false
1118 silly fetch manifest @unrs/resolver-binding-linux-arm-gnueabihf@1.12.2
1119 silly packumentCache full:https://registry.npmjs.org/@unrs%2fresolver-binding-linux-arm-gnueabihf cache-miss
1120 http fetch GET 200 https://registry.npmjs.org/@unrs%2fresolver-binding-linux-arm64-musl 323ms (cache miss)
1121 silly packumentCache full:https://registry.npmjs.org/@unrs%2fresolver-binding-linux-arm64-musl set size:undefined disposed:false
1122 silly fetch manifest @unrs/resolver-binding-linux-arm-musleabihf@1.12.2
1123 silly packumentCache full:https://registry.npmjs.org/@unrs%2fresolver-binding-linux-arm-musleabihf cache-miss
1124 http fetch GET 200 https://registry.npmjs.org/napi-postinstall 347ms (cache miss)
1125 silly packumentCache full:https://registry.npmjs.org/napi-postinstall set size:undefined disposed:false
1126 silly fetch manifest @unrs/resolver-binding-win32-ia32-msvc@1.12.2
1127 silly packumentCache full:https://registry.npmjs.org/@unrs%2fresolver-binding-win32-ia32-msvc cache-miss
1128 http fetch GET 200 https://registry.npmjs.org/@unrs%2fresolver-binding-android-arm64 405ms (cache miss)
1129 silly packumentCache full:https://registry.npmjs.org/@unrs%2fresolver-binding-android-arm64 set size:undefined disposed:false
1130 silly fetch manifest @unrs/resolver-binding-linux-loong64-gnu@1.12.2
1131 silly packumentCache full:https://registry.npmjs.org/@unrs%2fresolver-binding-linux-loong64-gnu cache-miss
1132 http fetch GET 200 https://registry.npmjs.org/@unrs%2fresolver-binding-android-arm-eabi 436ms (cache miss)
1133 silly packumentCache full:https://registry.npmjs.org/@unrs%2fresolver-binding-android-arm-eabi set size:undefined disposed:false
1134 silly fetch manifest @unrs/resolver-binding-linux-loong64-musl@1.12.2
1135 silly packumentCache full:https://registry.npmjs.org/@unrs%2fresolver-binding-linux-loong64-musl cache-miss
1136 http fetch GET 200 https://registry.npmjs.org/@unrs%2fresolver-binding-linux-arm-gnueabihf 363ms (cache miss)
1137 silly packumentCache full:https://registry.npmjs.org/@unrs%2fresolver-binding-linux-arm-gnueabihf set size:undefined disposed:false
1138 silly fetch manifest @unrs/resolver-binding-linux-ppc64-gnu@1.12.2
1139 silly packumentCache full:https://registry.npmjs.org/@unrs%2fresolver-binding-linux-ppc64-gnu cache-miss
1140 http fetch GET 200 https://registry.npmjs.org/@unrs%2fresolver-binding-linux-arm64-gnu 560ms (cache miss)
1141 silly packumentCache full:https://registry.npmjs.org/@unrs%2fresolver-binding-linux-arm64-gnu set size:undefined disposed:false
1142 silly fetch manifest @unrs/resolver-binding-linux-riscv64-gnu@1.12.2
1143 silly packumentCache full:https://registry.npmjs.org/@unrs%2fresolver-binding-linux-riscv64-gnu cache-miss
1144 http fetch GET 200 https://registry.npmjs.org/@unrs%2fresolver-binding-win32-arm64-msvc 583ms (cache miss)
1145 silly packumentCache full:https://registry.npmjs.org/@unrs%2fresolver-binding-win32-arm64-msvc set size:undefined disposed:false
1146 silly fetch manifest @unrs/resolver-binding-linux-riscv64-musl@1.12.2
1147 silly packumentCache full:https://registry.npmjs.org/@unrs%2fresolver-binding-linux-riscv64-musl cache-miss
1148 http fetch GET 200 https://registry.npmjs.org/@unrs%2fresolver-binding-darwin-arm64 592ms (cache miss)
1149 silly packumentCache full:https://registry.npmjs.org/@unrs%2fresolver-binding-darwin-arm64 set size:undefined disposed:false
1150 silly fetch manifest @unrs/resolver-binding-linux-s390x-gnu@1.12.2
1151 silly packumentCache full:https://registry.npmjs.org/@unrs%2fresolver-binding-linux-s390x-gnu cache-miss
1152 http fetch GET 200 https://registry.npmjs.org/@unrs%2fresolver-binding-win32-ia32-msvc 337ms (cache miss)
1153 silly packumentCache full:https://registry.npmjs.org/@unrs%2fresolver-binding-win32-ia32-msvc set size:undefined disposed:false
1154 silly fetch manifest @unrs/resolver-binding-wasm32-wasi@1.12.2
1155 silly packumentCache full:https://registry.npmjs.org/@unrs%2fresolver-binding-wasm32-wasi cache-miss
1156 http fetch GET 200 https://registry.npmjs.org/@unrs%2fresolver-binding-linux-loong64-gnu 352ms (cache miss)
1157 silly packumentCache full:https://registry.npmjs.org/@unrs%2fresolver-binding-linux-loong64-gnu set size:undefined disposed:false
1158 silly fetch manifest @unrs/resolver-binding-darwin-x64@1.12.2
1159 silly packumentCache full:https://registry.npmjs.org/@unrs%2fresolver-binding-darwin-x64 cache-miss
1160 http fetch GET 200 https://registry.npmjs.org/@unrs%2fresolver-binding-linux-ppc64-gnu 382ms (cache miss)
1161 silly packumentCache full:https://registry.npmjs.org/@unrs%2fresolver-binding-linux-ppc64-gnu set size:undefined disposed:false
1162 silly fetch manifest @unrs/resolver-binding-win32-x64-msvc@1.12.2
1163 silly packumentCache full:https://registry.npmjs.org/@unrs%2fresolver-binding-win32-x64-msvc cache-miss
1164 http fetch GET 200 https://registry.npmjs.org/@unrs%2fresolver-binding-openharmony-arm64 894ms (cache miss)
1165 silly packumentCache full:https://registry.npmjs.org/@unrs%2fresolver-binding-openharmony-arm64 set size:undefined disposed:false
1166 silly fetch manifest @unrs/resolver-binding-freebsd-x64@1.12.2
1167 silly packumentCache full:https://registry.npmjs.org/@unrs%2fresolver-binding-freebsd-x64 cache-miss
1168 http fetch GET 200 https://registry.npmjs.org/@unrs%2fresolver-binding-linux-arm-musleabihf 571ms (cache miss)
1169 silly packumentCache full:https://registry.npmjs.org/@unrs%2fresolver-binding-linux-arm-musleabihf set size:undefined disposed:false
1170 silly fetch manifest @unrs/resolver-binding-linux-x64-gnu@1.12.2
1171 silly packumentCache full:https://registry.npmjs.org/@unrs%2fresolver-binding-linux-x64-gnu cache-miss
1172 http fetch GET 200 https://registry.npmjs.org/@unrs%2fresolver-binding-linux-riscv64-musl 321ms (cache miss)
1173 silly packumentCache full:https://registry.npmjs.org/@unrs%2fresolver-binding-linux-riscv64-musl set size:undefined disposed:false
1174 silly fetch manifest @unrs/resolver-binding-linux-x64-musl@1.12.2
1175 silly packumentCache full:https://registry.npmjs.org/@unrs%2fresolver-binding-linux-x64-musl cache-miss
1176 http fetch GET 200 https://registry.npmjs.org/@unrs%2fresolver-binding-linux-loong64-musl 618ms (cache miss)
1177 silly packumentCache full:https://registry.npmjs.org/@unrs%2fresolver-binding-linux-loong64-musl set size:undefined disposed:false
1178 http fetch GET 200 https://registry.npmjs.org/@unrs%2fresolver-binding-linux-riscv64-gnu 592ms (cache miss)
1179 silly packumentCache full:https://registry.npmjs.org/@unrs%2fresolver-binding-linux-riscv64-gnu set size:undefined disposed:false
1180 http fetch GET 200 https://registry.npmjs.org/@unrs%2fresolver-binding-linux-s390x-gnu 565ms (cache miss)
1181 silly packumentCache full:https://registry.npmjs.org/@unrs%2fresolver-binding-linux-s390x-gnu set size:undefined disposed:false
1182 http fetch GET 200 https://registry.npmjs.org/@unrs%2fresolver-binding-linux-x64-gnu 363ms (cache miss)
1183 silly packumentCache full:https://registry.npmjs.org/@unrs%2fresolver-binding-linux-x64-gnu set size:undefined disposed:false
1184 http fetch GET 200 https://registry.npmjs.org/@unrs%2fresolver-binding-freebsd-x64 544ms (cache miss)
1185 silly packumentCache full:https://registry.npmjs.org/@unrs%2fresolver-binding-freebsd-x64 set size:undefined disposed:false
1186 http fetch GET 200 https://registry.npmjs.org/@unrs%2fresolver-binding-linux-x64-musl 603ms (cache miss)
1187 silly packumentCache full:https://registry.npmjs.org/@unrs%2fresolver-binding-linux-x64-musl set size:undefined disposed:false
1188 http fetch GET 200 https://registry.npmjs.org/@unrs%2fresolver-binding-wasm32-wasi 833ms (cache miss)
1189 silly packumentCache full:https://registry.npmjs.org/@unrs%2fresolver-binding-wasm32-wasi set size:undefined disposed:false
1190 http fetch GET 200 https://registry.npmjs.org/@unrs%2fresolver-binding-darwin-x64 822ms (cache miss)
1191 silly packumentCache full:https://registry.npmjs.org/@unrs%2fresolver-binding-darwin-x64 set size:undefined disposed:false
1192 http fetch GET 200 https://registry.npmjs.org/@unrs%2fresolver-binding-win32-x64-msvc 844ms (cache miss)
1193 silly packumentCache full:https://registry.npmjs.org/@unrs%2fresolver-binding-win32-x64-msvc set size:undefined disposed:false
1194 silly placeDep ROOT @rtsao/scc@1.1.0 OK for: eslint-plugin-import@2.32.0 want: ^1.1.0
1195 silly placeDep ROOT array-includes@3.1.9 OK for: eslint-plugin-import@2.32.0 want: ^3.1.9
1196 silly placeDep ROOT array.prototype.findlastindex@1.2.6 OK for: eslint-plugin-import@2.32.0 want: ^1.2.6
1197 silly placeDep ROOT array.prototype.flat@1.3.3 OK for: eslint-plugin-import@2.32.0 want: ^1.3.3
1198 silly placeDep ROOT array.prototype.flatmap@1.3.3 OK for: eslint-plugin-import@2.32.0 want: ^1.3.3
1199 silly placeDep node_modules/eslint-plugin-import debug@3.2.7 OK for: eslint-plugin-import@2.32.0 want: ^3.2.7
1200 silly placeDep node_modules/eslint-plugin-import doctrine@2.1.0 OK for: eslint-plugin-import@2.32.0 want: ^2.1.0
1201 silly placeDep ROOT eslint-module-utils@2.14.0 OK for: eslint-plugin-import@2.32.0 want: ^2.12.1
1202 silly placeDep ROOT hasown@2.0.4 OK for: eslint-plugin-import@2.32.0 want: ^2.0.2
1203 silly placeDep ROOT object.fromentries@2.0.8 OK for: eslint-plugin-import@2.32.0 want: ^2.0.8
1204 silly placeDep ROOT object.groupby@1.0.3 OK for: eslint-plugin-import@2.32.0 want: ^1.0.3
1205 silly placeDep ROOT object.values@1.2.1 OK for: eslint-plugin-import@2.32.0 want: ^1.2.1
1206 silly placeDep node_modules/eslint-plugin-import semver@6.3.1 OK for: eslint-plugin-import@2.32.0 want: ^6.3.1
1207 silly placeDep ROOT string.prototype.trimend@1.0.10 OK for: eslint-plugin-import@2.32.0 want: ^1.0.9
1208 silly placeDep ROOT tsconfig-paths@3.15.0 OK for: eslint-plugin-import@2.32.0 want: ^3.15.0
1209 silly fetch manifest call-bind@^1.0.8
1210 silly packumentCache full:https://registry.npmjs.org/call-bind cache-miss
1211 silly fetch manifest call-bound@^1.0.4
1212 silly packumentCache full:https://registry.npmjs.org/call-bound cache-miss
1213 silly fetch manifest define-properties@^1.2.1
1214 silly packumentCache full:https://registry.npmjs.org/define-properties cache-miss
1215 silly fetch manifest es-abstract@^1.24.0
1216 silly packumentCache full:https://registry.npmjs.org/es-abstract cache-miss
1217 silly fetch manifest es-object-atoms@^1.1.1
1218 silly packumentCache full:https://registry.npmjs.org/es-object-atoms cache-miss
1219 silly fetch manifest get-intrinsic@^1.3.0
1220 silly packumentCache full:https://registry.npmjs.org/get-intrinsic cache-miss
1221 silly fetch manifest is-string@^1.1.1
1222 silly packumentCache full:https://registry.npmjs.org/is-string cache-miss
1223 silly fetch manifest math-intrinsics@^1.1.0
1224 silly packumentCache full:https://registry.npmjs.org/math-intrinsics cache-miss
1225 silly fetch manifest call-bind@^1.0.8
1226 silly packumentCache full:https://registry.npmjs.org/call-bind cache-miss
1227 http fetch GET 200 https://registry.npmjs.org/call-bound 86ms (cache miss)
1228 silly packumentCache full:https://registry.npmjs.org/call-bound set size:undefined disposed:false
1229 silly fetch manifest define-properties@^1.2.1
1230 silly packumentCache full:https://registry.npmjs.org/define-properties cache-miss
1231 http fetch GET 200 https://registry.npmjs.org/get-intrinsic 94ms (cache miss)
1232 silly packumentCache full:https://registry.npmjs.org/get-intrinsic set size:undefined disposed:false
1233 silly fetch manifest es-abstract@^1.23.9
1234 silly packumentCache full:https://registry.npmjs.org/es-abstract cache-miss
1235 http fetch GET 200 https://registry.npmjs.org/call-bind 96ms (cache miss)
1236 silly packumentCache full:https://registry.npmjs.org/call-bind set size:undefined disposed:false
1237 silly fetch manifest es-object-atoms@^1.1.1
1238 silly packumentCache full:https://registry.npmjs.org/es-object-atoms cache-miss
1239 http fetch GET 200 https://registry.npmjs.org/is-string 99ms (cache miss)
1240 silly packumentCache full:https://registry.npmjs.org/is-string set size:undefined disposed:false
1241 silly fetch manifest es-shim-unscopables@^1.1.0
1242 silly packumentCache full:https://registry.npmjs.org/es-shim-unscopables cache-miss
1243 http fetch GET 200 https://registry.npmjs.org/define-properties 100ms (cache miss)
1244 silly packumentCache full:https://registry.npmjs.org/define-properties set size:undefined disposed:false
1245 silly fetch manifest es-abstract@^1.23.5
1246 silly packumentCache full:https://registry.npmjs.org/es-abstract cache-miss
1247 http fetch GET 200 https://registry.npmjs.org/es-abstract 155ms (cache miss)
1248 silly packumentCache full:https://registry.npmjs.org/es-abstract set size:undefined disposed:false
1249 silly fetch manifest es-shim-unscopables@^1.0.2
1250 silly packumentCache full:https://registry.npmjs.org/es-shim-unscopables cache-miss
1251 http fetch GET 200 https://registry.npmjs.org/define-properties 81ms (cache miss)
1252 silly packumentCache full:https://registry.npmjs.org/define-properties set size:undefined disposed:false
1253 silly fetch manifest es-abstract@^1.23.5
1254 silly packumentCache full:https://registry.npmjs.org/es-abstract cache-miss
1255 http cache https://registry.npmjs.org/es-abstract 3ms (cache hit)
1256 silly packumentCache full:https://registry.npmjs.org/es-abstract set size:384124 disposed:false
1257 silly fetch manifest es-shim-unscopables@^1.0.2
1258 silly packumentCache full:https://registry.npmjs.org/es-shim-unscopables cache-miss
1259 http fetch GET 200 https://registry.npmjs.org/es-shim-unscopables 98ms (cache miss)
1260 silly packumentCache full:https://registry.npmjs.org/es-shim-unscopables set size:undefined disposed:false
1261 silly fetch manifest function-bind@^1.1.2
1262 silly packumentCache full:https://registry.npmjs.org/function-bind cache-miss
1263 http fetch GET 200 https://registry.npmjs.org/es-abstract 110ms (cache miss)
1264 silly packumentCache full:https://registry.npmjs.org/es-abstract set size:undefined disposed:false
1265 silly packumentCache full:https://registry.npmjs.org/es-abstract dispose
1266 silly fetch manifest call-bind@^1.0.7
1267 silly packumentCache full:https://registry.npmjs.org/call-bind cache-miss
1268 http cache https://registry.npmjs.org/call-bind 2ms (cache hit)
1269 silly packumentCache full:https://registry.npmjs.org/call-bind set size:32985 disposed:false
1270 silly fetch manifest es-abstract@^1.23.2
1271 silly packumentCache full:https://registry.npmjs.org/es-abstract cache-miss
1272 http cache https://registry.npmjs.org/es-abstract 2ms (cache hit)
1273 silly packumentCache full:https://registry.npmjs.org/es-abstract set size:384124 disposed:true
1274 silly fetch manifest es-object-atoms@^1.0.0
1275 silly packumentCache full:https://registry.npmjs.org/es-object-atoms cache-miss
1276 http fetch GET 200 https://registry.npmjs.org/call-bind 258ms (cache miss)
1277 silly packumentCache full:https://registry.npmjs.org/call-bind set size:undefined disposed:false
1278 silly packumentCache full:https://registry.npmjs.org/call-bind dispose
1279 silly fetch manifest call-bound@^1.0.3
1280 silly packumentCache full:https://registry.npmjs.org/call-bound cache-miss
1281 http fetch GET 200 https://registry.npmjs.org/es-shim-unscopables 86ms (cache miss)
1282 silly packumentCache full:https://registry.npmjs.org/es-shim-unscopables set size:undefined disposed:false
1283 silly fetch manifest es-object-atoms@^1.0.0
1284 silly packumentCache full:https://registry.npmjs.org/es-object-atoms cache-miss
1285 http fetch GET 200 https://registry.npmjs.org/es-abstract 160ms (cache miss)
1286 silly packumentCache full:https://registry.npmjs.org/es-abstract set size:undefined disposed:false
1287 silly packumentCache full:https://registry.npmjs.org/es-abstract dispose
1288 silly fetch manifest call-bind@^1.0.9
1289 silly packumentCache full:https://registry.npmjs.org/call-bind cache-miss
1290 http cache https://registry.npmjs.org/call-bound 5ms (cache hit)
1291 silly packumentCache full:https://registry.npmjs.org/call-bound set size:15317 disposed:false
1292 silly fetch manifest es-object-atoms@^1.1.2
1293 silly packumentCache full:https://registry.npmjs.org/es-object-atoms cache-miss
1294 http cache https://registry.npmjs.org/call-bind 3ms (cache hit)
1295 silly packumentCache full:https://registry.npmjs.org/call-bind set size:32985 disposed:true
1296 silly fetch manifest json5@^1.0.2
1297 silly packumentCache full:https://registry.npmjs.org/json5 cache-miss
1298 http fetch GET 200 https://registry.npmjs.org/es-shim-unscopables 107ms (cache miss)
1299 silly packumentCache full:https://registry.npmjs.org/es-shim-unscopables set size:undefined disposed:false
1300 silly fetch manifest minimist@^1.2.6
1301 silly packumentCache full:https://registry.npmjs.org/minimist cache-miss
1302 http fetch GET 200 https://registry.npmjs.org/function-bind 88ms (cache miss)
1303 silly packumentCache full:https://registry.npmjs.org/function-bind set size:undefined disposed:false
1304 silly fetch manifest strip-bom@^3.0.0
1305 silly packumentCache full:https://registry.npmjs.org/strip-bom cache-miss
1306 http fetch GET 200 https://registry.npmjs.org/es-object-atoms 342ms (cache miss)
1307 silly packumentCache full:https://registry.npmjs.org/es-object-atoms set size:undefined disposed:false
1308 silly fetch manifest @types/json5@^0.0.29
1309 silly packumentCache full:https://registry.npmjs.org/@types%2fjson5 cache-miss
1310 http fetch GET 200 https://registry.npmjs.org/es-object-atoms 136ms (cache miss)
1311 silly packumentCache full:https://registry.npmjs.org/es-object-atoms set size:undefined disposed:false
1312 http fetch GET 200 https://registry.npmjs.org/es-object-atoms 87ms (cache miss)
1313 silly packumentCache full:https://registry.npmjs.org/es-object-atoms set size:undefined disposed:false
1314 http fetch GET 200 https://registry.npmjs.org/es-object-atoms 253ms (cache miss)
1315 silly packumentCache full:https://registry.npmjs.org/es-object-atoms set size:undefined disposed:false
1316 http fetch GET 200 https://registry.npmjs.org/strip-bom 89ms (cache miss)
1317 silly packumentCache full:https://registry.npmjs.org/strip-bom set size:undefined disposed:false
1318 http fetch GET 200 https://registry.npmjs.org/math-intrinsics 377ms (cache miss)
1319 silly packumentCache full:https://registry.npmjs.org/math-intrinsics set size:undefined disposed:false
1320 http fetch GET 200 https://registry.npmjs.org/minimist 120ms (cache miss)
1321 silly packumentCache full:https://registry.npmjs.org/minimist set size:undefined disposed:false
1322 http fetch GET 200 https://registry.npmjs.org/es-object-atoms 159ms (cache miss)
1323 silly packumentCache full:https://registry.npmjs.org/es-object-atoms set size:undefined disposed:false
1324 http fetch GET 200 https://registry.npmjs.org/@types%2fjson5 98ms (cache miss)
1325 silly packumentCache full:https://registry.npmjs.org/@types%2fjson5 set size:undefined disposed:false
1326 http fetch GET 200 https://registry.npmjs.org/json5 367ms (cache miss)
1327 silly packumentCache full:https://registry.npmjs.org/json5 set size:undefined disposed:false
1328 silly placeDep ROOT call-bind@1.0.9 OK for: array-includes@3.1.9 want: ^1.0.8
1329 silly placeDep ROOT call-bound@1.0.4 OK for: array-includes@3.1.9 want: ^1.0.4
1330 silly placeDep ROOT define-properties@1.2.1 OK for: array-includes@3.1.9 want: ^1.2.1
1331 silly placeDep ROOT es-abstract@1.24.2 OK for: array-includes@3.1.9 want: ^1.24.0
1332 silly placeDep ROOT es-object-atoms@1.1.2 OK for: array-includes@3.1.9 want: ^1.1.1
1333 silly placeDep ROOT get-intrinsic@1.3.0 OK for: array-includes@3.1.9 want: ^1.3.0
1334 silly placeDep ROOT is-string@1.1.1 OK for: array-includes@3.1.9 want: ^1.1.1
1335 silly placeDep ROOT math-intrinsics@1.1.0 OK for: array-includes@3.1.9 want: ^1.1.0
1336 silly fetch manifest call-bind-apply-helpers@^1.0.2
1337 silly packumentCache full:https://registry.npmjs.org/call-bind-apply-helpers cache-miss
1338 silly fetch manifest es-define-property@^1.0.1
1339 silly packumentCache full:https://registry.npmjs.org/es-define-property cache-miss
1340 silly fetch manifest set-function-length@^1.2.2
1341 silly packumentCache full:https://registry.npmjs.org/set-function-length cache-miss
1342 silly fetch manifest call-bind-apply-helpers@^1.0.2
1343 silly packumentCache full:https://registry.npmjs.org/call-bind-apply-helpers cache-miss
1344 silly fetch manifest define-data-property@^1.0.1
1345 silly packumentCache full:https://registry.npmjs.org/define-data-property cache-miss
1346 silly fetch manifest has-property-descriptors@^1.0.0
1347 silly packumentCache full:https://registry.npmjs.org/has-property-descriptors cache-miss
1348 silly fetch manifest array-buffer-byte-length@^1.0.2
1349 silly packumentCache full:https://registry.npmjs.org/array-buffer-byte-length cache-miss
1350 silly fetch manifest arraybuffer.prototype.slice@^1.0.4
1351 silly packumentCache full:https://registry.npmjs.org/arraybuffer.prototype.slice cache-miss
1352 silly fetch manifest available-typed-arrays@^1.0.7
1353 silly packumentCache full:https://registry.npmjs.org/available-typed-arrays cache-miss
1354 http fetch GET 200 https://registry.npmjs.org/es-define-property 90ms (cache miss)
1355 silly packumentCache full:https://registry.npmjs.org/es-define-property set size:undefined disposed:false
1356 silly fetch manifest data-view-buffer@^1.0.2
1357 silly packumentCache full:https://registry.npmjs.org/data-view-buffer cache-miss
1358 http fetch GET 200 https://registry.npmjs.org/set-function-length 91ms (cache miss)
1359 silly packumentCache full:https://registry.npmjs.org/set-function-length set size:undefined disposed:false
1360 silly fetch manifest data-view-byte-length@^1.0.2
1361 silly packumentCache full:https://registry.npmjs.org/data-view-byte-length cache-miss
1362 http fetch GET 200 https://registry.npmjs.org/available-typed-arrays 93ms (cache miss)
1363 silly packumentCache full:https://registry.npmjs.org/available-typed-arrays set size:undefined disposed:false
1364 silly fetch manifest data-view-byte-offset@^1.0.1
1365 silly packumentCache full:https://registry.npmjs.org/data-view-byte-offset cache-miss
1366 http fetch GET 200 https://registry.npmjs.org/has-property-descriptors 114ms (cache miss)
1367 silly packumentCache full:https://registry.npmjs.org/has-property-descriptors set size:undefined disposed:false
1368 silly fetch manifest es-set-tostringtag@^2.1.0
1369 silly packumentCache full:https://registry.npmjs.org/es-set-tostringtag cache-miss
1370 http fetch GET 200 https://registry.npmjs.org/array-buffer-byte-length 162ms (cache miss)
1371 silly packumentCache full:https://registry.npmjs.org/array-buffer-byte-length set size:undefined disposed:false
1372 silly fetch manifest es-to-primitive@^1.3.0
1373 silly packumentCache full:https://registry.npmjs.org/es-to-primitive cache-miss
1374 http fetch GET 200 https://registry.npmjs.org/data-view-buffer 85ms (cache miss)
1375 silly packumentCache full:https://registry.npmjs.org/data-view-buffer set size:undefined disposed:false
1376 silly fetch manifest function.prototype.name@^1.1.8
1377 silly packumentCache full:https://registry.npmjs.org/function.prototype.name cache-miss
1378 http fetch GET 200 https://registry.npmjs.org/define-data-property 182ms (cache miss)
1379 silly packumentCache full:https://registry.npmjs.org/define-data-property set size:undefined disposed:false
1380 silly fetch manifest get-proto@^1.0.1
1381 silly packumentCache full:https://registry.npmjs.org/get-proto cache-miss
1382 http fetch GET 200 https://registry.npmjs.org/data-view-byte-length 92ms (cache miss)
1383 silly packumentCache full:https://registry.npmjs.org/data-view-byte-length set size:undefined disposed:false
1384 silly fetch manifest get-symbol-description@^1.1.0
1385 silly packumentCache full:https://registry.npmjs.org/get-symbol-description cache-miss
1386 http fetch GET 200 https://registry.npmjs.org/es-set-tostringtag 114ms (cache miss)
1387 silly packumentCache full:https://registry.npmjs.org/es-set-tostringtag set size:undefined disposed:false
1388 silly fetch manifest globalthis@^1.0.4
1389 silly packumentCache full:https://registry.npmjs.org/globalthis cache-miss
1390 http fetch GET 200 https://registry.npmjs.org/function.prototype.name 90ms (cache miss)
1391 silly packumentCache full:https://registry.npmjs.org/function.prototype.name set size:undefined disposed:false
1392 silly fetch manifest gopd@^1.2.0
1393 silly packumentCache full:https://registry.npmjs.org/gopd cache-miss
1394 http fetch GET 200 https://registry.npmjs.org/get-proto 88ms (cache miss)
1395 silly packumentCache full:https://registry.npmjs.org/get-proto set size:undefined disposed:false
1396 silly fetch manifest has-property-descriptors@^1.0.2
1397 silly packumentCache full:https://registry.npmjs.org/has-property-descriptors cache-miss
1398 http cache https://registry.npmjs.org/has-property-descriptors 1ms (cache hit)
1399 silly packumentCache full:https://registry.npmjs.org/has-property-descriptors set size:12452 disposed:false
1400 silly fetch manifest has-proto@^1.2.0
1401 silly packumentCache full:https://registry.npmjs.org/has-proto cache-miss
1402 http fetch GET 200 https://registry.npmjs.org/arraybuffer.prototype.slice 321ms (cache miss)
1403 silly packumentCache full:https://registry.npmjs.org/arraybuffer.prototype.slice set size:undefined disposed:false
1404 silly fetch manifest has-symbols@^1.1.0
1405 silly packumentCache full:https://registry.npmjs.org/has-symbols cache-miss
1406 http fetch GET 200 https://registry.npmjs.org/globalthis 109ms (cache miss)
1407 silly packumentCache full:https://registry.npmjs.org/globalthis set size:undefined disposed:false
1408 silly fetch manifest internal-slot@^1.1.0
1409 silly packumentCache full:https://registry.npmjs.org/internal-slot cache-miss
1410 http fetch GET 200 https://registry.npmjs.org/call-bind-apply-helpers 340ms (cache miss)
1411 silly packumentCache full:https://registry.npmjs.org/call-bind-apply-helpers set size:undefined disposed:false
1412 silly fetch manifest is-array-buffer@^3.0.5
1413 silly packumentCache full:https://registry.npmjs.org/is-array-buffer cache-miss
1414 http fetch GET 200 https://registry.npmjs.org/call-bind-apply-helpers 358ms (cache miss)
1415 silly packumentCache full:https://registry.npmjs.org/call-bind-apply-helpers set size:undefined disposed:false
1416 silly fetch manifest is-callable@^1.2.7
1417 silly packumentCache full:https://registry.npmjs.org/is-callable cache-miss
1418 http fetch GET 200 https://registry.npmjs.org/has-symbols 83ms (cache miss)
1419 silly packumentCache full:https://registry.npmjs.org/has-symbols set size:undefined disposed:false
1420 silly fetch manifest is-data-view@^1.0.2
1421 silly packumentCache full:https://registry.npmjs.org/is-data-view cache-miss
1422 http fetch GET 200 https://registry.npmjs.org/es-to-primitive 251ms (cache miss)
1423 silly packumentCache full:https://registry.npmjs.org/es-to-primitive set size:undefined disposed:false
1424 silly fetch manifest is-negative-zero@^2.0.3
1425 silly packumentCache full:https://registry.npmjs.org/is-negative-zero cache-miss
1426 http fetch GET 200 https://registry.npmjs.org/internal-slot 83ms (cache miss)
1427 silly packumentCache full:https://registry.npmjs.org/internal-slot set size:undefined disposed:false
1428 silly fetch manifest is-regex@^1.2.1
1429 silly packumentCache full:https://registry.npmjs.org/is-regex cache-miss
1430 http fetch GET 200 https://registry.npmjs.org/data-view-byte-offset 341ms (cache miss)
1431 silly packumentCache full:https://registry.npmjs.org/data-view-byte-offset set size:undefined disposed:false
1432 silly fetch manifest is-set@^2.0.3
1433 silly packumentCache full:https://registry.npmjs.org/is-set cache-miss
1434 http fetch GET 200 https://registry.npmjs.org/is-array-buffer 113ms (cache miss)
1435 silly packumentCache full:https://registry.npmjs.org/is-array-buffer set size:undefined disposed:false
1436 silly fetch manifest is-shared-array-buffer@^1.0.4
1437 silly packumentCache full:https://registry.npmjs.org/is-shared-array-buffer cache-miss
1438 http fetch GET 200 https://registry.npmjs.org/is-callable 96ms (cache miss)
1439 silly packumentCache full:https://registry.npmjs.org/is-callable set size:undefined disposed:false
1440 silly fetch manifest is-typed-array@^1.1.15
1441 silly packumentCache full:https://registry.npmjs.org/is-typed-array cache-miss
1442 http fetch GET 200 https://registry.npmjs.org/is-data-view 85ms (cache miss)
1443 silly packumentCache full:https://registry.npmjs.org/is-data-view set size:undefined disposed:false
1444 silly fetch manifest is-weakref@^1.1.1
1445 silly packumentCache full:https://registry.npmjs.org/is-weakref cache-miss
1446 http fetch GET 200 https://registry.npmjs.org/is-shared-array-buffer 110ms (cache miss)
1447 silly packumentCache full:https://registry.npmjs.org/is-shared-array-buffer set size:undefined disposed:false
1448 silly fetch manifest object-inspect@^1.13.4
1449 silly packumentCache full:https://registry.npmjs.org/object-inspect cache-miss
1450 http fetch GET 200 https://registry.npmjs.org/is-weakref 84ms (cache miss)
1451 silly packumentCache full:https://registry.npmjs.org/is-weakref set size:undefined disposed:false
1452 silly fetch manifest object.assign@^4.1.7
1453 silly packumentCache full:https://registry.npmjs.org/object.assign cache-miss
1454 http fetch GET 200 https://registry.npmjs.org/get-symbol-description 416ms (cache miss)
1455 silly packumentCache full:https://registry.npmjs.org/get-symbol-description set size:undefined disposed:false
1456 silly fetch manifest own-keys@^1.0.1
1457 silly packumentCache full:https://registry.npmjs.org/own-keys cache-miss
1458 http fetch GET 200 https://registry.npmjs.org/gopd 342ms (cache miss)
1459 silly packumentCache full:https://registry.npmjs.org/gopd set size:undefined disposed:false
1460 silly fetch manifest regexp.prototype.flags@^1.5.4
1461 silly packumentCache full:https://registry.npmjs.org/regexp.prototype.flags cache-miss
1462 http fetch GET 200 https://registry.npmjs.org/has-proto 352ms (cache miss)
1463 silly packumentCache full:https://registry.npmjs.org/has-proto set size:undefined disposed:false
1464 silly fetch manifest safe-array-concat@^1.1.3
1465 silly packumentCache full:https://registry.npmjs.org/safe-array-concat cache-miss
1466 http fetch GET 200 https://registry.npmjs.org/is-negative-zero 216ms (cache miss)
1467 silly packumentCache full:https://registry.npmjs.org/is-negative-zero set size:undefined disposed:false
1468 silly fetch manifest safe-push-apply@^1.0.0
1469 silly packumentCache full:https://registry.npmjs.org/safe-push-apply cache-miss
1470 http fetch GET 200 https://registry.npmjs.org/object.assign 92ms (cache miss)
1471 silly packumentCache full:https://registry.npmjs.org/object.assign set size:undefined disposed:false
1472 silly fetch manifest safe-regex-test@^1.1.0
1473 silly packumentCache full:https://registry.npmjs.org/safe-regex-test cache-miss
1474 http cache https://registry.npmjs.org/safe-regex-test 2ms (cache hit)
1475 silly packumentCache full:https://registry.npmjs.org/safe-regex-test set size:17412 disposed:false
1476 silly fetch manifest set-proto@^1.0.0
1477 silly packumentCache full:https://registry.npmjs.org/set-proto cache-miss
1478 http fetch GET 200 https://registry.npmjs.org/regexp.prototype.flags 84ms (cache miss)
1479 silly packumentCache full:https://registry.npmjs.org/regexp.prototype.flags set size:undefined disposed:false
1480 silly fetch manifest stop-iteration-iterator@^1.1.0
1481 silly packumentCache full:https://registry.npmjs.org/stop-iteration-iterator cache-miss
1482 http fetch GET 200 https://registry.npmjs.org/is-regex 325ms (cache miss)
1483 silly packumentCache full:https://registry.npmjs.org/is-regex set size:undefined disposed:false
1484 silly fetch manifest string.prototype.trim@^1.2.10
1485 silly packumentCache full:https://registry.npmjs.org/string.prototype.trim cache-miss
1486 http fetch GET 200 https://registry.npmjs.org/set-proto 82ms (cache miss)
1487 silly packumentCache full:https://registry.npmjs.org/set-proto set size:undefined disposed:false
1488 silly fetch manifest string.prototype.trimstart@^1.0.8
1489 silly packumentCache full:https://registry.npmjs.org/string.prototype.trimstart cache-miss
1490 http fetch GET 200 https://registry.npmjs.org/own-keys 153ms (cache miss)
1491 silly packumentCache full:https://registry.npmjs.org/own-keys set size:undefined disposed:false
1492 silly fetch manifest typed-array-buffer@^1.0.3
1493 silly packumentCache full:https://registry.npmjs.org/typed-array-buffer cache-miss
1494 http fetch GET 200 https://registry.npmjs.org/safe-push-apply 153ms (cache miss)
1495 silly packumentCache full:https://registry.npmjs.org/safe-push-apply set size:undefined disposed:false
1496 silly fetch manifest typed-array-byte-length@^1.0.3
1497 silly packumentCache full:https://registry.npmjs.org/typed-array-byte-length cache-miss
1498 http fetch GET 200 https://registry.npmjs.org/stop-iteration-iterator 91ms (cache miss)
1499 silly packumentCache full:https://registry.npmjs.org/stop-iteration-iterator set size:undefined disposed:false
1500 silly fetch manifest typed-array-byte-offset@^1.0.4
1501 silly packumentCache full:https://registry.npmjs.org/typed-array-byte-offset cache-miss
1502 http fetch GET 200 https://registry.npmjs.org/is-set 351ms (cache miss)
1503 silly packumentCache full:https://registry.npmjs.org/is-set set size:undefined disposed:false
1504 silly fetch manifest typed-array-length@^1.0.7
1505 silly packumentCache full:https://registry.npmjs.org/typed-array-length cache-miss
1506 http fetch GET 200 https://registry.npmjs.org/is-typed-array 357ms (cache miss)
1507 silly packumentCache full:https://registry.npmjs.org/is-typed-array set size:undefined disposed:false
1508 silly fetch manifest unbox-primitive@^1.1.0
1509 silly packumentCache full:https://registry.npmjs.org/unbox-primitive cache-miss
1510 http fetch GET 200 https://registry.npmjs.org/string.prototype.trim 82ms (cache miss)
1511 silly packumentCache full:https://registry.npmjs.org/string.prototype.trim set size:undefined disposed:false
1512 silly fetch manifest which-typed-array@^1.1.19
1513 silly packumentCache full:https://registry.npmjs.org/which-typed-array cache-miss
1514 http fetch GET 200 https://registry.npmjs.org/string.prototype.trimstart 84ms (cache miss)
1515 silly packumentCache full:https://registry.npmjs.org/string.prototype.trimstart set size:undefined disposed:false
1516 silly fetch manifest has-tostringtag@^1.0.2
1517 silly packumentCache full:https://registry.npmjs.org/has-tostringtag cache-miss
1518 http fetch GET 200 https://registry.npmjs.org/unbox-primitive 93ms (cache miss)
1519 silly packumentCache full:https://registry.npmjs.org/unbox-primitive set size:undefined disposed:false
1520 http fetch GET 200 https://registry.npmjs.org/typed-array-buffer 152ms (cache miss)
1521 silly packumentCache full:https://registry.npmjs.org/typed-array-buffer set size:undefined disposed:false
1522 http fetch GET 200 https://registry.npmjs.org/has-tostringtag 82ms (cache miss)
1523 silly packumentCache full:https://registry.npmjs.org/has-tostringtag set size:undefined disposed:false
1524 http fetch GET 200 https://registry.npmjs.org/which-typed-array 91ms (cache miss)
1525 silly packumentCache full:https://registry.npmjs.org/which-typed-array set size:undefined disposed:false
1526 http fetch GET 200 https://registry.npmjs.org/object-inspect 372ms (cache miss)
1527 silly packumentCache full:https://registry.npmjs.org/object-inspect set size:undefined disposed:false
1528 http fetch GET 200 https://registry.npmjs.org/typed-array-byte-offset 156ms (cache miss)
1529 silly packumentCache full:https://registry.npmjs.org/typed-array-byte-offset set size:undefined disposed:false
1530 http fetch GET 200 https://registry.npmjs.org/safe-array-concat 327ms (cache miss)
1531 silly packumentCache full:https://registry.npmjs.org/safe-array-concat set size:undefined disposed:false
1532 http fetch GET 200 https://registry.npmjs.org/typed-array-byte-length 343ms (cache miss)
1533 silly packumentCache full:https://registry.npmjs.org/typed-array-byte-length set size:undefined disposed:false
1534 http fetch GET 200 https://registry.npmjs.org/typed-array-length 353ms (cache miss)
1535 silly packumentCache full:https://registry.npmjs.org/typed-array-length set size:undefined disposed:false
1536 silly placeDep ROOT es-errors@1.3.0 OK for: array.prototype.findlastindex@1.2.6 want: ^1.3.0
1537 silly placeDep ROOT es-shim-unscopables@1.1.0 OK for: array.prototype.findlastindex@1.2.6 want: ^1.1.0
1538 silly placeDep ROOT call-bind-apply-helpers@1.0.2 OK for: call-bind@1.0.9 want: ^1.0.2
1539 silly placeDep ROOT es-define-property@1.0.1 OK for: call-bind@1.0.9 want: ^1.0.1
1540 silly placeDep ROOT set-function-length@1.2.2 OK for: call-bind@1.0.9 want: ^1.2.2
1541 silly fetch manifest define-data-property@^1.1.4
1542 silly packumentCache full:https://registry.npmjs.org/define-data-property cache-miss
1543 silly fetch manifest gopd@^1.0.1
1544 silly packumentCache full:https://registry.npmjs.org/gopd cache-miss
1545 http cache https://registry.npmjs.org/define-data-property 4ms (cache hit)
1546 silly packumentCache full:https://registry.npmjs.org/define-data-property set size:28048 disposed:false
1547 http cache https://registry.npmjs.org/gopd 3ms (cache hit)
1548 silly packumentCache full:https://registry.npmjs.org/gopd set size:11483 disposed:false
1549 silly placeDep ROOT function-bind@1.1.2 OK for: call-bind-apply-helpers@1.0.2 want: ^1.1.2
1550 silly placeDep ROOT define-data-property@1.1.4 OK for: define-properties@1.2.1 want: ^1.0.1
1551 silly placeDep ROOT has-property-descriptors@1.0.2 OK for: define-properties@1.2.1 want: ^1.0.0
1552 silly placeDep ROOT object-keys@1.1.1 OK for: define-properties@1.2.1 want: ^1.1.1
1553 silly placeDep ROOT gopd@1.2.0 OK for: define-data-property@1.1.4 want: ^1.0.1
1554 silly placeDep ROOT array-buffer-byte-length@1.0.2 OK for: es-abstract@1.24.2 want: ^1.0.2
1555 silly placeDep ROOT arraybuffer.prototype.slice@1.0.4 OK for: es-abstract@1.24.2 want: ^1.0.4
1556 silly placeDep ROOT available-typed-arrays@1.0.7 OK for: es-abstract@1.24.2 want: ^1.0.7
1557 silly placeDep ROOT data-view-buffer@1.0.2 OK for: es-abstract@1.24.2 want: ^1.0.2
1558 silly placeDep ROOT data-view-byte-length@1.0.2 OK for: es-abstract@1.24.2 want: ^1.0.2
1559 silly placeDep ROOT data-view-byte-offset@1.0.1 OK for: es-abstract@1.24.2 want: ^1.0.1
1560 silly placeDep ROOT es-set-tostringtag@2.1.0 OK for: es-abstract@1.24.2 want: ^2.1.0
1561 silly placeDep ROOT es-to-primitive@1.3.4 OK for: es-abstract@1.24.2 want: ^1.3.0
1562 silly placeDep ROOT function.prototype.name@1.2.0 OK for: es-abstract@1.24.2 want: ^1.1.8
1563 silly placeDep ROOT get-proto@1.0.1 OK for: es-abstract@1.24.2 want: ^1.0.1
1564 silly placeDep ROOT get-symbol-description@1.1.0 OK for: es-abstract@1.24.2 want: ^1.1.0
1565 silly placeDep ROOT globalthis@1.0.4 OK for: es-abstract@1.24.2 want: ^1.0.4
1566 silly placeDep ROOT has-proto@1.2.0 OK for: es-abstract@1.24.2 want: ^1.2.0
1567 silly placeDep ROOT has-symbols@1.1.0 OK for: es-abstract@1.24.2 want: ^1.1.0
1568 silly placeDep ROOT internal-slot@1.1.0 OK for: es-abstract@1.24.2 want: ^1.1.0
1569 silly placeDep ROOT is-array-buffer@3.0.5 OK for: es-abstract@1.24.2 want: ^3.0.5
1570 silly placeDep ROOT is-callable@1.2.7 OK for: es-abstract@1.24.2 want: ^1.2.7
1571 silly placeDep ROOT is-data-view@1.0.2 OK for: es-abstract@1.24.2 want: ^1.0.2
1572 silly placeDep ROOT is-negative-zero@2.0.3 OK for: es-abstract@1.24.2 want: ^2.0.3
1573 silly placeDep ROOT is-regex@1.2.1 OK for: es-abstract@1.24.2 want: ^1.2.1
1574 silly placeDep ROOT is-set@2.0.3 OK for: es-abstract@1.24.2 want: ^2.0.3
1575 silly placeDep ROOT is-shared-array-buffer@1.0.4 OK for: es-abstract@1.24.2 want: ^1.0.4
1576 silly placeDep ROOT is-typed-array@1.1.15 OK for: es-abstract@1.24.2 want: ^1.1.15
1577 silly placeDep ROOT is-weakref@1.1.1 OK for: es-abstract@1.24.2 want: ^1.1.1
1578 silly placeDep ROOT object-inspect@1.13.4 OK for: es-abstract@1.24.2 want: ^1.13.4
1579 silly placeDep ROOT object.assign@4.1.7 OK for: es-abstract@1.24.2 want: ^4.1.7
1580 silly placeDep ROOT own-keys@1.0.2 OK for: es-abstract@1.24.2 want: ^1.0.1
1581 silly placeDep ROOT regexp.prototype.flags@1.5.4 OK for: es-abstract@1.24.2 want: ^1.5.4
1582 silly placeDep ROOT safe-array-concat@1.1.4 OK for: es-abstract@1.24.2 want: ^1.1.3
1583 silly placeDep ROOT safe-push-apply@1.0.0 OK for: es-abstract@1.24.2 want: ^1.0.0
1584 silly placeDep ROOT safe-regex-test@1.1.0 OK for: es-abstract@1.24.2 want: ^1.1.0
1585 silly placeDep ROOT set-proto@1.0.0 OK for: es-abstract@1.24.2 want: ^1.0.0
1586 silly placeDep ROOT stop-iteration-iterator@1.1.0 OK for: es-abstract@1.24.2 want: ^1.1.0
1587 silly placeDep ROOT string.prototype.trim@1.2.11 OK for: es-abstract@1.24.2 want: ^1.2.10
1588 silly placeDep ROOT string.prototype.trimstart@1.0.8 OK for: es-abstract@1.24.2 want: ^1.0.8
1589 silly placeDep ROOT typed-array-buffer@1.0.3 OK for: es-abstract@1.24.2 want: ^1.0.3
1590 silly placeDep ROOT typed-array-byte-length@1.0.3 OK for: es-abstract@1.24.2 want: ^1.0.3
1591 silly placeDep ROOT typed-array-byte-offset@1.0.4 OK for: es-abstract@1.24.2 want: ^1.0.4
1592 silly placeDep ROOT typed-array-length@1.0.8 OK for: es-abstract@1.24.2 want: ^1.0.7
1593 silly placeDep ROOT unbox-primitive@1.1.0 OK for: es-abstract@1.24.2 want: ^1.1.0
1594 silly placeDep ROOT which-typed-array@1.1.22 OK for: es-abstract@1.24.2 want: ^1.1.19
1595 silly fetch manifest is-array-buffer@^3.0.4
1596 silly packumentCache full:https://registry.npmjs.org/is-array-buffer cache-miss
1597 silly fetch manifest possible-typed-array-names@^1.0.0
1598 silly packumentCache full:https://registry.npmjs.org/possible-typed-array-names cache-miss
1599 silly fetch manifest is-data-view@^1.0.1
1600 silly packumentCache full:https://registry.npmjs.org/is-data-view cache-miss
1601 silly fetch manifest is-symbol@^1.1.1
1602 silly packumentCache full:https://registry.npmjs.org/is-symbol cache-miss
1603 silly fetch manifest is-date-object@^1.1.0
1604 silly packumentCache full:https://registry.npmjs.org/is-date-object cache-miss
1605 silly fetch manifest es-abstract-get@^1.0.0
1606 silly packumentCache full:https://registry.npmjs.org/es-abstract-get cache-miss
1607 silly fetch manifest is-document.all@^1.0.0
1608 silly packumentCache full:https://registry.npmjs.org/is-document.all cache-miss
1609 silly fetch manifest functions-have-names@^1.2.3
1610 silly packumentCache full:https://registry.npmjs.org/functions-have-names cache-miss
1611 silly fetch manifest dunder-proto@^1.0.1
1612 silly packumentCache full:https://registry.npmjs.org/dunder-proto cache-miss
1613 http cache https://registry.npmjs.org/is-data-view 3ms (cache hit)
1614 silly packumentCache full:https://registry.npmjs.org/is-data-view set size:13756 disposed:false
1615 silly fetch manifest dunder-proto@^1.0.0
1616 silly packumentCache full:https://registry.npmjs.org/dunder-proto cache-miss
1617 http cache https://registry.npmjs.org/is-array-buffer 4ms (cache hit)
1618 silly packumentCache full:https://registry.npmjs.org/is-array-buffer set size:33562 disposed:false
1619 silly fetch manifest side-channel@^1.1.0
1620 silly packumentCache full:https://registry.npmjs.org/side-channel cache-miss
1621 http fetch GET 200 https://registry.npmjs.org/is-date-object 81ms (cache miss)
1622 silly packumentCache full:https://registry.npmjs.org/is-date-object set size:undefined disposed:false
1623 silly fetch manifest is-typed-array@^1.1.13
1624 silly packumentCache full:https://registry.npmjs.org/is-typed-array cache-miss
1625 http fetch GET 200 https://registry.npmjs.org/es-abstract-get 81ms (cache miss)
1626 silly packumentCache full:https://registry.npmjs.org/es-abstract-get set size:undefined disposed:false
1627 silly fetch manifest which-typed-array@^1.1.16
1628 silly packumentCache full:https://registry.npmjs.org/which-typed-array cache-miss
1629 http cache https://registry.npmjs.org/is-typed-array 2ms (cache hit)
1630 silly packumentCache full:https://registry.npmjs.org/is-typed-array set size:79965 disposed:false
1631 silly fetch manifest set-function-name@^2.0.2
1632 silly packumentCache full:https://registry.npmjs.org/set-function-name cache-miss
1633 http cache https://registry.npmjs.org/which-typed-array 2ms (cache hit)
1634 silly packumentCache full:https://registry.npmjs.org/which-typed-array set size:101551 disposed:false
1635 silly fetch manifest isarray@^2.0.5
1636 silly packumentCache full:https://registry.npmjs.org/isarray cache-miss
1637 http fetch GET 200 https://registry.npmjs.org/possible-typed-array-names 88ms (cache miss)
1638 silly packumentCache full:https://registry.npmjs.org/possible-typed-array-names set size:undefined disposed:false
1639 silly fetch manifest isarray@^2.0.5
1640 silly packumentCache full:https://registry.npmjs.org/isarray cache-miss
1641 http fetch GET 200 https://registry.npmjs.org/side-channel 89ms (cache miss)
1642 silly packumentCache full:https://registry.npmjs.org/side-channel set size:undefined disposed:false
1643 silly fetch manifest dunder-proto@^1.0.1
1644 silly packumentCache full:https://registry.npmjs.org/dunder-proto cache-miss
1645 http fetch GET 200 https://registry.npmjs.org/is-document.all 114ms (cache miss)
1646 silly packumentCache full:https://registry.npmjs.org/is-document.all set size:undefined disposed:false
1647 silly fetch manifest for-each@^0.3.3
1648 silly packumentCache full:https://registry.npmjs.org/for-each cache-miss
1649 http fetch GET 200 https://registry.npmjs.org/set-function-name 81ms (cache miss)
1650 silly packumentCache full:https://registry.npmjs.org/set-function-name set size:undefined disposed:false
1651 silly fetch manifest for-each@^0.3.3
1652 silly packumentCache full:https://registry.npmjs.org/for-each cache-miss
1653 http fetch GET 200 https://registry.npmjs.org/isarray 79ms (cache miss)
1654 silly packumentCache full:https://registry.npmjs.org/isarray set size:undefined disposed:false
1655 silly fetch manifest reflect.getprototypeof@^1.0.9
1656 silly packumentCache full:https://registry.npmjs.org/reflect.getprototypeof cache-miss
1657 http fetch GET 200 https://registry.npmjs.org/isarray 83ms (cache miss)
1658 silly packumentCache full:https://registry.npmjs.org/isarray set size:undefined disposed:false
1659 silly fetch manifest for-each@^0.3.5
1660 silly packumentCache full:https://registry.npmjs.org/for-each cache-miss
1661 http fetch GET 200 https://registry.npmjs.org/is-symbol 210ms (cache miss)
1662 silly packumentCache full:https://registry.npmjs.org/is-symbol set size:undefined disposed:false
1663 silly fetch manifest possible-typed-array-names@^1.1.0
1664 silly packumentCache full:https://registry.npmjs.org/possible-typed-array-names cache-miss
1665 http cache https://registry.npmjs.org/possible-typed-array-names 1ms (cache hit)
1666 silly packumentCache full:https://registry.npmjs.org/possible-typed-array-names set size:9167 disposed:false
1667 silly fetch manifest reflect.getprototypeof@^1.0.10
1668 silly packumentCache full:https://registry.npmjs.org/reflect.getprototypeof cache-miss
1669 http fetch GET 200 https://registry.npmjs.org/for-each 108ms (cache miss)
1670 silly packumentCache full:https://registry.npmjs.org/for-each set size:undefined disposed:false
1671 silly fetch manifest has-bigints@^1.0.2
1672 silly packumentCache full:https://registry.npmjs.org/has-bigints cache-miss
1673 http fetch GET 200 https://registry.npmjs.org/functions-have-names 239ms (cache miss)
1674 silly packumentCache full:https://registry.npmjs.org/functions-have-names set size:undefined disposed:false
1675 silly fetch manifest which-boxed-primitive@^1.1.1
1676 silly packumentCache full:https://registry.npmjs.org/which-boxed-primitive cache-miss
1677 http fetch GET 200 https://registry.npmjs.org/for-each 80ms (cache miss)
1678 silly packumentCache full:https://registry.npmjs.org/for-each set size:undefined disposed:false
1679 silly fetch manifest for-each@^0.3.5
1680 silly packumentCache full:https://registry.npmjs.org/for-each cache-miss
1681 http cache https://registry.npmjs.org/for-each 1ms (cache hit)
1682 silly packumentCache full:https://registry.npmjs.org/for-each set size:14327 disposed:false
1683 http fetch GET 200 https://registry.npmjs.org/reflect.getprototypeof 82ms (cache miss)
1684 silly packumentCache full:https://registry.npmjs.org/reflect.getprototypeof set size:undefined disposed:false
1685 http fetch GET 200 https://registry.npmjs.org/for-each 85ms (cache miss)
1686 silly packumentCache full:https://registry.npmjs.org/for-each set size:undefined disposed:false
1687 silly packumentCache full:https://registry.npmjs.org/for-each dispose
1688 http fetch GET 200 https://registry.npmjs.org/has-bigints 109ms (cache miss)
1689 silly packumentCache full:https://registry.npmjs.org/has-bigints set size:undefined disposed:false
1690 http fetch GET 200 https://registry.npmjs.org/dunder-proto 252ms (cache miss)
1691 silly packumentCache full:https://registry.npmjs.org/dunder-proto set size:undefined disposed:false
1692 http fetch GET 200 https://registry.npmjs.org/dunder-proto 342ms (cache miss)
1693 silly packumentCache full:https://registry.npmjs.org/dunder-proto set size:undefined disposed:false
1694 http fetch GET 200 https://registry.npmjs.org/dunder-proto 347ms (cache miss)
1695 silly packumentCache full:https://registry.npmjs.org/dunder-proto set size:undefined disposed:false
1696 http fetch GET 200 https://registry.npmjs.org/reflect.getprototypeof 242ms (cache miss)
1697 silly packumentCache full:https://registry.npmjs.org/reflect.getprototypeof set size:undefined disposed:false
1698 http fetch GET 200 https://registry.npmjs.org/which-boxed-primitive 471ms (cache miss)
1699 silly packumentCache full:https://registry.npmjs.org/which-boxed-primitive set size:undefined disposed:false
1700 silly placeDep ROOT possible-typed-array-names@1.1.0 OK for: available-typed-arrays@1.0.7 want: ^1.0.0
1701 silly placeDep ROOT has-tostringtag@1.0.2 OK for: es-set-tostringtag@2.1.0 want: ^1.0.2
1702 silly placeDep ROOT es-abstract-get@1.0.0 OK for: es-to-primitive@1.3.4 want: ^1.0.0
1703 silly placeDep ROOT is-date-object@1.1.0 OK for: es-to-primitive@1.3.4 want: ^1.1.0
1704 silly placeDep ROOT is-symbol@1.1.1 OK for: es-to-primitive@1.3.4 want: ^1.1.1
1705 silly placeDep node_modules/eslint-module-utils debug@3.2.7 OK for: eslint-module-utils@2.14.0 want: ^3.2.7
1706 silly placeDep ROOT aria-query@5.3.2 OK for: eslint-plugin-jsx-a11y@6.10.2 want: ^5.3.2
1707 silly placeDep ROOT ast-types-flow@0.0.8 OK for: eslint-plugin-jsx-a11y@6.10.2 want: ^0.0.8
1708 silly placeDep ROOT axe-core@4.13.0 OK for: eslint-plugin-jsx-a11y@6.10.2 want: ^4.10.0
1709 silly placeDep ROOT axobject-query@4.1.0 OK for: eslint-plugin-jsx-a11y@6.10.2 want: ^4.1.0
1710 silly placeDep ROOT damerau-levenshtein@1.0.8 OK for: eslint-plugin-jsx-a11y@6.10.2 want: ^1.0.8
1711 silly placeDep ROOT emoji-regex@9.2.2 OK for: eslint-plugin-jsx-a11y@6.10.2 want: ^9.2.2
1712 silly placeDep ROOT jsx-ast-utils@3.3.5 OK for: eslint-plugin-jsx-a11y@6.10.2 want: ^3.3.5
1713 silly placeDep ROOT language-tags@1.0.9 OK for: eslint-plugin-jsx-a11y@6.10.2 want: ^1.0.9
1714 silly placeDep ROOT string.prototype.includes@2.0.1 OK for: eslint-plugin-jsx-a11y@6.10.2 want: ^2.0.1
1715 silly fetch manifest language-subtag-registry@^0.3.20
1716 silly packumentCache full:https://registry.npmjs.org/language-subtag-registry cache-miss
1717 http fetch GET 200 https://registry.npmjs.org/language-subtag-registry 317ms (cache miss)
1718 silly packumentCache full:https://registry.npmjs.org/language-subtag-registry set size:undefined disposed:false
1719 silly placeDep ROOT array.prototype.findlast@1.2.5 OK for: eslint-plugin-react@7.37.5 want: ^1.2.5
1720 silly placeDep ROOT array.prototype.tosorted@1.1.4 OK for: eslint-plugin-react@7.37.5 want: ^1.1.4
1721 silly placeDep node_modules/eslint-plugin-react doctrine@2.1.0 OK for: eslint-plugin-react@7.37.5 want: ^2.1.0
1722 silly placeDep ROOT es-iterator-helpers@1.4.0 OK for: eslint-plugin-react@7.37.5 want: ^1.2.1
1723 silly placeDep ROOT estraverse@5.3.0 OK for: eslint-plugin-react@7.37.5 want: ^5.3.0
1724 silly placeDep ROOT object.entries@1.1.9 OK for: eslint-plugin-react@7.37.5 want: ^1.1.9
1725 silly placeDep ROOT prop-types@15.8.1 OK for: eslint-plugin-react@7.37.5 want: ^15.8.1
1726 silly placeDep node_modules/eslint-plugin-react semver@6.3.1 OK for: eslint-plugin-react@7.37.5 want: ^6.3.1
1727 silly placeDep ROOT string.prototype.matchall@4.1.0 OK for: eslint-plugin-react@7.37.5 want: ^4.0.12
1728 silly placeDep ROOT string.prototype.repeat@1.0.0 OK for: eslint-plugin-react@7.37.5 want: ^1.0.0
1729 silly fetch manifest iterator.prototype@^1.1.5
1730 silly packumentCache full:https://registry.npmjs.org/iterator.prototype cache-miss
1731 silly fetch manifest loose-envify@^1.4.0
1732 silly packumentCache full:https://registry.npmjs.org/loose-envify cache-miss
1733 silly fetch manifest object-assign@^4.1.1
1734 silly packumentCache full:https://registry.npmjs.org/object-assign cache-miss
1735 silly fetch manifest react-is@^16.13.1
1736 silly packumentCache full:https://registry.npmjs.org/react-is cache-miss
1737 silly fetch manifest side-channel@^1.1.1
1738 silly packumentCache full:https://registry.npmjs.org/side-channel cache-miss
1739 http cache https://registry.npmjs.org/side-channel 5ms (cache hit)
1740 silly packumentCache full:https://registry.npmjs.org/side-channel set size:27650 disposed:false
1741 http cache https://registry.npmjs.org/loose-envify 7ms (cache hit)
1742 silly packumentCache full:https://registry.npmjs.org/loose-envify set size:12559 disposed:false
1743 http fetch GET 200 https://registry.npmjs.org/iterator.prototype 85ms (cache miss)
1744 silly packumentCache full:https://registry.npmjs.org/iterator.prototype set size:undefined disposed:false
1745 http fetch GET 200 https://registry.npmjs.org/object-assign 88ms (cache miss)
1746 silly packumentCache full:https://registry.npmjs.org/object-assign set size:undefined disposed:false
1747 http fetch GET 200 https://registry.npmjs.org/react-is 734ms (cache miss)
1748 silly packumentCache full:https://registry.npmjs.org/react-is set size:undefined disposed:false
1749 silly placeDep ROOT iterator.prototype@1.1.5 OK for: es-iterator-helpers@1.4.0 want: ^1.1.5
1750 silly placeDep ROOT esrecurse@4.3.0 OK for: eslint-scope@7.2.2 want: ^4.3.0
1751 silly placeDep ROOT acorn@8.18.0 OK for: espree@9.6.1 want: ^8.9.0
1752 silly placeDep ROOT acorn-jsx@5.3.2 OK for: espree@9.6.1 want: ^5.3.2
1753 silly placeDep ROOT reusify@1.1.0 OK for: fastq@1.20.3 want: ^1.0.4
1754 silly placeDep ROOT flat-cache@3.2.0 OK for: file-entry-cache@6.0.1 want: ^3.0.4
1755 silly fetch manifest keyv@^4.5.3
1756 silly packumentCache full:https://registry.npmjs.org/keyv cache-miss
1757 silly fetch manifest rimraf@^3.0.2
1758 silly packumentCache full:https://registry.npmjs.org/rimraf cache-miss
1759 silly fetch manifest flatted@^3.2.9
1760 silly packumentCache full:https://registry.npmjs.org/flatted cache-miss
1761 http fetch GET 200 https://registry.npmjs.org/keyv 102ms (cache miss)
1762 silly packumentCache full:https://registry.npmjs.org/keyv set size:undefined disposed:false
1763 http fetch GET 200 https://registry.npmjs.org/rimraf 140ms (cache miss)
1764 silly packumentCache full:https://registry.npmjs.org/rimraf set size:undefined disposed:false
1765 http fetch GET 200 https://registry.npmjs.org/flatted 144ms (cache miss)
1766 silly packumentCache full:https://registry.npmjs.org/flatted set size:undefined disposed:false
1767 silly placeDep ROOT locate-path@6.0.0 OK for: find-up@5.0.0 want: ^6.0.0
1768 silly placeDep ROOT path-exists@4.0.0 OK for: find-up@5.0.0 want: ^4.0.0
1769 silly fetch manifest p-locate@^5.0.0
1770 silly packumentCache full:https://registry.npmjs.org/p-locate cache-miss
1771 http fetch GET 200 https://registry.npmjs.org/p-locate 468ms (cache miss)
1772 silly packumentCache full:https://registry.npmjs.org/p-locate set size:undefined disposed:false
1773 silly placeDep ROOT flatted@3.4.4 OK for: flat-cache@3.2.0 want: ^3.2.9
1774 silly placeDep ROOT keyv@4.5.4 OK for: flat-cache@3.2.0 want: ^4.5.3
1775 silly placeDep ROOT rimraf@3.0.2 OK for: flat-cache@3.2.0 want: ^3.0.2
1776 silly fetch manifest json-buffer@3.0.1
1777 silly packumentCache full:https://registry.npmjs.org/json-buffer cache-miss
1778 silly fetch manifest glob@^7.1.3
1779 silly packumentCache full:https://registry.npmjs.org/glob cache-miss
1780 http cache https://registry.npmjs.org/glob 4ms (cache hit)
1781 silly packumentCache full:https://registry.npmjs.org/glob set size:469465 disposed:false
1782 http fetch GET 200 https://registry.npmjs.org/json-buffer 190ms (cache miss)
1783 silly packumentCache full:https://registry.npmjs.org/json-buffer set size:undefined disposed:false
1784 silly placeDep ROOT motion-dom@13.1.1 OK for: framer-motion@13.1.1 want: ^13.1.1
1785 silly placeDep ROOT motion-utils@13.0.0 OK for: framer-motion@13.1.1 want: ^13.0.0
1786 silly placeDep ROOT tslib@2.8.1 OK for: framer-motion@13.1.1 want: ^2.4.0
1787 silly placeDep ROOT functions-have-names@1.2.3 OK for: function.prototype.name@1.2.0 want: ^1.2.3
1788 silly placeDep ROOT is-document.all@1.0.0 OK for: function.prototype.name@1.2.0 want: ^1.0.0
1789 silly placeDep ROOT dunder-proto@1.0.1 OK for: get-proto@1.0.1 want: ^1.0.1
1790 silly placeDep ROOT resolve-pkg-maps@1.0.0 OK for: get-tsconfig@4.14.3 want: ^1.0.0
1791 silly placeDep ROOT foreground-child@3.3.1 OK for: glob@10.3.10 want: ^3.1.0
1792 silly placeDep ROOT jackspeak@2.3.6 OK for: glob@10.3.10 want: ^2.3.5
1793 silly placeDep node_modules/glob minimatch@9.0.9 OK for: glob@10.3.10 want: ^9.0.1
1794 silly placeDep ROOT minipass@7.1.3 OK for: glob@10.3.10 want: ^5.0.0 || ^6.0.2 || ^7.0.0
1795 silly placeDep ROOT path-scurry@1.11.1 OK for: glob@10.3.10 want: ^1.10.1
1796 silly fetch manifest signal-exit@^4.0.1
1797 silly packumentCache full:https://registry.npmjs.org/signal-exit cache-miss
1798 silly fetch manifest @isaacs/cliui@^8.0.2
1799 silly packumentCache full:https://registry.npmjs.org/@isaacs%2fcliui cache-miss
1800 silly fetch manifest @pkgjs/parseargs@^0.11.0
1801 silly packumentCache full:https://registry.npmjs.org/@pkgjs%2fparseargs cache-miss
1802 silly fetch manifest brace-expansion@^2.0.2
1803 silly packumentCache full:https://registry.npmjs.org/brace-expansion cache-hit
1804 silly fetch manifest lru-cache@^10.2.0
1805 silly packumentCache full:https://registry.npmjs.org/lru-cache cache-miss
1806 http fetch GET 200 https://registry.npmjs.org/signal-exit 94ms (cache miss)
1807 silly packumentCache full:https://registry.npmjs.org/signal-exit set size:undefined disposed:false
1808 http fetch GET 200 https://registry.npmjs.org/lru-cache 162ms (cache miss)
1809 silly packumentCache full:https://registry.npmjs.org/lru-cache set size:undefined disposed:false
1810 http fetch GET 200 https://registry.npmjs.org/@isaacs%2fcliui 309ms (cache miss)
1811 silly packumentCache full:https://registry.npmjs.org/@isaacs%2fcliui set size:undefined disposed:false
1812 http fetch GET 200 https://registry.npmjs.org/@pkgjs%2fparseargs 323ms (cache miss)
1813 silly packumentCache full:https://registry.npmjs.org/@pkgjs%2fparseargs set size:undefined disposed:false
1814 silly placeDep ROOT signal-exit@4.1.0 OK for: foreground-child@3.3.1 want: ^4.0.1
1815 silly placeDep ROOT type-fest@0.20.2 OK for: globals@13.24.0 want: ^0.20.2
1816 silly placeDep ROOT parent-module@1.0.1 OK for: import-fresh@3.3.1 want: ^1.0.0
1817 silly placeDep ROOT resolve-from@4.0.0 OK for: import-fresh@3.3.1 want: ^4.0.0
1818 silly fetch manifest callsites@^3.0.0
1819 silly packumentCache full:https://registry.npmjs.org/callsites cache-miss
1820 http fetch GET 200 https://registry.npmjs.org/callsites 86ms (cache miss)
1821 silly packumentCache full:https://registry.npmjs.org/callsites set size:undefined disposed:false
1822 silly placeDep ROOT side-channel@1.1.1 OK for: internal-slot@1.1.0 want: ^1.1.0
1823 silly fetch manifest side-channel-list@^1.0.1
1824 silly packumentCache full:https://registry.npmjs.org/side-channel-list cache-miss
1825 silly fetch manifest side-channel-map@^1.0.1
1826 silly packumentCache full:https://registry.npmjs.org/side-channel-map cache-miss
1827 silly fetch manifest side-channel-weakmap@^1.0.2
1828 silly packumentCache full:https://registry.npmjs.org/side-channel-weakmap cache-miss
1829 http fetch GET 200 https://registry.npmjs.org/side-channel-map 89ms (cache miss)
1830 silly packumentCache full:https://registry.npmjs.org/side-channel-map set size:undefined disposed:false
1831 http fetch GET 200 https://registry.npmjs.org/side-channel-weakmap 147ms (cache miss)
1832 silly packumentCache full:https://registry.npmjs.org/side-channel-weakmap set size:undefined disposed:false
1833 http fetch GET 200 https://registry.npmjs.org/side-channel-list 334ms (cache miss)
1834 silly packumentCache full:https://registry.npmjs.org/side-channel-list set size:undefined disposed:false
1835 silly placeDep ROOT is-extglob@2.1.1 OK for: is-glob@4.0.3 want: ^2.1.1
1836 silly placeDep ROOT set-function-name@2.0.2 OK for: iterator.prototype@1.1.5 want: ^2.0.2
1837 silly placeDep ROOT @isaacs/cliui@8.0.2 OK for: jackspeak@2.3.6 want: ^8.0.2
1838 silly placeDep ROOT @pkgjs/parseargs@0.11.0 OK for: jackspeak@2.3.6 want: ^0.11.0
1839 silly fetch manifest wrap-ansi@^8.1.0
1840 silly packumentCache full:https://registry.npmjs.org/wrap-ansi cache-miss
1841 silly fetch manifest strip-ansi@^7.0.1
1842 silly packumentCache full:https://registry.npmjs.org/strip-ansi cache-miss
1843 silly fetch manifest string-width@^5.1.2
1844 silly packumentCache full:https://registry.npmjs.org/string-width cache-miss
1845 silly fetch manifest wrap-ansi-cjs@npm:wrap-ansi@^7.0.0
1846 silly packumentCache full:https://registry.npmjs.org/wrap-ansi cache-miss
1847 silly fetch manifest strip-ansi-cjs@npm:strip-ansi@^6.0.1
1848 silly packumentCache full:https://registry.npmjs.org/strip-ansi cache-miss
1849 silly fetch manifest string-width-cjs@npm:string-width@^4.2.0
1850 silly packumentCache full:https://registry.npmjs.org/string-width cache-miss
1851 http cache https://registry.npmjs.org/strip-ansi 6ms (cache hit)
1852 silly packumentCache full:https://registry.npmjs.org/strip-ansi set size:44998 disposed:false
1853 http cache https://registry.npmjs.org/strip-ansi 8ms (cache hit)
1854 silly packumentCache full:https://registry.npmjs.org/strip-ansi set size:44998 disposed:false
1855 silly packumentCache full:https://registry.npmjs.org/strip-ansi dispose
1856 http fetch GET 200 https://registry.npmjs.org/wrap-ansi 124ms (cache miss)
1857 silly packumentCache full:https://registry.npmjs.org/wrap-ansi set size:undefined disposed:false
1858 http fetch GET 200 https://registry.npmjs.org/string-width 330ms (cache miss)
1859 silly packumentCache full:https://registry.npmjs.org/string-width set size:undefined disposed:false
1860 http fetch GET 200 https://registry.npmjs.org/string-width 333ms (cache miss)
1861 silly packumentCache full:https://registry.npmjs.org/string-width set size:undefined disposed:false
1862 http fetch GET 200 https://registry.npmjs.org/wrap-ansi 370ms (cache miss)
1863 silly packumentCache full:https://registry.npmjs.org/wrap-ansi set size:undefined disposed:false
1864 silly placeDep ROOT string-width@5.1.2 OK for: @isaacs/cliui@8.0.2 want: ^5.1.2
1865 silly placeDep ROOT string-width-cjs@4.2.3 OK for: @isaacs/cliui@8.0.2 want: npm:string-width@^4.2.0
1866 silly placeDep node_modules/@isaacs/cliui strip-ansi@7.2.0 OK for: @isaacs/cliui@8.0.2 want: ^7.0.1
1867 silly placeDep ROOT strip-ansi-cjs@6.0.1 OK for: @isaacs/cliui@8.0.2 want: npm:strip-ansi@^6.0.1
1868 silly placeDep ROOT wrap-ansi@8.1.0 OK for: @isaacs/cliui@8.0.2 want: ^8.1.0
1869 silly placeDep ROOT wrap-ansi-cjs@7.0.0 OK for: @isaacs/cliui@8.0.2 want: npm:wrap-ansi@^7.0.0
1870 silly fetch manifest eastasianwidth@^0.2.0
1871 silly packumentCache full:https://registry.npmjs.org/eastasianwidth cache-miss
1872 silly fetch manifest emoji-regex@^8.0.0
1873 silly packumentCache full:https://registry.npmjs.org/emoji-regex cache-miss
1874 silly fetch manifest is-fullwidth-code-point@^3.0.0
1875 silly packumentCache full:https://registry.npmjs.org/is-fullwidth-code-point cache-miss
1876 silly fetch manifest ansi-regex@^6.2.2
1877 silly packumentCache full:https://registry.npmjs.org/ansi-regex cache-miss
1878 silly fetch manifest ansi-styles@^6.1.0
1879 silly packumentCache full:https://registry.npmjs.org/ansi-styles cache-miss
1880 silly fetch manifest string-width@^4.1.0
1881 silly packumentCache full:https://registry.npmjs.org/string-width cache-miss
1882 http cache https://registry.npmjs.org/ansi-regex 5ms (cache hit)
1883 silly packumentCache full:https://registry.npmjs.org/ansi-regex set size:48203 disposed:false
1884 http cache https://registry.npmjs.org/string-width 5ms (cache hit)
1885 silly packumentCache full:https://registry.npmjs.org/string-width set size:72458 disposed:false
1886 http cache https://registry.npmjs.org/ansi-styles 6ms (cache hit)
1887 silly packumentCache full:https://registry.npmjs.org/ansi-styles set size:71772 disposed:false
1888 http cache https://registry.npmjs.org/emoji-regex 8ms (cache hit)
1889 silly packumentCache full:https://registry.npmjs.org/emoji-regex set size:89064 disposed:false
1890 http fetch GET 200 https://registry.npmjs.org/is-fullwidth-code-point 403ms (cache miss)
1891 silly packumentCache full:https://registry.npmjs.org/is-fullwidth-code-point set size:undefined disposed:false
1892 http fetch GET 200 https://registry.npmjs.org/eastasianwidth 404ms (cache miss)
1893 silly packumentCache full:https://registry.npmjs.org/eastasianwidth set size:undefined disposed:false
1894 silly placeDep ROOT argparse@2.0.1 OK for: js-yaml@4.3.2 want: ^2.0.1
1895 silly placeDep ROOT json-buffer@3.0.1 OK for: keyv@4.5.4 want: 3.0.1
1896 silly placeDep ROOT language-subtag-registry@0.3.23 OK for: language-tags@1.0.9 want: ^0.3.20
1897 silly placeDep ROOT prelude-ls@1.2.1 OK for: levn@0.4.1 want: ^1.2.1
1898 silly placeDep ROOT type-check@0.4.0 OK for: levn@0.4.1 want: ~0.4.0
1899 silly placeDep ROOT p-locate@5.0.0 OK for: locate-path@6.0.0 want: ^5.0.0
1900 silly fetch manifest p-limit@^3.0.2
1901 silly packumentCache full:https://registry.npmjs.org/p-limit cache-miss
1902 http fetch GET 200 https://registry.npmjs.org/p-limit 356ms (cache miss)
1903 silly packumentCache full:https://registry.npmjs.org/p-limit set size:undefined disposed:false
1904 silly placeDep ROOT brace-expansion@1.1.18 OK for: minimatch@3.1.5 want: ^1.1.7
1905 silly fetch manifest concat-map@0.0.1
1906 silly packumentCache full:https://registry.npmjs.org/concat-map cache-miss
1907 silly fetch manifest balanced-match@^1.0.0
1908 silly packumentCache full:https://registry.npmjs.org/balanced-match cache-miss
1909 http fetch GET 200 https://registry.npmjs.org/balanced-match 96ms (cache miss)
1910 silly packumentCache full:https://registry.npmjs.org/balanced-match set size:undefined disposed:false
1911 http fetch GET 200 https://registry.npmjs.org/concat-map 148ms (cache miss)
1912 silly packumentCache full:https://registry.npmjs.org/concat-map set size:undefined disposed:false
1913 silly placeDep ROOT balanced-match@1.0.2 OK for: brace-expansion@1.1.18 want: ^1.0.0
1914 silly placeDep ROOT concat-map@0.0.1 OK for: brace-expansion@1.1.18 want: 0.0.1
1915 silly fetch manifest @aws-sdk/credential-providers@^3.806.0
1916 silly packumentCache full:https://registry.npmjs.org/@aws-sdk%2fcredential-providers cache-miss
1917 http fetch GET 200 https://registry.npmjs.org/@aws-sdk%2fcredential-providers 744ms (cache miss)
1918 silly packumentCache full:https://registry.npmjs.org/@aws-sdk%2fcredential-providers set size:undefined disposed:false
1919 silly fetch manifest @mongodb-js/zstd@^7.0.0
1920 silly packumentCache full:https://registry.npmjs.org/@mongodb-js%2fzstd cache-miss
1921 http fetch GET 200 https://registry.npmjs.org/@mongodb-js%2fzstd 331ms (cache miss)
1922 silly packumentCache full:https://registry.npmjs.org/@mongodb-js%2fzstd set size:undefined disposed:false
1923 silly fetch manifest gcp-metadata@^7.0.1
1924 silly packumentCache full:https://registry.npmjs.org/gcp-metadata cache-miss
1925 http fetch GET 200 https://registry.npmjs.org/gcp-metadata 105ms (cache miss)
1926 silly packumentCache full:https://registry.npmjs.org/gcp-metadata set size:undefined disposed:false
1927 silly fetch manifest kerberos@^7.0.0
1928 silly packumentCache full:https://registry.npmjs.org/kerberos cache-miss
1929 http fetch GET 200 https://registry.npmjs.org/kerberos 428ms (cache miss)
1930 silly packumentCache full:https://registry.npmjs.org/kerberos set size:undefined disposed:false
1931 silly fetch manifest mongodb-client-encryption@^7.2.0
1932 silly packumentCache full:https://registry.npmjs.org/mongodb-client-encryption cache-miss
1933 http fetch GET 200 https://registry.npmjs.org/mongodb-client-encryption 118ms (cache miss)
1934 silly packumentCache full:https://registry.npmjs.org/mongodb-client-encryption set size:undefined disposed:false
1935 silly fetch manifest snappy@^7.3.2
1936 silly packumentCache full:https://registry.npmjs.org/snappy cache-miss
1937 http fetch GET 200 https://registry.npmjs.org/snappy 100ms (cache miss)
1938 silly packumentCache full:https://registry.npmjs.org/snappy set size:undefined disposed:false
1939 silly fetch manifest socks@^2.8.6
1940 silly packumentCache full:https://registry.npmjs.org/socks cache-miss
1941 http fetch GET 200 https://registry.npmjs.org/socks 111ms (cache miss)
1942 silly packumentCache full:https://registry.npmjs.org/socks set size:undefined disposed:false
1943 silly placeDep ROOT @standard-schema/spec@1.1.0 OK for: mongoose@9.9.4 want: ^1.1.0
1944 silly placeDep ROOT kareem@3.3.0 OK for: mongoose@9.9.4 want: 3.3.0
1945 silly placeDep ROOT mongodb@7.5.0 OK for: mongoose@9.9.4 want: ~7.5
1946 silly placeDep ROOT mpath@0.9.0 OK for: mongoose@9.9.4 want: 0.9.0
1947 silly placeDep ROOT mquery@6.0.0 OK for: mongoose@9.9.4 want: 6.0.0
1948 silly placeDep ROOT sift@17.1.3 OK for: mongoose@9.9.4 want: 17.1.3
1949 silly fetch manifest bson@^7.2.0
1950 silly packumentCache full:https://registry.npmjs.org/bson cache-miss
1951 silly fetch manifest @mongodb-js/saslprep@^1.4.11
1952 silly packumentCache full:https://registry.npmjs.org/@mongodb-js%2fsaslprep cache-miss
1953 silly fetch manifest mongodb-connection-string-url@^7.0.1
1954 silly packumentCache full:https://registry.npmjs.org/mongodb-connection-string-url cache-miss
1955 http fetch GET 200 https://registry.npmjs.org/mongodb-connection-string-url 125ms (cache miss)
1956 silly packumentCache full:https://registry.npmjs.org/mongodb-connection-string-url set size:undefined disposed:false
1957 http fetch GET 200 https://registry.npmjs.org/bson 214ms (cache miss)
1958 silly packumentCache full:https://registry.npmjs.org/bson set size:undefined disposed:false
1959 http fetch GET 200 https://registry.npmjs.org/@mongodb-js%2fsaslprep 492ms (cache miss)
1960 silly packumentCache full:https://registry.npmjs.org/@mongodb-js%2fsaslprep set size:undefined disposed:false
1961 silly placeDep ROOT @mongodb-js/saslprep@1.5.0 OK for: mongodb@7.5.0 want: ^1.4.11
1962 silly placeDep ROOT bson@7.3.2 OK for: mongodb@7.5.0 want: ^7.2.0
1963 silly placeDep ROOT mongodb-connection-string-url@7.0.2 OK for: mongodb@7.5.0 want: ^7.0.1
1964 silly fetch manifest sparse-bitfield@^3.0.3
1965 silly packumentCache full:https://registry.npmjs.org/sparse-bitfield cache-miss
1966 silly fetch manifest whatwg-url@^14.1.0
1967 silly packumentCache full:https://registry.npmjs.org/whatwg-url cache-miss
1968 silly fetch manifest @types/whatwg-url@^13.0.0
1969 silly packumentCache full:https://registry.npmjs.org/@types%2fwhatwg-url cache-miss
1970 http fetch GET 200 https://registry.npmjs.org/sparse-bitfield 88ms (cache miss)
1971 silly packumentCache full:https://registry.npmjs.org/sparse-bitfield set size:undefined disposed:false
1972 http fetch GET 200 https://registry.npmjs.org/whatwg-url 109ms (cache miss)
1973 silly packumentCache full:https://registry.npmjs.org/whatwg-url set size:undefined disposed:false
1974 http fetch GET 200 https://registry.npmjs.org/@types%2fwhatwg-url 189ms (cache miss)
1975 silly packumentCache full:https://registry.npmjs.org/@types%2fwhatwg-url set size:undefined disposed:false
1976 silly placeDep ROOT sparse-bitfield@3.0.3 OK for: @mongodb-js/saslprep@1.5.0 want: ^3.0.3
1977 silly fetch manifest memory-pager@^1.0.2
1978 silly packumentCache full:https://registry.npmjs.org/memory-pager cache-miss
1979 http fetch GET 200 https://registry.npmjs.org/memory-pager 91ms (cache miss)
1980 silly packumentCache full:https://registry.npmjs.org/memory-pager set size:undefined disposed:false
1981 silly placeDep ROOT @types/whatwg-url@13.0.0 OK for: mongodb-connection-string-url@7.0.2 want: ^13.0.0
1982 silly placeDep ROOT whatwg-url@14.2.0 OK for: mongodb-connection-string-url@7.0.2 want: ^14.1.0
1983 silly fetch manifest @types/webidl-conversions@*
1984 silly packumentCache full:https://registry.npmjs.org/@types%2fwebidl-conversions cache-miss
1985 silly fetch manifest tr46@^5.1.0
1986 silly packumentCache full:https://registry.npmjs.org/tr46 cache-miss
1987 silly fetch manifest webidl-conversions@^7.0.0
1988 silly packumentCache full:https://registry.npmjs.org/webidl-conversions cache-miss
1989 http fetch GET 200 https://registry.npmjs.org/@types%2fwebidl-conversions 95ms (cache miss)
1990 silly packumentCache full:https://registry.npmjs.org/@types%2fwebidl-conversions set size:undefined disposed:false
1991 http fetch GET 200 https://registry.npmjs.org/tr46 96ms (cache miss)
1992 silly packumentCache full:https://registry.npmjs.org/tr46 set size:undefined disposed:false
1993 http fetch GET 200 https://registry.npmjs.org/webidl-conversions 125ms (cache miss)
1994 silly packumentCache full:https://registry.npmjs.org/webidl-conversions set size:undefined disposed:false
1995 silly placeDep ROOT @types/webidl-conversions@7.0.3 OK for: @types/whatwg-url@13.0.0 want: *
1996 silly fetch manifest react@^18.2.0
1997 silly packumentCache full:https://registry.npmjs.org/react cache-miss
1998 http cache https://registry.npmjs.org/react 15ms (cache hit)
1999 silly packumentCache full:https://registry.npmjs.org/react set size:6926968 disposed:false
2000 silly placeDep ROOT @next/env@14.2.35 OK for: next@14.2.35 want: 14.2.35
2001 silly placeDep ROOT @next/swc-darwin-arm64@14.2.33 OK for: next@14.2.35 want: 14.2.33
2002 silly placeDep ROOT @next/swc-darwin-x64@14.2.33 OK for: next@14.2.35 want: 14.2.33
2003 silly placeDep ROOT @next/swc-linux-arm64-gnu@14.2.33 OK for: next@14.2.35 want: 14.2.33
2004 silly placeDep ROOT @next/swc-linux-arm64-musl@14.2.33 OK for: next@14.2.35 want: 14.2.33
2005 silly placeDep ROOT @next/swc-linux-x64-gnu@14.2.33 OK for: next@14.2.35 want: 14.2.33
2006 silly placeDep ROOT @next/swc-linux-x64-musl@14.2.33 OK for: next@14.2.35 want: 14.2.33
2007 silly placeDep ROOT @next/swc-win32-arm64-msvc@14.2.33 OK for: next@14.2.35 want: 14.2.33
2008 silly placeDep ROOT @next/swc-win32-ia32-msvc@14.2.33 OK for: next@14.2.35 want: 14.2.33
2009 silly placeDep ROOT @next/swc-win32-x64-msvc@14.2.33 OK for: next@14.2.35 want: 14.2.33
2010 silly placeDep ROOT @swc/helpers@0.5.5 OK for: next@14.2.35 want: 0.5.5
2011 silly placeDep ROOT busboy@1.6.0 OK for: next@14.2.35 want: 1.6.0
2012 silly placeDep ROOT caniuse-lite@1.0.30001810 OK for: next@14.2.35 want: ^1.0.30001579
2013 silly placeDep ROOT graceful-fs@4.2.11 OK for: next@14.2.35 want: ^4.2.11
2014 silly placeDep node_modules/next postcss@8.4.31 OK for: next@14.2.35 want: 8.4.31
2015 silly placeDep ROOT styled-jsx@5.1.1 OK for: next@14.2.35 want: 5.1.1
2016 silly fetch manifest @swc/counter@^0.1.3
2017 silly packumentCache full:https://registry.npmjs.org/@swc%2fcounter cache-miss
2018 silly fetch manifest streamsearch@^1.1.0
2019 silly packumentCache full:https://registry.npmjs.org/streamsearch cache-miss
2020 silly fetch manifest nanoid@^3.3.6
2021 silly packumentCache full:https://registry.npmjs.org/nanoid cache-miss
2022 silly fetch manifest picocolors@^1.0.0
2023 silly packumentCache full:https://registry.npmjs.org/picocolors cache-miss
2024 silly fetch manifest source-map-js@^1.0.2
2025 silly packumentCache full:https://registry.npmjs.org/source-map-js cache-miss
2026 silly fetch manifest client-only@0.0.1
2027 silly packumentCache full:https://registry.npmjs.org/client-only cache-miss
2028 http cache https://registry.npmjs.org/source-map-js 6ms (cache hit)
2029 silly packumentCache full:https://registry.npmjs.org/source-map-js set size:62640 disposed:false
2030 http cache https://registry.npmjs.org/picocolors 7ms (cache hit)
2031 silly packumentCache full:https://registry.npmjs.org/picocolors set size:16648 disposed:false
2032 http cache https://registry.npmjs.org/nanoid 11ms (cache hit)
2033 silly packumentCache full:https://registry.npmjs.org/nanoid set size:342705 disposed:false
2034 http fetch GET 200 https://registry.npmjs.org/client-only 83ms (cache miss)
2035 silly packumentCache full:https://registry.npmjs.org/client-only set size:undefined disposed:false
2036 http fetch GET 200 https://registry.npmjs.org/streamsearch 421ms (cache miss)
2037 silly packumentCache full:https://registry.npmjs.org/streamsearch set size:undefined disposed:false
2038 http fetch GET 200 https://registry.npmjs.org/@swc%2fcounter 577ms (cache miss)
2039 silly packumentCache full:https://registry.npmjs.org/@swc%2fcounter set size:undefined disposed:false
2040 silly placeDep ROOT @swc/counter@0.1.3 OK for: @swc/helpers@0.5.5 want: ^0.1.3
2041 silly placeDep ROOT streamsearch@1.1.0 OK for: busboy@1.6.0 want: ^1.1.0
2042 silly placeDep ROOT deep-is@0.1.4 OK for: optionator@0.9.4 want: ^0.1.3
2043 silly placeDep ROOT fast-levenshtein@2.0.6 OK for: optionator@0.9.4 want: ^2.0.6
2044 silly placeDep ROOT word-wrap@1.2.5 OK for: optionator@0.9.4 want: ^1.2.5
2045 silly placeDep ROOT p-limit@3.1.0 OK for: p-locate@5.0.0 want: ^3.0.2
2046 silly fetch manifest yocto-queue@^0.1.0
2047 silly packumentCache full:https://registry.npmjs.org/yocto-queue cache-miss
2048 http fetch GET 200 https://registry.npmjs.org/yocto-queue 84ms (cache miss)
2049 silly packumentCache full:https://registry.npmjs.org/yocto-queue set size:undefined disposed:false
2050 silly placeDep ROOT yocto-queue@0.1.0 OK for: p-limit@3.1.0 want: ^0.1.0
2051 silly placeDep ROOT callsites@3.1.0 OK for: parent-module@1.0.1 want: ^3.0.0
2052 silly placeDep ROOT lru-cache@10.4.3 OK for: path-scurry@1.11.1 want: ^10.2.0
2053 silly placeDep ROOT nanoid@3.3.18 OK for: postcss@8.5.26 want: ^3.3.17
2054 silly placeDep ROOT picocolors@1.1.1 OK for: postcss@8.5.26 want: ^1.1.1
2055 silly placeDep ROOT source-map-js@1.2.1 OK for: postcss@8.5.26 want: ^1.2.1
2056 silly placeDep ROOT loose-envify@1.4.0 OK for: prop-types@15.8.1 want: ^1.4.0
2057 silly placeDep ROOT object-assign@4.1.1 OK for: prop-types@15.8.1 want: ^4.1.1
2058 silly placeDep ROOT react-is@16.13.1 OK for: prop-types@15.8.1 want: ^16.13.1
2059 silly fetch manifest js-tokens@^3.0.0 || ^4.0.0
2060 silly packumentCache full:https://registry.npmjs.org/js-tokens cache-miss
2061 http fetch GET 200 https://registry.npmjs.org/js-tokens 465ms (cache miss)
2062 silly packumentCache full:https://registry.npmjs.org/js-tokens set size:undefined disposed:false
2063 silly placeDep ROOT js-tokens@4.0.0 OK for: loose-envify@1.4.0 want: ^3.0.0 || ^4.0.0
2064 silly placeDep ROOT scheduler@0.23.2 OK for: react-dom@18.3.1 want: ^0.23.2
2065 silly placeDep ROOT node-exports-info@1.6.2 OK for: resolve@2.0.0-next.7 want: ^1.6.0
2066 silly placeDep ROOT path-parse@1.0.7 OK for: resolve@2.0.0-next.7 want: ^1.0.7
2067 silly placeDep ROOT supports-preserve-symlinks-flag@1.0.0 OK for: resolve@2.0.0-next.7 want: ^1.0.0
2068 silly placeDep node_modules/node-exports-info semver@6.3.1 OK for: node-exports-info@1.6.2 want: ^6.3.1
2069 silly placeDep node_modules/rimraf glob@7.2.3 OK for: rimraf@3.0.2 want: ^7.1.3
2070 silly fetch manifest once@^1.3.0
2071 silly packumentCache full:https://registry.npmjs.org/once cache-miss
2072 silly fetch manifest inflight@^1.0.4
2073 silly packumentCache full:https://registry.npmjs.org/inflight cache-miss
2074 silly fetch manifest inherits@2
2075 silly packumentCache full:https://registry.npmjs.org/inherits cache-miss
2076 silly fetch manifest fs.realpath@^1.0.0
2077 silly packumentCache full:https://registry.npmjs.org/fs.realpath cache-miss
2078 silly fetch manifest path-is-absolute@^1.0.0
2079 silly packumentCache full:https://registry.npmjs.org/path-is-absolute cache-miss
2080 http fetch GET 200 https://registry.npmjs.org/inherits 88ms (cache miss)
2081 silly packumentCache full:https://registry.npmjs.org/inherits set size:undefined disposed:false
2082 http fetch GET 200 https://registry.npmjs.org/path-is-absolute 89ms (cache miss)
2083 silly packumentCache full:https://registry.npmjs.org/path-is-absolute set size:undefined disposed:false
2084 http fetch GET 200 https://registry.npmjs.org/inflight 91ms (cache miss)
2085 silly packumentCache full:https://registry.npmjs.org/inflight set size:undefined disposed:false
2086 http fetch GET 200 https://registry.npmjs.org/once 91ms (cache miss)
2087 silly packumentCache full:https://registry.npmjs.org/once set size:undefined disposed:false
2088 http fetch GET 200 https://registry.npmjs.org/fs.realpath 111ms (cache miss)
2089 silly packumentCache full:https://registry.npmjs.org/fs.realpath set size:undefined disposed:false
2090 silly placeDep ROOT queue-microtask@1.2.3 OK for: run-parallel@1.2.0 want: ^1.2.2
2091 silly placeDep ROOT isarray@2.0.5 OK for: safe-array-concat@1.1.4 want: ^2.0.5
2092 silly placeDep ROOT shebang-regex@3.0.0 OK for: shebang-command@2.0.0 want: ^3.0.0
2093 silly placeDep ROOT side-channel-list@1.0.1 OK for: side-channel@1.1.1 want: ^1.0.1
2094 silly placeDep ROOT side-channel-map@1.0.1 OK for: side-channel@1.1.1 want: ^1.0.1
2095 silly placeDep ROOT side-channel-weakmap@1.0.2 OK for: side-channel@1.1.1 want: ^1.0.2
2096 silly placeDep ROOT memory-pager@1.5.0 OK for: sparse-bitfield@3.0.3 want: ^1.0.2
2097 silly placeDep ROOT eastasianwidth@0.2.0 OK for: string-width@5.1.2 want: ^0.2.0
2098 silly placeDep node_modules/string-width strip-ansi@7.2.0 OK for: string-width@5.1.2 want: ^7.0.1
2099 silly placeDep node_modules/string-width-cjs emoji-regex@8.0.0 OK for: string-width@4.2.3 want: ^8.0.0
2100 silly placeDep ROOT is-fullwidth-code-point@3.0.0 OK for: string-width@4.2.3 want: ^3.0.0
2101 silly placeDep ROOT ansi-regex@5.0.1 OK for: strip-ansi@6.0.1 want: ^5.0.1
2102 silly placeDep ROOT client-only@0.0.1 OK for: styled-jsx@5.1.1 want: 0.0.1
2103 silly placeDep ROOT has-flag@4.0.0 OK for: supports-color@7.2.0 want: ^4.0.0
2104 silly fetch manifest postcss@^8.4.47
2105 silly packumentCache full:https://registry.npmjs.org/postcss cache-hit
2106 silly fetch manifest tsx@^4.8.1
2107 silly packumentCache full:https://registry.npmjs.org/tsx cache-miss
2108 http fetch GET 200 https://registry.npmjs.org/tsx 980ms (cache miss)
2109 silly packumentCache full:https://registry.npmjs.org/tsx set size:undefined disposed:false
2110 silly fetch manifest yaml@^2.4.2
2111 silly packumentCache full:https://registry.npmjs.org/yaml cache-miss
2112 http fetch GET 200 https://registry.npmjs.org/yaml 432ms (cache miss)
2113 silly packumentCache full:https://registry.npmjs.org/yaml set size:undefined disposed:false
2114 silly placeDep ROOT @alloc/quick-lru@5.2.0 OK for: tailwindcss@3.4.19 want: ^5.2.0
2115 silly placeDep ROOT arg@5.0.2 OK for: tailwindcss@3.4.19 want: ^5.0.2
2116 silly placeDep ROOT chokidar@3.6.0 OK for: tailwindcss@3.4.19 want: ^3.6.0
2117 silly placeDep ROOT didyoumean@1.2.2 OK for: tailwindcss@3.4.19 want: ^1.2.2
2118 silly placeDep ROOT dlv@1.1.3 OK for: tailwindcss@3.4.19 want: ^1.1.3
2119 silly placeDep ROOT fast-glob@3.3.3 OK for: tailwindcss@3.4.19 want: ^3.3.2
2120 silly placeDep ROOT jiti@1.21.7 OK for: tailwindcss@3.4.19 want: ^1.21.7
2121 silly placeDep ROOT lilconfig@3.1.3 OK for: tailwindcss@3.4.19 want: ^3.1.3
2122 silly placeDep ROOT micromatch@4.0.8 OK for: tailwindcss@3.4.19 want: ^4.0.8
2123 silly placeDep ROOT normalize-path@3.0.0 OK for: tailwindcss@3.4.19 want: ^3.0.0
2124 silly placeDep ROOT object-hash@3.0.0 OK for: tailwindcss@3.4.19 want: ^3.0.0
2125 silly placeDep ROOT postcss-import@15.1.0 OK for: tailwindcss@3.4.19 want: ^15.1.0
2126 silly placeDep ROOT postcss-js@4.1.0 OK for: tailwindcss@3.4.19 want: ^4.0.1
2127 silly placeDep ROOT postcss-load-config@6.0.1 OK for: tailwindcss@3.4.19 want: ^4.0.2 || ^5.0 || ^6.0
2128 silly placeDep ROOT postcss-nested@6.2.0 OK for: tailwindcss@3.4.19 want: ^6.2.0
2129 silly placeDep ROOT postcss-selector-parser@6.1.4 OK for: tailwindcss@3.4.19 want: ^6.1.2
2130 silly placeDep node_modules/tailwindcss resolve@1.22.12 OK for: tailwindcss@3.4.19 want: ^1.22.8
2131 silly placeDep ROOT sucrase@3.35.1 OK for: tailwindcss@3.4.19 want: ^3.35.0
2132 silly fetch manifest braces@~3.0.2
2133 silly packumentCache full:https://registry.npmjs.org/braces cache-miss
2134 silly fetch manifest anymatch@~3.1.2
2135 silly packumentCache full:https://registry.npmjs.org/anymatch cache-miss
2136 silly fetch manifest readdirp@~3.6.0
2137 silly packumentCache full:https://registry.npmjs.org/readdirp cache-miss
2138 silly fetch manifest glob-parent@~5.1.2
2139 silly packumentCache full:https://registry.npmjs.org/glob-parent cache-miss
2140 silly fetch manifest is-binary-path@~2.1.0
2141 silly packumentCache full:https://registry.npmjs.org/is-binary-path cache-miss
2142 silly fetch manifest normalize-path@~3.0.0
2143 silly packumentCache full:https://registry.npmjs.org/normalize-path cache-miss
2144 silly fetch manifest fsevents@~2.3.2
2145 silly packumentCache full:https://registry.npmjs.org/fsevents cache-miss
2146 silly fetch manifest glob-parent@^5.1.2
2147 silly packumentCache full:https://registry.npmjs.org/glob-parent cache-miss
2148 silly fetch manifest merge2@^1.3.0
2149 silly packumentCache full:https://registry.npmjs.org/merge2 cache-miss
2150 http cache https://registry.npmjs.org/normalize-path 5ms (cache hit)
2151 silly packumentCache full:https://registry.npmjs.org/normalize-path set size:28713 disposed:false
2152 silly fetch manifest braces@^3.0.3
2153 silly packumentCache full:https://registry.npmjs.org/braces cache-miss
2154 http cache https://registry.npmjs.org/glob-parent 6ms (cache hit)
2155 silly packumentCache full:https://registry.npmjs.org/glob-parent set size:42445 disposed:false
2156 silly fetch manifest picomatch@^2.3.1
2157 silly packumentCache full:https://registry.npmjs.org/picomatch cache-miss
2158 http cache https://registry.npmjs.org/glob-parent 7ms (cache hit)
2159 silly packumentCache full:https://registry.npmjs.org/glob-parent set size:42445 disposed:false
2160 silly packumentCache full:https://registry.npmjs.org/glob-parent dispose
2161 silly fetch manifest resolve@^1.1.7
2162 silly packumentCache full:https://registry.npmjs.org/resolve cache-hit
2163 silly fetch manifest read-cache@^1.0.0
2164 silly packumentCache full:https://registry.npmjs.org/read-cache cache-miss
2165 http cache https://registry.npmjs.org/picomatch 3ms (cache hit)
2166 silly packumentCache full:https://registry.npmjs.org/picomatch set size:134451 disposed:false
2167 silly fetch manifest postcss-value-parser@^4.0.0
2168 silly packumentCache full:https://registry.npmjs.org/postcss-value-parser cache-miss
2169 http fetch GET 200 https://registry.npmjs.org/braces 98ms (cache miss)
2170 silly packumentCache full:https://registry.npmjs.org/braces set size:undefined disposed:false
2171 silly fetch manifest camelcase-css@^2.0.1
2172 silly packumentCache full:https://registry.npmjs.org/camelcase-css cache-miss
2173 http fetch GET 200 https://registry.npmjs.org/fsevents 102ms (cache miss)
2174 silly packumentCache full:https://registry.npmjs.org/fsevents set size:undefined disposed:false
2175 silly fetch manifest postcss-selector-parser@^6.1.1
2176 silly packumentCache full:https://registry.npmjs.org/postcss-selector-parser cache-miss
2177 http fetch GET 200 https://registry.npmjs.org/is-binary-path 106ms (cache miss)
2178 silly packumentCache full:https://registry.npmjs.org/is-binary-path set size:undefined disposed:false
2179 silly fetch manifest cssesc@^3.0.0
2180 silly packumentCache full:https://registry.npmjs.org/cssesc cache-miss
2181 http fetch GET 200 https://registry.npmjs.org/read-cache 100ms (cache miss)
2182 silly packumentCache full:https://registry.npmjs.org/read-cache set size:undefined disposed:false
2183 silly fetch manifest util-deprecate@^1.0.2
2184 silly packumentCache full:https://registry.npmjs.org/util-deprecate cache-miss
2185 http cache https://registry.npmjs.org/postcss-selector-parser 4ms (cache hit)
2186 silly packumentCache full:https://registry.npmjs.org/postcss-selector-parser set size:196939 disposed:false
2187 silly fetch manifest @jridgewell/gen-mapping@^0.3.2
2188 silly packumentCache full:https://registry.npmjs.org/@jridgewell%2fgen-mapping cache-miss
2189 http fetch GET 200 https://registry.npmjs.org/braces 116ms (cache miss)
2190 silly packumentCache full:https://registry.npmjs.org/braces set size:undefined disposed:false
2191 silly fetch manifest commander@^4.0.0
2192 silly packumentCache full:https://registry.npmjs.org/commander cache-miss
2193 http fetch GET 200 https://registry.npmjs.org/postcss-value-parser 113ms (cache miss)
2194 silly packumentCache full:https://registry.npmjs.org/postcss-value-parser set size:undefined disposed:false
2195 silly fetch manifest lines-and-columns@^1.1.6
2196 silly packumentCache full:https://registry.npmjs.org/lines-and-columns cache-miss
2197 http fetch GET 200 https://registry.npmjs.org/camelcase-css 95ms (cache miss)
2198 silly packumentCache full:https://registry.npmjs.org/camelcase-css set size:undefined disposed:false
2199 silly fetch manifest mz@^2.7.0
2200 silly packumentCache full:https://registry.npmjs.org/mz cache-miss
2201 http fetch GET 200 https://registry.npmjs.org/anymatch 232ms (cache miss)
2202 silly packumentCache full:https://registry.npmjs.org/anymatch set size:undefined disposed:false
2203 silly fetch manifest pirates@^4.0.1
2204 silly packumentCache full:https://registry.npmjs.org/pirates cache-miss
2205 http fetch GET 200 https://registry.npmjs.org/lines-and-columns 121ms (cache miss)
2206 silly packumentCache full:https://registry.npmjs.org/lines-and-columns set size:undefined disposed:false
2207 silly fetch manifest ts-interface-checker@^0.1.9
2208 silly packumentCache full:https://registry.npmjs.org/ts-interface-checker cache-miss
2209 http fetch GET 200 https://registry.npmjs.org/readdirp 348ms (cache miss)
2210 silly packumentCache full:https://registry.npmjs.org/readdirp set size:undefined disposed:false
2211 http fetch GET 200 https://registry.npmjs.org/ts-interface-checker 121ms (cache miss)
2212 silly packumentCache full:https://registry.npmjs.org/ts-interface-checker set size:undefined disposed:false
2213 http fetch GET 200 https://registry.npmjs.org/merge2 369ms (cache miss)
2214 silly packumentCache full:https://registry.npmjs.org/merge2 set size:undefined disposed:false
2215 http fetch GET 200 https://registry.npmjs.org/pirates 219ms (cache miss)
2216 silly packumentCache full:https://registry.npmjs.org/pirates set size:undefined disposed:false
2217 http fetch GET 200 https://registry.npmjs.org/util-deprecate 350ms (cache miss)
2218 silly packumentCache full:https://registry.npmjs.org/util-deprecate set size:undefined disposed:false
2219 http fetch GET 200 https://registry.npmjs.org/cssesc 352ms (cache miss)
2220 silly packumentCache full:https://registry.npmjs.org/cssesc set size:undefined disposed:false
2221 http fetch GET 200 https://registry.npmjs.org/mz 353ms (cache miss)
2222 silly packumentCache full:https://registry.npmjs.org/mz set size:undefined disposed:false
2223 http fetch GET 200 https://registry.npmjs.org/commander 464ms (cache miss)
2224 silly packumentCache full:https://registry.npmjs.org/commander set size:undefined disposed:false
2225 http fetch GET 200 https://registry.npmjs.org/@jridgewell%2fgen-mapping 940ms (cache miss)
2226 silly packumentCache full:https://registry.npmjs.org/@jridgewell%2fgen-mapping set size:undefined disposed:false
2227 silly placeDep ROOT anymatch@3.1.3 OK for: chokidar@3.6.0 want: ~3.1.2
2228 silly placeDep ROOT braces@3.0.3 OK for: chokidar@3.6.0 want: ~3.0.2
2229 silly placeDep ROOT fsevents@2.3.3 OK for: chokidar@3.6.0 want: ~2.3.2
2230 silly placeDep node_modules/chokidar glob-parent@5.1.2 OK for: chokidar@3.6.0 want: ~5.1.2
2231 silly placeDep ROOT is-binary-path@2.1.0 OK for: chokidar@3.6.0 want: ~2.1.0
2232 silly placeDep ROOT readdirp@3.6.0 OK for: chokidar@3.6.0 want: ~3.6.0
2233 silly fetch manifest picomatch@^2.0.4
2234 silly packumentCache full:https://registry.npmjs.org/picomatch cache-hit
2235 silly fetch manifest fill-range@^7.1.1
2236 silly packumentCache full:https://registry.npmjs.org/fill-range cache-miss
2237 silly fetch manifest binary-extensions@^2.0.0
2238 silly packumentCache full:https://registry.npmjs.org/binary-extensions cache-miss
2239 silly fetch manifest picomatch@^2.2.1
2240 silly packumentCache full:https://registry.npmjs.org/picomatch cache-hit
2241 http fetch GET 200 https://registry.npmjs.org/fill-range 91ms (cache miss)
2242 silly packumentCache full:https://registry.npmjs.org/fill-range set size:undefined disposed:false
2243 http fetch GET 200 https://registry.npmjs.org/binary-extensions 119ms (cache miss)
2244 silly packumentCache full:https://registry.npmjs.org/binary-extensions set size:undefined disposed:false
2245 silly placeDep ROOT picomatch@2.3.2 OK for: anymatch@3.1.3 want: ^2.0.4
2246 silly placeDep ROOT fill-range@7.1.1 OK for: braces@3.0.3 want: ^7.1.1
2247 silly fetch manifest to-regex-range@^5.0.1
2248 silly packumentCache full:https://registry.npmjs.org/to-regex-range cache-miss
2249 http fetch GET 200 https://registry.npmjs.org/to-regex-range 102ms (cache miss)
2250 silly packumentCache full:https://registry.npmjs.org/to-regex-range set size:undefined disposed:false
2251 silly placeDep node_modules/fast-glob glob-parent@5.1.2 OK for: fast-glob@3.3.3 want: ^5.1.2
2252 silly placeDep ROOT merge2@1.4.1 OK for: fast-glob@3.3.3 want: ^1.3.0
2253 silly placeDep ROOT to-regex-range@5.0.1 OK for: fill-range@7.1.1 want: ^5.0.1
2254 silly fetch manifest is-number@^7.0.0
2255 silly packumentCache full:https://registry.npmjs.org/is-number cache-miss
2256 http fetch GET 200 https://registry.npmjs.org/is-number 184ms (cache miss)
2257 silly packumentCache full:https://registry.npmjs.org/is-number set size:undefined disposed:false
2258 silly placeDep ROOT binary-extensions@2.3.0 OK for: is-binary-path@2.1.0 want: ^2.0.0
2259 silly placeDep ROOT postcss-value-parser@4.2.0 OK for: postcss-import@15.1.0 want: ^4.0.0
2260 silly placeDep ROOT read-cache@1.0.2 OK for: postcss-import@15.1.0 want: ^1.0.0
2261 silly placeDep node_modules/postcss-import resolve@1.22.12 OK for: postcss-import@15.1.0 want: ^1.1.7
2262 silly placeDep ROOT camelcase-css@2.0.1 OK for: postcss-js@4.1.0 want: ^2.0.1
2263 silly placeDep ROOT cssesc@3.0.0 OK for: postcss-selector-parser@6.1.4 want: ^3.0.0
2264 silly placeDep ROOT util-deprecate@1.0.2 OK for: postcss-selector-parser@6.1.4 want: ^1.0.2
2265 silly placeDep ROOT @jridgewell/gen-mapping@0.3.13 OK for: sucrase@3.35.1 want: ^0.3.2
2266 silly placeDep ROOT commander@4.1.1 OK for: sucrase@3.35.1 want: ^4.0.0
2267 silly placeDep ROOT lines-and-columns@1.2.4 OK for: sucrase@3.35.1 want: ^1.1.6
2268 silly placeDep ROOT mz@2.7.0 OK for: sucrase@3.35.1 want: ^2.7.0
2269 silly placeDep ROOT pirates@4.0.7 OK for: sucrase@3.35.1 want: ^4.0.1
2270 silly placeDep ROOT ts-interface-checker@0.1.13 OK for: sucrase@3.35.1 want: ^0.1.9
2271 silly fetch manifest @jridgewell/trace-mapping@^0.3.24
2272 silly packumentCache full:https://registry.npmjs.org/@jridgewell%2ftrace-mapping cache-miss
2273 silly fetch manifest @jridgewell/sourcemap-codec@^1.5.0
2274 silly packumentCache full:https://registry.npmjs.org/@jridgewell%2fsourcemap-codec cache-miss
2275 silly fetch manifest any-promise@^1.0.0
2276 silly packumentCache full:https://registry.npmjs.org/any-promise cache-miss
2277 silly fetch manifest thenify-all@^1.0.0
2278 silly packumentCache full:https://registry.npmjs.org/thenify-all cache-miss
2279 http fetch GET 200 https://registry.npmjs.org/any-promise 90ms (cache miss)
2280 silly packumentCache full:https://registry.npmjs.org/any-promise set size:undefined disposed:false
2281 http fetch GET 200 https://registry.npmjs.org/@jridgewell%2fsourcemap-codec 310ms (cache miss)
2282 silly packumentCache full:https://registry.npmjs.org/@jridgewell%2fsourcemap-codec set size:undefined disposed:false
2283 http fetch GET 200 https://registry.npmjs.org/thenify-all 341ms (cache miss)
2284 silly packumentCache full:https://registry.npmjs.org/thenify-all set size:undefined disposed:false
2285 http fetch GET 200 https://registry.npmjs.org/@jridgewell%2ftrace-mapping 601ms (cache miss)
2286 silly packumentCache full:https://registry.npmjs.org/@jridgewell%2ftrace-mapping set size:undefined disposed:false
2287 silly placeDep ROOT @jridgewell/sourcemap-codec@1.6.0 OK for: @jridgewell/gen-mapping@0.3.13 want: ^1.5.0
2288 silly placeDep ROOT @jridgewell/trace-mapping@0.3.31 OK for: @jridgewell/gen-mapping@0.3.13 want: ^0.3.24
2289 silly fetch manifest @jridgewell/resolve-uri@^3.1.0
2290 silly packumentCache full:https://registry.npmjs.org/@jridgewell%2fresolve-uri cache-miss
2291 http fetch GET 200 https://registry.npmjs.org/@jridgewell%2fresolve-uri 643ms (cache miss)
2292 silly packumentCache full:https://registry.npmjs.org/@jridgewell%2fresolve-uri set size:undefined disposed:false
2293 silly placeDep ROOT @jridgewell/resolve-uri@3.1.2 OK for: @jridgewell/trace-mapping@0.3.31 want: ^3.1.0
2294 silly placeDep ROOT any-promise@1.3.0 OK for: mz@2.7.0 want: ^1.0.0
2295 silly placeDep ROOT thenify-all@1.6.0 OK for: mz@2.7.0 want: ^1.0.0
2296 silly fetch manifest thenify@>= 3.1.0 < 4
2297 silly packumentCache full:https://registry.npmjs.org/thenify cache-miss
2298 http fetch GET 200 https://registry.npmjs.org/thenify 344ms (cache miss)
2299 silly packumentCache full:https://registry.npmjs.org/thenify set size:undefined disposed:false
2300 silly placeDep ROOT thenify@3.3.1 OK for: thenify-all@1.6.0 want: >= 3.1.0 < 4
2301 silly placeDep node_modules/tinyglobby fdir@6.5.0 OK for: tinyglobby@0.2.17 want: ^6.5.0
2302 silly placeDep node_modules/tinyglobby picomatch@4.0.7 OK for: fdir@6.5.0 want: ^3 || ^4
2303 silly placeDep ROOT is-number@7.0.0 OK for: to-regex-range@5.0.1 want: ^7.0.0
2304 silly placeDep ROOT @types/json5@0.0.29 OK for: tsconfig-paths@3.15.0 want: ^0.0.29
2305 silly placeDep ROOT json5@1.0.2 OK for: tsconfig-paths@3.15.0 want: ^1.0.2
2306 silly placeDep ROOT minimist@1.2.8 OK for: tsconfig-paths@3.15.0 want: ^1.2.6
2307 silly placeDep ROOT strip-bom@3.0.0 OK for: tsconfig-paths@3.15.0 want: ^3.0.0
2308 silly fetch manifest minimist@^1.2.0
2309 silly packumentCache full:https://registry.npmjs.org/minimist cache-miss
2310 http cache https://registry.npmjs.org/minimist 3ms (cache hit)
2311 silly packumentCache full:https://registry.npmjs.org/minimist set size:77063 disposed:false
2312 silly placeDep ROOT for-each@0.3.5 OK for: typed-array-byte-length@1.0.3 want: ^0.3.3
2313 silly placeDep ROOT reflect.getprototypeof@1.0.10 OK for: typed-array-byte-offset@1.0.4 want: ^1.0.9
2314 silly fetch manifest which-builtin-type@^1.2.1
2315 silly packumentCache full:https://registry.npmjs.org/which-builtin-type cache-miss
2316 http fetch GET 200 https://registry.npmjs.org/which-builtin-type 115ms (cache miss)
2317 silly packumentCache full:https://registry.npmjs.org/which-builtin-type set size:undefined disposed:false
2318 silly placeDep ROOT which-builtin-type@1.2.1 OK for: reflect.getprototypeof@1.0.10 want: ^1.2.1
2319 silly fetch manifest is-async-function@^2.0.0
2320 silly packumentCache full:https://registry.npmjs.org/is-async-function cache-miss
2321 silly fetch manifest is-finalizationregistry@^1.1.0
2322 silly packumentCache full:https://registry.npmjs.org/is-finalizationregistry cache-miss
2323 silly fetch manifest is-generator-function@^1.0.10
2324 silly packumentCache full:https://registry.npmjs.org/is-generator-function cache-miss
2325 silly fetch manifest which-boxed-primitive@^1.1.0
2326 silly packumentCache full:https://registry.npmjs.org/which-boxed-primitive cache-miss
2327 silly fetch manifest which-collection@^1.0.2
2328 silly packumentCache full:https://registry.npmjs.org/which-collection cache-miss
2329 http cache https://registry.npmjs.org/which-boxed-primitive 4ms (cache hit)
2330 silly packumentCache full:https://registry.npmjs.org/which-boxed-primitive set size:19407 disposed:false
2331 http fetch GET 200 https://registry.npmjs.org/is-generator-function 88ms (cache miss)
2332 silly packumentCache full:https://registry.npmjs.org/is-generator-function set size:undefined disposed:false
2333 http fetch GET 200 https://registry.npmjs.org/which-collection 89ms (cache miss)
2334 silly packumentCache full:https://registry.npmjs.org/which-collection set size:undefined disposed:false
2335 http fetch GET 200 https://registry.npmjs.org/is-async-function 97ms (cache miss)
2336 silly packumentCache full:https://registry.npmjs.org/is-async-function set size:undefined disposed:false
2337 http fetch GET 200 https://registry.npmjs.org/is-finalizationregistry 141ms (cache miss)
2338 silly packumentCache full:https://registry.npmjs.org/is-finalizationregistry set size:undefined disposed:false
2339 silly placeDep ROOT has-bigints@1.1.0 OK for: unbox-primitive@1.1.0 want: ^1.0.2
2340 silly placeDep ROOT which-boxed-primitive@1.1.1 OK for: unbox-primitive@1.1.0 want: ^1.1.1
2341 silly fetch manifest is-bigint@^1.1.0
2342 silly packumentCache full:https://registry.npmjs.org/is-bigint cache-miss
2343 silly fetch manifest is-boolean-object@^1.2.1
2344 silly packumentCache full:https://registry.npmjs.org/is-boolean-object cache-miss
2345 silly fetch manifest is-number-object@^1.1.1
2346 silly packumentCache full:https://registry.npmjs.org/is-number-object cache-miss
2347 http fetch GET 200 https://registry.npmjs.org/is-boolean-object 95ms (cache miss)
2348 silly packumentCache full:https://registry.npmjs.org/is-boolean-object set size:undefined disposed:false
2349 http fetch GET 200 https://registry.npmjs.org/is-number-object 140ms (cache miss)
2350 silly packumentCache full:https://registry.npmjs.org/is-number-object set size:undefined disposed:false
2351 http fetch GET 200 https://registry.npmjs.org/is-bigint 345ms (cache miss)
2352 silly packumentCache full:https://registry.npmjs.org/is-bigint set size:undefined disposed:false
2353 silly placeDep ROOT @unrs/resolver-binding-android-arm-eabi@1.12.2 OK for: unrs-resolver@1.12.2 want: 1.12.2
2354 silly placeDep ROOT @unrs/resolver-binding-android-arm64@1.12.2 OK for: unrs-resolver@1.12.2 want: 1.12.2
2355 silly placeDep ROOT @unrs/resolver-binding-darwin-arm64@1.12.2 OK for: unrs-resolver@1.12.2 want: 1.12.2
2356 silly placeDep ROOT @unrs/resolver-binding-darwin-x64@1.12.2 OK for: unrs-resolver@1.12.2 want: 1.12.2
2357 silly placeDep ROOT @unrs/resolver-binding-freebsd-x64@1.12.2 OK for: unrs-resolver@1.12.2 want: 1.12.2
2358 silly placeDep ROOT @unrs/resolver-binding-linux-arm-gnueabihf@1.12.2 OK for: unrs-resolver@1.12.2 want: 1.12.2
2359 silly placeDep ROOT @unrs/resolver-binding-linux-arm-musleabihf@1.12.2 OK for: unrs-resolver@1.12.2 want: 1.12.2
2360 silly placeDep ROOT @unrs/resolver-binding-linux-arm64-gnu@1.12.2 OK for: unrs-resolver@1.12.2 want: 1.12.2
2361 silly placeDep ROOT @unrs/resolver-binding-linux-arm64-musl@1.12.2 OK for: unrs-resolver@1.12.2 want: 1.12.2
2362 silly placeDep ROOT @unrs/resolver-binding-linux-loong64-gnu@1.12.2 OK for: unrs-resolver@1.12.2 want: 1.12.2
2363 silly placeDep ROOT @unrs/resolver-binding-linux-loong64-musl@1.12.2 OK for: unrs-resolver@1.12.2 want: 1.12.2
2364 silly placeDep ROOT @unrs/resolver-binding-linux-ppc64-gnu@1.12.2 OK for: unrs-resolver@1.12.2 want: 1.12.2
2365 silly placeDep ROOT @unrs/resolver-binding-linux-riscv64-gnu@1.12.2 OK for: unrs-resolver@1.12.2 want: 1.12.2
2366 silly placeDep ROOT @unrs/resolver-binding-linux-riscv64-musl@1.12.2 OK for: unrs-resolver@1.12.2 want: 1.12.2
2367 silly placeDep ROOT @unrs/resolver-binding-linux-s390x-gnu@1.12.2 OK for: unrs-resolver@1.12.2 want: 1.12.2
2368 silly placeDep ROOT @unrs/resolver-binding-linux-x64-gnu@1.12.2 OK for: unrs-resolver@1.12.2 want: 1.12.2
2369 silly placeDep ROOT @unrs/resolver-binding-linux-x64-musl@1.12.2 OK for: unrs-resolver@1.12.2 want: 1.12.2
2370 silly placeDep ROOT @unrs/resolver-binding-openharmony-arm64@1.12.2 OK for: unrs-resolver@1.12.2 want: 1.12.2
2371 silly placeDep ROOT @unrs/resolver-binding-wasm32-wasi@1.12.2 OK for: unrs-resolver@1.12.2 want: 1.12.2
2372 silly placeDep ROOT @unrs/resolver-binding-win32-arm64-msvc@1.12.2 OK for: unrs-resolver@1.12.2 want: 1.12.2
2373 silly placeDep ROOT @unrs/resolver-binding-win32-ia32-msvc@1.12.2 OK for: unrs-resolver@1.12.2 want: 1.12.2
2374 silly placeDep ROOT @unrs/resolver-binding-win32-x64-msvc@1.12.2 OK for: unrs-resolver@1.12.2 want: 1.12.2
2375 silly placeDep ROOT napi-postinstall@0.3.4 OK for: unrs-resolver@1.12.2 want: ^0.3.4
2376 silly fetch manifest @napi-rs/wasm-runtime@^1.1.4
2377 silly packumentCache full:https://registry.npmjs.org/@napi-rs%2fwasm-runtime cache-miss
2378 silly fetch manifest @emnapi/core@1.10.0
2379 silly packumentCache full:https://registry.npmjs.org/@emnapi%2fcore cache-miss
2380 silly fetch manifest @emnapi/runtime@1.10.0
2381 silly packumentCache full:https://registry.npmjs.org/@emnapi%2fruntime cache-miss
2382 http fetch GET 200 https://registry.npmjs.org/@emnapi%2fruntime 319ms (cache miss)
2383 silly packumentCache full:https://registry.npmjs.org/@emnapi%2fruntime set size:undefined disposed:false
2384 http fetch GET 200 https://registry.npmjs.org/@emnapi%2fcore 365ms (cache miss)
2385 silly packumentCache full:https://registry.npmjs.org/@emnapi%2fcore set size:undefined disposed:false
2386 http fetch GET 200 https://registry.npmjs.org/@napi-rs%2fwasm-runtime 543ms (cache miss)
2387 silly packumentCache full:https://registry.npmjs.org/@napi-rs%2fwasm-runtime set size:undefined disposed:false
2388 silly placeDep ROOT @emnapi/core@1.10.0 OK for: @unrs/resolver-binding-wasm32-wasi@1.12.2 want: 1.10.0
2389 silly placeDep ROOT @emnapi/runtime@1.10.0 OK for: @unrs/resolver-binding-wasm32-wasi@1.12.2 want: 1.10.0
2390 silly placeDep ROOT @napi-rs/wasm-runtime@1.2.3 OK for: @unrs/resolver-binding-wasm32-wasi@1.12.2 want: ^1.1.4
2391 silly fetch manifest @emnapi/wasi-threads@1.2.1
2392 silly packumentCache full:https://registry.npmjs.org/@emnapi%2fwasi-threads cache-miss
2393 silly fetch manifest @tybys/wasm-util@^0.10.3
2394 silly packumentCache full:https://registry.npmjs.org/@tybys%2fwasm-util cache-miss
2395 http fetch GET 200 https://registry.npmjs.org/@tybys%2fwasm-util 314ms (cache miss)
2396 silly packumentCache full:https://registry.npmjs.org/@tybys%2fwasm-util set size:undefined disposed:false
2397 http fetch GET 200 https://registry.npmjs.org/@emnapi%2fwasi-threads 554ms (cache miss)
2398 silly packumentCache full:https://registry.npmjs.org/@emnapi%2fwasi-threads set size:undefined disposed:false
2399 silly placeDep ROOT @emnapi/wasi-threads@1.2.1 OK for: @emnapi/core@1.10.0 want: 1.2.1
2400 silly placeDep ROOT @tybys/wasm-util@0.10.3 OK for: @napi-rs/wasm-runtime@1.2.3 want: ^0.10.3
2401 silly placeDep ROOT punycode@2.3.1 OK for: uri-js@4.4.1 want: ^2.1.0
2402 silly placeDep ROOT tr46@5.1.1 OK for: whatwg-url@14.2.0 want: ^5.1.0
2403 silly placeDep ROOT webidl-conversions@7.0.0 OK for: whatwg-url@14.2.0 want: ^7.0.0
2404 silly placeDep ROOT isexe@2.0.0 OK for: which@2.0.2 want: ^2.0.0
2405 silly placeDep ROOT is-bigint@1.1.0 OK for: which-boxed-primitive@1.1.1 want: ^1.1.0
2406 silly placeDep ROOT is-boolean-object@1.2.2 OK for: which-boxed-primitive@1.1.1 want: ^1.2.1
2407 silly placeDep ROOT is-number-object@1.1.1 OK for: which-boxed-primitive@1.1.1 want: ^1.1.1
2408 silly placeDep ROOT is-async-function@2.1.1 OK for: which-builtin-type@1.2.1 want: ^2.0.0
2409 silly placeDep ROOT is-finalizationregistry@1.1.1 OK for: which-builtin-type@1.2.1 want: ^1.1.0
2410 silly placeDep ROOT is-generator-function@1.1.2 OK for: which-builtin-type@1.2.1 want: ^1.0.10
2411 silly placeDep ROOT which-collection@1.0.2 OK for: which-builtin-type@1.2.1 want: ^1.0.2
2412 silly fetch manifest async-function@^1.0.0
2413 silly packumentCache full:https://registry.npmjs.org/async-function cache-miss
2414 silly fetch manifest generator-function@^2.0.0
2415 silly packumentCache full:https://registry.npmjs.org/generator-function cache-miss
2416 silly fetch manifest is-map@^2.0.3
2417 silly packumentCache full:https://registry.npmjs.org/is-map cache-miss
2418 silly fetch manifest is-weakmap@^2.0.2
2419 silly packumentCache full:https://registry.npmjs.org/is-weakmap cache-miss
2420 silly fetch manifest is-weakset@^2.0.3
2421 silly packumentCache full:https://registry.npmjs.org/is-weakset cache-miss
2422 http fetch GET 200 https://registry.npmjs.org/is-weakmap 95ms (cache miss)
2423 silly packumentCache full:https://registry.npmjs.org/is-weakmap set size:undefined disposed:false
2424 http fetch GET 200 https://registry.npmjs.org/generator-function 96ms (cache miss)
2425 silly packumentCache full:https://registry.npmjs.org/generator-function set size:undefined disposed:false
2426 http fetch GET 200 https://registry.npmjs.org/async-function 115ms (cache miss)
2427 silly packumentCache full:https://registry.npmjs.org/async-function set size:undefined disposed:false
2428 http fetch GET 200 https://registry.npmjs.org/is-map 126ms (cache miss)
2429 silly packumentCache full:https://registry.npmjs.org/is-map set size:undefined disposed:false
2430 http fetch GET 200 https://registry.npmjs.org/is-weakset 338ms (cache miss)
2431 silly packumentCache full:https://registry.npmjs.org/is-weakset set size:undefined disposed:false
2432 silly placeDep ROOT async-function@1.0.0 OK for: is-async-function@2.1.1 want: ^1.0.0
2433 silly placeDep ROOT generator-function@2.0.1 OK for: is-generator-function@1.1.2 want: ^2.0.0
2434 silly placeDep ROOT is-map@2.0.3 OK for: which-collection@1.0.2 want: ^2.0.3
2435 silly placeDep ROOT is-weakmap@2.0.2 OK for: which-collection@1.0.2 want: ^2.0.2
2436 silly placeDep ROOT is-weakset@2.0.4 OK for: which-collection@1.0.2 want: ^2.0.3
2437 silly placeDep node_modules/wrap-ansi ansi-styles@6.2.3 OK for: wrap-ansi@8.1.0 want: ^6.1.0
2438 silly placeDep node_modules/wrap-ansi strip-ansi@7.2.0 OK for: wrap-ansi@8.1.0 want: ^7.0.1
2439 silly placeDep node_modules/wrap-ansi-cjs string-width@4.2.3 OK for: wrap-ansi@7.0.0 want: ^4.1.0
2440 silly placeDep node_modules/@isaacs/cliui ansi-regex@6.3.0 OK for: strip-ansi@7.2.0 want: ^6.2.2
2441 silly placeDep node_modules/@typescript-eslint/typescript-estree brace-expansion@5.0.9 OK for: minimatch@10.2.6 want: ^5.0.8
2442 silly fetch manifest balanced-match@^4.0.2
2443 silly packumentCache full:https://registry.npmjs.org/balanced-match cache-miss
2444 http cache https://registry.npmjs.org/balanced-match 2ms (cache hit)
2445 silly packumentCache full:https://registry.npmjs.org/balanced-match set size:39082 disposed:false
2446 silly placeDep node_modules/@typescript-eslint/typescript-estree balanced-match@4.0.4 OK for: brace-expansion@5.0.9 want: ^4.0.2
2447 silly placeDep node_modules/glob brace-expansion@2.1.4 OK for: minimatch@9.0.9 want: ^2.0.2
2448 silly placeDep ROOT fs.realpath@1.0.0 OK for: glob@7.2.3 want: ^1.0.0
2449 silly placeDep ROOT inflight@1.0.6 OK for: glob@7.2.3 want: ^1.0.4
2450 silly placeDep ROOT inherits@2.0.4 OK for: glob@7.2.3 want: 2
2451 silly placeDep ROOT once@1.4.0 OK for: glob@7.2.3 want: ^1.3.0
2452 silly placeDep ROOT path-is-absolute@1.0.1 OK for: glob@7.2.3 want: ^1.0.0
2453 silly fetch manifest wrappy@1
2454 silly packumentCache full:https://registry.npmjs.org/wrappy cache-miss
2455 silly fetch manifest wrappy@1
2456 silly packumentCache full:https://registry.npmjs.org/wrappy cache-miss
2457 http fetch GET 200 https://registry.npmjs.org/wrappy 334ms (cache miss)
2458 silly packumentCache full:https://registry.npmjs.org/wrappy set size:undefined disposed:false
2459 http fetch GET 200 https://registry.npmjs.org/wrappy 367ms (cache miss)
2460 silly packumentCache full:https://registry.npmjs.org/wrappy set size:undefined disposed:false
2461 silly placeDep ROOT wrappy@1.0.2 OK for: inflight@1.0.6 want: 1
2462 silly placeDep node_modules/string-width ansi-regex@6.3.0 OK for: strip-ansi@7.2.0 want: ^6.2.2
2463 silly placeDep node_modules/wrap-ansi-cjs emoji-regex@8.0.0 OK for: string-width@4.2.3 want: ^8.0.0
2464 silly placeDep node_modules/wrap-ansi ansi-regex@6.3.0 OK for: strip-ansi@7.2.0 want: ^6.2.2
2465 silly reify moves {}
2466 silly audit bulk request {
2466 silly audit   eslint: [ '8.57.1' ],
2466 silly audit   'eslint-config-next': [ '14.2.35' ],
2466 silly audit   'framer-motion': [ '13.1.1' ],
2466 silly audit   'lucide-react': [ '1.37.0' ],
2466 silly audit   react: [ '18.3.1' ],
2466 silly audit   mongoose: [ '9.9.4' ],
2466 silly audit   next: [ '14.2.35' ],
2466 silly audit   'react-dom': [ '18.3.1' ],
2466 silly audit   postcss: [ '8.5.26', '8.4.31' ],
2466 silly audit   'react-intersection-observer': [ '11.0.1' ],
2466 silly audit   tailwindcss: [ '3.4.19' ],
2466 silly audit   '@eslint-community/eslint-utils': [ '4.10.1' ],
2466 silly audit   '@eslint-community/regexpp': [ '4.12.2' ],
2466 silly audit   '@eslint/eslintrc': [ '2.1.4' ],
2466 silly audit   '@eslint/js': [ '8.57.1' ],
2466 silly audit   '@humanwhocodes/config-array': [ '0.13.0' ],
2466 silly audit   '@humanwhocodes/module-importer': [ '1.0.1' ],
2466 silly audit   '@nodelib/fs.walk': [ '1.2.8' ],
2466 silly audit   '@ungap/structured-clone': [ '1.4.0' ],
2466 silly audit   ajv: [ '6.15.0' ],
2466 silly audit   chalk: [ '4.1.2' ],
2466 silly audit   'cross-spawn': [ '7.0.6' ],
2466 silly audit   debug: [ '4.4.3', '3.2.7' ],
2466 silly audit   doctrine: [ '3.0.0', '2.1.0' ],
2466 silly audit   'escape-string-regexp': [ '4.0.0' ],
2466 silly audit   'eslint-scope': [ '7.2.2' ],
2466 silly audit   'eslint-visitor-keys': [ '3.4.3', '5.0.1' ],
2466 silly audit   espree: [ '9.6.1' ],
2466 silly audit   esquery: [ '1.7.0' ],
2466 silly audit   esutils: [ '2.0.3' ],
2466 silly audit   'fast-deep-equal': [ '3.1.3' ],
2466 silly audit   'file-entry-cache': [ '6.0.1' ],
2466 silly audit   'find-up': [ '5.0.0' ],
2466 silly audit   'glob-parent': [ '6.0.2', '5.1.2' ],
2466 silly audit   globals: [ '13.24.0' ],
2466 silly audit   graphemer: [ '1.4.0' ],
2466 silly audit   ignore: [ '5.3.2', '7.0.7' ],
2466 silly audit   imurmurhash: [ '0.1.4' ],
2466 silly audit   'is-glob': [ '4.0.3' ],
2466 silly audit   'is-path-inside': [ '3.0.3' ],
2466 silly audit   'js-yaml': [ '4.3.2' ],
2466 silly audit   'json-stable-stringify-without-jsonify': [ '1.0.1' ],
2466 silly audit   levn: [ '0.4.1' ],
2466 silly audit   'lodash.merge': [ '4.6.2' ],
2466 silly audit   minimatch: [ '3.1.5', '10.2.6', '9.0.9' ],
2466 silly audit   'natural-compare': [ '1.4.0' ],
2466 silly audit   optionator: [ '0.9.4' ],
2466 silly audit   'strip-ansi': [ '6.0.1', '7.2.0' ],
2466 silly audit   'text-table': [ '0.2.0' ],
2466 silly audit   'import-fresh': [ '3.3.1' ],
2466 silly audit   'strip-json-comments': [ '3.1.1' ],
2466 silly audit   '@humanwhocodes/object-schema': [ '2.0.3' ],
2466 silly audit   '@nodelib/fs.scandir': [ '2.1.5' ],
2466 silly audit   fastq: [ '1.20.3' ],
2466 silly audit   '@nodelib/fs.stat': [ '2.0.5' ],
2466 silly audit   'run-parallel': [ '1.2.0' ],
2466 silly audit   'fast-json-stable-stringify': [ '2.1.0' ],
2466 silly audit   'json-schema-traverse': [ '0.4.1' ],
2466 silly audit   'uri-js': [ '4.4.1' ],
2466 silly audit   'ansi-styles': [ '4.3.0', '6.2.3' ],
2466 silly audit   'supports-color': [ '7.2.0' ],
2466 silly audit   'color-convert': [ '2.0.1' ],
2466 silly audit   'color-name': [ '1.1.4' ],
2466 silly audit   'path-key': [ '3.1.1' ],
2466 silly audit   'shebang-command': [ '2.0.0' ],
2466 silly audit   which: [ '2.0.2' ],
2466 silly audit   ms: [ '2.1.3' ],
2466 silly audit   '@next/eslint-plugin-next': [ '14.2.35' ],
2466 silly audit   '@rushstack/eslint-patch': [ '1.16.1' ],
2466 silly audit   '@typescript-eslint/eslint-plugin': [ '8.68.0' ],
2466 silly audit   typescript: [ '6.0.3' ],
2466 silly audit   '@typescript-eslint/parser': [ '8.68.0' ],
2466 silly audit   'eslint-import-resolver-node': [ '0.3.10' ],
2466 silly audit   'eslint-import-resolver-typescript': [ '3.10.1' ],
2466 silly audit   'eslint-plugin-import': [ '2.32.0' ],
2466 silly audit   'eslint-plugin-jsx-a11y': [ '6.10.2' ],
2466 silly audit   'eslint-plugin-react': [ '7.37.5' ],
2466 silly audit   'eslint-plugin-react-hooks': [ '5.0.0-canary-7118f5dd7-20230705' ],
2466 silly audit   glob: [ '10.3.10', '7.2.3' ],
2466 silly audit   '@typescript-eslint/scope-manager': [ '8.68.0' ],
2466 silly audit   '@typescript-eslint/type-utils': [ '8.68.0' ],
2466 silly audit   '@typescript-eslint/utils': [ '8.68.0' ],
2466 silly audit   '@typescript-eslint/visitor-keys': [ '8.68.0' ],
2466 silly audit   'ts-api-utils': [ '2.5.0' ],
2466 silly audit   '@typescript-eslint/types': [ '8.68.0' ],
2466 silly audit   '@typescript-eslint/typescript-estree': [ '8.68.0' ],
2466 silly audit   '@typescript-eslint/project-service': [ '8.68.0' ],
2466 silly audit   '@typescript-eslint/tsconfig-utils': [ '8.68.0' ],
2466 silly audit   semver: [ '7.8.5', '6.3.1' ],
2466 silly audit   tinyglobby: [ '0.2.17' ],
2466 silly audit   'is-core-module': [ '2.16.2' ],
2466 silly audit   resolve: [ '2.0.0-next.7', '1.22.12' ],
2466 silly audit   '@nolyfill/is-core-module': [ '1.0.39' ],
2466 silly audit   'get-tsconfig': [ '4.14.3' ],
2466 silly audit   'is-bun-module': [ '2.0.0' ],
2466 silly audit   'stable-hash': [ '0.0.5' ],
2466 silly audit   'unrs-resolver': [ '1.12.2' ],
2466 silly audit   '@rtsao/scc': [ '1.1.0' ],
2466 silly audit   'array-includes': [ '3.1.9' ],
2466 silly audit   'array.prototype.findlastindex': [ '1.2.6' ],
2466 silly audit   'array.prototype.flat': [ '1.3.3' ],
2466 silly audit   'array.prototype.flatmap': [ '1.3.3' ],
2466 silly audit   'eslint-module-utils': [ '2.14.0' ],
2466 silly audit   hasown: [ '2.0.4' ],
2466 silly audit   'object.fromentries': [ '2.0.8' ],
2466 silly audit   'object.groupby': [ '1.0.3' ],
2466 silly audit   'object.values': [ '1.2.1' ],
2466 silly audit   'string.prototype.trimend': [ '1.0.10' ],
2466 silly audit   'tsconfig-paths': [ '3.15.0' ],
2466 silly audit   'call-bind': [ '1.0.9' ],
2466 silly audit   'call-bound': [ '1.0.4' ],
2466 silly audit   'define-properties': [ '1.2.1' ],
2466 silly audit   'es-abstract': [ '1.24.2' ],
2466 silly audit   'es-object-atoms': [ '1.1.2' ],
2466 silly audit   'get-intrinsic': [ '1.3.0' ],
2466 silly audit   'is-string': [ '1.1.1' ],
2466 silly audit   'math-intrinsics': [ '1.1.0' ],
2466 silly audit   'es-errors': [ '1.3.0' ],
2466 silly audit   'es-shim-unscopables': [ '1.1.0' ],
2466 silly audit   'call-bind-apply-helpers': [ '1.0.2' ],
2466 silly audit   'es-define-property': [ '1.0.1' ],
2466 silly audit   'set-function-length': [ '1.2.2' ],
2466 silly audit   'function-bind': [ '1.1.2' ],
2466 silly audit   'define-data-property': [ '1.1.4' ],
2466 silly audit   'has-property-descriptors': [ '1.0.2' ],
2466 silly audit   'object-keys': [ '1.1.1' ],
2466 silly audit   gopd: [ '1.2.0' ],
2466 silly audit   'array-buffer-byte-length': [ '1.0.2' ],
2466 silly audit   'arraybuffer.prototype.slice': [ '1.0.4' ],
2466 silly audit   'available-typed-arrays': [ '1.0.7' ],
2466 silly audit   'data-view-buffer': [ '1.0.2' ],
2466 silly audit   'data-view-byte-length': [ '1.0.2' ],
2466 silly audit   'data-view-byte-offset': [ '1.0.1' ],
2466 silly audit   'es-set-tostringtag': [ '2.1.0' ],
2466 silly audit   'es-to-primitive': [ '1.3.4' ],
2466 silly audit   'function.prototype.name': [ '1.2.0' ],
2466 silly audit   'get-proto': [ '1.0.1' ],
2466 silly audit   'get-symbol-description': [ '1.1.0' ],
2466 silly audit   globalthis: [ '1.0.4' ],
2466 silly audit   'has-proto': [ '1.2.0' ],
2466 silly audit   'has-symbols': [ '1.1.0' ],
2466 silly audit   'internal-slot': [ '1.1.0' ],
2466 silly audit   'is-array-buffer': [ '3.0.5' ],
2466 silly audit   'is-callable': [ '1.2.7' ],
2466 silly audit   'is-data-view': [ '1.0.2' ],
2466 silly audit   'is-negative-zero': [ '2.0.3' ],
2466 silly audit   'is-regex': [ '1.2.1' ],
2466 silly audit   'is-set': [ '2.0.3' ],
2466 silly audit   'is-shared-array-buffer': [ '1.0.4' ],
2466 silly audit   'is-typed-array': [ '1.1.15' ],
2466 silly audit   'is-weakref': [ '1.1.1' ],
2466 silly audit   'object-inspect': [ '1.13.4' ],
2466 silly audit   'object.assign': [ '4.1.7' ],
2466 silly audit   'own-keys': [ '1.0.2' ],
2466 silly audit   'regexp.prototype.flags': [ '1.5.4' ],
2466 silly audit   'safe-array-concat': [ '1.1.4' ],
2466 silly audit   'safe-push-apply': [ '1.0.0' ],
2466 silly audit   'safe-regex-test': [ '1.1.0' ],
2466 silly audit   'set-proto': [ '1.0.0' ],
2466 silly audit   'stop-iteration-iterator': [ '1.1.0' ],
2466 silly audit   'string.prototype.trim': [ '1.2.11' ],
2466 silly audit   'string.prototype.trimstart': [ '1.0.8' ],
2466 silly audit   'typed-array-buffer': [ '1.0.3' ],
2466 silly audit   'typed-array-byte-length': [ '1.0.3' ],
2466 silly audit   'typed-array-byte-offset': [ '1.0.4' ],
2466 silly audit   'typed-array-length': [ '1.0.8' ],
2466 silly audit   'unbox-primitive': [ '1.1.0' ],
2466 silly audit   'which-typed-array': [ '1.1.22' ],
2466 silly audit   'possible-typed-array-names': [ '1.1.0' ],
2466 silly audit   'has-tostringtag': [ '1.0.2' ],
2466 silly audit   'es-abstract-get': [ '1.0.0' ],
2466 silly audit   'is-date-object': [ '1.1.0' ],
2466 silly audit   'is-symbol': [ '1.1.1' ],
2466 silly audit   'aria-query': [ '5.3.2' ],
2466 silly audit   'ast-types-flow': [ '0.0.8' ],
2466 silly audit   'axe-core': [ '4.13.0' ],
2466 silly audit   'axobject-query': [ '4.1.0' ],
2466 silly audit   'damerau-levenshtein': [ '1.0.8' ],
2466 silly audit   'emoji-regex': [ '9.2.2', '8.0.0' ],
2466 silly audit   'jsx-ast-utils': [ '3.3.5' ],
2466 silly audit   'language-tags': [ '1.0.9' ],
2466 silly audit   'string.prototype.includes': [ '2.0.1' ],
2466 silly audit   'array.prototype.findlast': [ '1.2.5' ],
2466 silly audit   'array.prototype.tosorted': [ '1.1.4' ],
2466 silly audit   'es-iterator-helpers': [ '1.4.0' ],
2466 silly audit   estraverse: [ '5.3.0' ],
2466 silly audit   'object.entries': [ '1.1.9' ],
2466 silly audit   'prop-types': [ '15.8.1' ],
2466 silly audit   'string.prototype.matchall': [ '4.1.0' ],
2466 silly audit   'string.prototype.repeat': [ '1.0.0' ],
2466 silly audit   'iterator.prototype': [ '1.1.5' ],
2466 silly audit   esrecurse: [ '4.3.0' ],
2466 silly audit   acorn: [ '8.18.0' ],
2466 silly audit   'acorn-jsx': [ '5.3.2' ],
2466 silly audit   reusify: [ '1.1.0' ],
2466 silly audit   'flat-cache': [ '3.2.0' ],
2466 silly audit   'locate-path': [ '6.0.0' ],
2466 silly audit   'path-exists': [ '4.0.0' ],
2466 silly audit   flatted: [ '3.4.4' ],
2466 silly audit   keyv: [ '4.5.4' ],
2466 silly audit   rimraf: [ '3.0.2' ],
2466 silly audit   'motion-dom': [ '13.1.1' ],
2466 silly audit   'motion-utils': [ '13.0.0' ],
2466 silly audit   tslib: [ '2.8.1' ],
2466 silly audit   'functions-have-names': [ '1.2.3' ],
2466 silly audit   'is-document.all': [ '1.0.0' ],
2466 silly audit   'dunder-proto': [ '1.0.1' ],
2466 silly audit   'resolve-pkg-maps': [ '1.0.0' ],
2466 silly audit   'foreground-child': [ '3.3.1' ],
2466 silly audit   jackspeak: [ '2.3.6' ],
2466 silly audit   minipass: [ '7.1.3' ],
2466 silly audit   'path-scurry': [ '1.11.1' ],
2466 silly audit   'signal-exit': [ '4.1.0' ],
2466 silly audit   'type-fest': [ '0.20.2' ],
2466 silly audit   'parent-module': [ '1.0.1' ],
2466 silly audit   'resolve-from': [ '4.0.0' ],
2466 silly audit   'side-channel': [ '1.1.1' ],
2466 silly audit   'is-extglob': [ '2.1.1' ],
2466 silly audit   'set-function-name': [ '2.0.2' ],
2466 silly audit   '@isaacs/cliui': [ '8.0.2' ],
2466 silly audit   '@pkgjs/parseargs': [ '0.11.0' ],
2466 silly audit   'string-width': [ '5.1.2', '4.2.3' ],
2466 silly audit   'wrap-ansi': [ '8.1.0', '7.0.0' ],
2466 silly audit   argparse: [ '2.0.1' ],
2466 silly audit   'json-buffer': [ '3.0.1' ],
2466 silly audit   'language-subtag-registry': [ '0.3.23' ],
2466 silly audit   'prelude-ls': [ '1.2.1' ],
2466 silly audit   'type-check': [ '0.4.0' ],
2466 silly audit   'p-locate': [ '5.0.0' ],
2466 silly audit   'brace-expansion': [ '1.1.18', '5.0.9', '2.1.4' ],
2466 silly audit   'balanced-match': [ '1.0.2', '4.0.4' ],
2466 silly audit   'concat-map': [ '0.0.1' ],
2466 silly audit   '@standard-schema/spec': [ '1.1.0' ],
2466 silly audit   kareem: [ '3.3.0' ],
2466 silly audit   mongodb: [ '7.5.0' ],
2466 silly audit   mpath: [ '0.9.0' ],
2466 silly audit   mquery: [ '6.0.0' ],
2466 silly audit   sift: [ '17.1.3' ],
2466 silly audit   '@mongodb-js/saslprep': [ '1.5.0' ],
2466 silly audit   bson: [ '7.3.2' ],
2466 silly audit   'mongodb-connection-string-url': [ '7.0.2' ],
2466 silly audit   'sparse-bitfield': [ '3.0.3' ],
2466 silly audit   '@types/whatwg-url': [ '13.0.0' ],
2466 silly audit   'whatwg-url': [ '14.2.0' ],
2466 silly audit   '@types/webidl-conversions': [ '7.0.3' ],
2466 silly audit   '@next/env': [ '14.2.35' ],
2466 silly audit   '@next/swc-darwin-arm64': [ '14.2.33' ],
2466 silly audit   '@next/swc-darwin-x64': [ '14.2.33' ],
2466 silly audit   '@next/swc-linux-arm64-gnu': [ '14.2.33' ],
2466 silly audit   '@next/swc-linux-arm64-musl': [ '14.2.33' ],
2466 silly audit   '@next/swc-linux-x64-gnu': [ '14.2.33' ],
2466 silly audit   '@next/swc-linux-x64-musl': [ '14.2.33' ],
2466 silly audit   '@next/swc-win32-arm64-msvc': [ '14.2.33' ],
2466 silly audit   '@next/swc-win32-ia32-msvc': [ '14.2.33' ],
2466 silly audit   '@next/swc-win32-x64-msvc': [ '14.2.33' ],
2466 silly audit   '@swc/helpers': [ '0.5.5' ],
2466 silly audit   busboy: [ '1.6.0' ],
2466 silly audit   'caniuse-lite': [ '1.0.30001810' ],
2466 silly audit   'graceful-fs': [ '4.2.11' ],
2466 silly audit   'styled-jsx': [ '5.1.1' ],
2466 silly audit   '@swc/counter': [ '0.1.3' ],
2466 silly audit   streamsearch: [ '1.1.0' ],
2466 silly audit   'deep-is': [ '0.1.4' ],
2466 silly audit   'fast-levenshtein': [ '2.0.6' ],
2466 silly audit   'word-wrap': [ '1.2.5' ],
2466 silly audit   'p-limit': [ '3.1.0' ],
2466 silly audit   'yocto-queue': [ '0.1.0' ],
2466 silly audit   callsites: [ '3.1.0' ],
2466 silly audit   'lru-cache': [ '10.4.3' ],
2466 silly audit   nanoid: [ '3.3.18' ],
2466 silly audit   picocolors: [ '1.1.1' ],
2466 silly audit   'source-map-js': [ '1.2.1' ],
2466 silly audit   'loose-envify': [ '1.4.0' ],
2466 silly audit   'object-assign': [ '4.1.1' ],
2466 silly audit   'react-is': [ '16.13.1' ],
2466 silly audit   'js-tokens': [ '4.0.0' ],
2466 silly audit   scheduler: [ '0.23.2' ],
2466 silly audit   'node-exports-info': [ '1.6.2' ],
2466 silly audit   'path-parse': [ '1.0.7' ],
2466 silly audit   'supports-preserve-symlinks-flag': [ '1.0.0' ],
2466 silly audit   'queue-microtask': [ '1.2.3' ],
2466 silly audit   isarray: [ '2.0.5' ],
2466 silly audit   'shebang-regex': [ '3.0.0' ],
2466 silly audit   'side-channel-list': [ '1.0.1' ],
2466 silly audit   'side-channel-map': [ '1.0.1' ],
2466 silly audit   'side-channel-weakmap': [ '1.0.2' ],
2466 silly audit   'memory-pager': [ '1.5.0' ],
2466 silly audit   eastasianwidth: [ '0.2.0' ],
2466 silly audit   'is-fullwidth-code-point': [ '3.0.0' ],
2466 silly audit   'ansi-regex': [ '5.0.1', '6.3.0' ],
2466 silly audit   'client-only': [ '0.0.1' ],
2466 silly audit   'has-flag': [ '4.0.0' ],
2466 silly audit   '@alloc/quick-lru': [ '5.2.0' ],
2466 silly audit   arg: [ '5.0.2' ],
2466 silly audit   chokidar: [ '3.6.0' ],
2466 silly audit   didyoumean: [ '1.2.2' ],
2466 silly audit   dlv: [ '1.1.3' ],
2466 silly audit   'fast-glob': [ '3.3.3' ],
2466 silly audit   jiti: [ '1.21.7' ],
2466 silly audit   lilconfig: [ '3.1.3' ],
2466 silly audit   micromatch: [ '4.0.8' ],
2466 silly audit   'normalize-path': [ '3.0.0' ],
2466 silly audit   'object-hash': [ '3.0.0' ],
2466 silly audit   'postcss-import': [ '15.1.0' ],
2466 silly audit   'postcss-js': [ '4.1.0' ],
2466 silly audit   'postcss-load-config': [ '6.0.1' ],
2466 silly audit   'postcss-nested': [ '6.2.0' ],
2466 silly audit   'postcss-selector-parser': [ '6.1.4' ],
2466 silly audit   sucrase: [ '3.35.1' ],
2466 silly audit   anymatch: [ '3.1.3' ],
2466 silly audit   braces: [ '3.0.3' ],
2466 silly audit   fsevents: [ '2.3.3' ],
2466 silly audit   'is-binary-path': [ '2.1.0' ],
2466 silly audit   readdirp: [ '3.6.0' ],
2466 silly audit   picomatch: [ '2.3.2', '4.0.7' ],
2466 silly audit   'fill-range': [ '7.1.1' ],
2466 silly audit   merge2: [ '1.4.1' ],
2466 silly audit   'to-regex-range': [ '5.0.1' ],
2466 silly audit   'binary-extensions': [ '2.3.0' ],
2466 silly audit   'postcss-value-parser': [ '4.2.0' ],
2466 silly audit   'read-cache': [ '1.0.2' ],
2466 silly audit   'camelcase-css': [ '2.0.1' ],
2466 silly audit   cssesc: [ '3.0.0' ],
2466 silly audit   'util-deprecate': [ '1.0.2' ],
2466 silly audit   '@jridgewell/gen-mapping': [ '0.3.13' ],
2466 silly audit   commander: [ '4.1.1' ],
2466 silly audit   'lines-and-columns': [ '1.2.4' ],
2466 silly audit   mz: [ '2.7.0' ],
2466 silly audit   pirates: [ '4.0.7' ],
2466 silly audit   'ts-interface-checker': [ '0.1.13' ],
2466 silly audit   '@jridgewell/sourcemap-codec': [ '1.6.0' ],
2466 silly audit   '@jridgewell/trace-mapping': [ '0.3.31' ],
2466 silly audit   '@jridgewell/resolve-uri': [ '3.1.2' ],
2466 silly audit   'any-promise': [ '1.3.0' ],
2466 silly audit   'thenify-all': [ '1.6.0' ],
2466 silly audit   thenify: [ '3.3.1' ],
2466 silly audit   fdir: [ '6.5.0' ],
2466 silly audit   'is-number': [ '7.0.0' ],
2466 silly audit   '@types/json5': [ '0.0.29' ],
2466 silly audit   json5: [ '1.0.2' ],
2466 silly audit   minimist: [ '1.2.8' ],
2466 silly audit   'strip-bom': [ '3.0.0' ],
2466 silly audit   'for-each': [ '0.3.5' ],
2466 silly audit   'reflect.getprototypeof': [ '1.0.10' ],
2466 silly audit   'which-builtin-type': [ '1.2.1' ],
2466 silly audit   'has-bigints': [ '1.1.0' ],
2466 silly audit   'which-boxed-primitive': [ '1.1.1' ],
2466 silly audit   '@unrs/resolver-binding-android-arm-eabi': [ '1.12.2' ],
2466 silly audit   '@unrs/resolver-binding-android-arm64': [ '1.12.2' ],
2466 silly audit   '@unrs/resolver-binding-darwin-arm64': [ '1.12.2' ],
2466 silly audit   '@unrs/resolver-binding-darwin-x64': [ '1.12.2' ],
2466 silly audit   '@unrs/resolver-binding-freebsd-x64': [ '1.12.2' ],
2466 silly audit   '@unrs/resolver-binding-linux-arm-gnueabihf': [ '1.12.2' ],
2466 silly audit   '@unrs/resolver-binding-linux-arm-musleabihf': [ '1.12.2' ],
2466 silly audit   '@unrs/resolver-binding-linux-arm64-gnu': [ '1.12.2' ],
2466 silly audit   '@unrs/resolver-binding-linux-arm64-musl': [ '1.12.2' ],
2466 silly audit   '@unrs/resolver-binding-linux-loong64-gnu': [ '1.12.2' ],
2466 silly audit   '@unrs/resolver-binding-linux-loong64-musl': [ '1.12.2' ],
2466 silly audit   '@unrs/resolver-binding-linux-ppc64-gnu': [ '1.12.2' ],
2466 silly audit   '@unrs/resolver-binding-linux-riscv64-gnu': [ '1.12.2' ],
2466 silly audit   '@unrs/resolver-binding-linux-riscv64-musl': [ '1.12.2' ],
2466 silly audit   '@unrs/resolver-binding-linux-s390x-gnu': [ '1.12.2' ],
2466 silly audit   '@unrs/resolver-binding-linux-x64-gnu': [ '1.12.2' ],
2466 silly audit   '@unrs/resolver-binding-linux-x64-musl': [ '1.12.2' ],
2466 silly audit   '@unrs/resolver-binding-openharmony-arm64': [ '1.12.2' ],
2466 silly audit   '@unrs/resolver-binding-wasm32-wasi': [ '1.12.2' ],
2466 silly audit   '@unrs/resolver-binding-win32-arm64-msvc': [ '1.12.2' ],
2466 silly audit   '@unrs/resolver-binding-win32-ia32-msvc': [ '1.12.2' ],
2466 silly audit   '@unrs/resolver-binding-win32-x64-msvc': [ '1.12.2' ],
2466 silly audit   'napi-postinstall': [ '0.3.4' ],
2466 silly audit   '@emnapi/core': [ '1.10.0' ],
2466 silly audit   '@emnapi/runtime': [ '1.10.0' ],
2466 silly audit   '@napi-rs/wasm-runtime': [ '1.2.3' ],
2466 silly audit   '@emnapi/wasi-threads': [ '1.2.1' ],
2466 silly audit   '@tybys/wasm-util': [ '0.10.3' ],
2466 silly audit   punycode: [ '2.3.1' ],
2466 silly audit   tr46: [ '5.1.1' ],
2466 silly audit   'webidl-conversions': [ '7.0.0' ],
2466 silly audit   isexe: [ '2.0.0' ],
2466 silly audit   'is-bigint': [ '1.1.0' ],
2466 silly audit   'is-boolean-object': [ '1.2.2' ],
2466 silly audit   'is-number-object': [ '1.1.1' ],
2466 silly audit   'is-async-function': [ '2.1.1' ],
2466 silly audit   'is-finalizationregistry': [ '1.1.1' ],
2466 silly audit   'is-generator-function': [ '1.1.2' ],
2466 silly audit   'which-collection': [ '1.0.2' ],
2466 silly audit   'async-function': [ '1.0.0' ],
2466 silly audit   'generator-function': [ '2.0.1' ],
2466 silly audit   'is-map': [ '2.0.3' ],
2466 silly audit   'is-weakmap': [ '2.0.2' ],
2466 silly audit   'is-weakset': [ '2.0.4' ],
2466 silly audit   'fs.realpath': [ '1.0.0' ],
2466 silly audit   inflight: [ '1.0.6' ],
2466 silly audit   inherits: [ '2.0.4' ],
2466 silly audit   once: [ '1.4.0' ],
2466 silly audit   'path-is-absolute': [ '1.0.1' ],
2466 silly audit   wrappy: [ '1.0.2' ]
2466 silly audit }
2467 verbose reify failed optional dependency /Users/moinulsbackspace/Downloads/shopifyapp/kick-affiliate/node_modules/@unrs/resolver-binding-win32-x64-msvc
2468 silly reify mark deleted [
2468 silly reify   '/Users/moinulsbackspace/Downloads/shopifyapp/kick-affiliate/node_modules/@unrs/resolver-binding-win32-x64-msvc'
2468 silly reify ]
2469 verbose reify failed optional dependency /Users/moinulsbackspace/Downloads/shopifyapp/kick-affiliate/node_modules/@unrs/resolver-binding-win32-ia32-msvc
2470 silly reify mark deleted [
2470 silly reify   '/Users/moinulsbackspace/Downloads/shopifyapp/kick-affiliate/node_modules/@unrs/resolver-binding-win32-ia32-msvc'
2470 silly reify ]
2471 verbose reify failed optional dependency /Users/moinulsbackspace/Downloads/shopifyapp/kick-affiliate/node_modules/@unrs/resolver-binding-win32-arm64-msvc
2472 silly reify mark deleted [
2472 silly reify   '/Users/moinulsbackspace/Downloads/shopifyapp/kick-affiliate/node_modules/@unrs/resolver-binding-win32-arm64-msvc'
2472 silly reify ]
2473 verbose reify failed optional dependency /Users/moinulsbackspace/Downloads/shopifyapp/kick-affiliate/node_modules/@unrs/resolver-binding-wasm32-wasi
2474 silly reify mark deleted [
2474 silly reify   '/Users/moinulsbackspace/Downloads/shopifyapp/kick-affiliate/node_modules/@unrs/resolver-binding-wasm32-wasi'
2474 silly reify ]
2475 verbose reify failed optional dependency /Users/moinulsbackspace/Downloads/shopifyapp/kick-affiliate/node_modules/@napi-rs/wasm-runtime
2476 silly reify mark deleted [
2476 silly reify   '/Users/moinulsbackspace/Downloads/shopifyapp/kick-affiliate/node_modules/@napi-rs/wasm-runtime'
2476 silly reify ]
2477 verbose reify failed optional dependency /Users/moinulsbackspace/Downloads/shopifyapp/kick-affiliate/node_modules/@emnapi/core
2478 silly reify mark deleted [
2478 silly reify   '/Users/moinulsbackspace/Downloads/shopifyapp/kick-affiliate/node_modules/@emnapi/core'
2478 silly reify ]
2479 verbose reify failed optional dependency /Users/moinulsbackspace/Downloads/shopifyapp/kick-affiliate/node_modules/@emnapi/runtime
2480 silly reify mark deleted [
2480 silly reify   '/Users/moinulsbackspace/Downloads/shopifyapp/kick-affiliate/node_modules/@emnapi/runtime'
2480 silly reify ]
2481 verbose reify failed optional dependency /Users/moinulsbackspace/Downloads/shopifyapp/kick-affiliate/node_modules/@tybys/wasm-util
2482 silly reify mark deleted [
2482 silly reify   '/Users/moinulsbackspace/Downloads/shopifyapp/kick-affiliate/node_modules/@tybys/wasm-util'
2482 silly reify ]
2483 verbose reify failed optional dependency /Users/moinulsbackspace/Downloads/shopifyapp/kick-affiliate/node_modules/@emnapi/wasi-threads
2484 silly reify mark deleted [
2484 silly reify   '/Users/moinulsbackspace/Downloads/shopifyapp/kick-affiliate/node_modules/@emnapi/wasi-threads'
2484 silly reify ]
2485 verbose reify failed optional dependency /Users/moinulsbackspace/Downloads/shopifyapp/kick-affiliate/node_modules/@unrs/resolver-binding-openharmony-arm64
2486 silly reify mark deleted [
2486 silly reify   '/Users/moinulsbackspace/Downloads/shopifyapp/kick-affiliate/node_modules/@unrs/resolver-binding-openharmony-arm64'
2486 silly reify ]
2487 verbose reify failed optional dependency /Users/moinulsbackspace/Downloads/shopifyapp/kick-affiliate/node_modules/@unrs/resolver-binding-linux-x64-musl
2488 silly reify mark deleted [
2488 silly reify   '/Users/moinulsbackspace/Downloads/shopifyapp/kick-affiliate/node_modules/@unrs/resolver-binding-linux-x64-musl'
2488 silly reify ]
2489 verbose reify failed optional dependency /Users/moinulsbackspace/Downloads/shopifyapp/kick-affiliate/node_modules/@unrs/resolver-binding-linux-x64-gnu
2490 silly reify mark deleted [
2490 silly reify   '/Users/moinulsbackspace/Downloads/shopifyapp/kick-affiliate/node_modules/@unrs/resolver-binding-linux-x64-gnu'
2490 silly reify ]
2491 verbose reify failed optional dependency /Users/moinulsbackspace/Downloads/shopifyapp/kick-affiliate/node_modules/@unrs/resolver-binding-linux-s390x-gnu
2492 silly reify mark deleted [
2492 silly reify   '/Users/moinulsbackspace/Downloads/shopifyapp/kick-affiliate/node_modules/@unrs/resolver-binding-linux-s390x-gnu'
2492 silly reify ]
2493 verbose reify failed optional dependency /Users/moinulsbackspace/Downloads/shopifyapp/kick-affiliate/node_modules/@unrs/resolver-binding-linux-riscv64-musl
2494 silly reify mark deleted [
2494 silly reify   '/Users/moinulsbackspace/Downloads/shopifyapp/kick-affiliate/node_modules/@unrs/resolver-binding-linux-riscv64-musl'
2494 silly reify ]
2495 verbose reify failed optional dependency /Users/moinulsbackspace/Downloads/shopifyapp/kick-affiliate/node_modules/@unrs/resolver-binding-linux-riscv64-gnu
2496 silly reify mark deleted [
2496 silly reify   '/Users/moinulsbackspace/Downloads/shopifyapp/kick-affiliate/node_modules/@unrs/resolver-binding-linux-riscv64-gnu'
2496 silly reify ]
2497 verbose reify failed optional dependency /Users/moinulsbackspace/Downloads/shopifyapp/kick-affiliate/node_modules/@unrs/resolver-binding-linux-ppc64-gnu
2498 silly reify mark deleted [
2498 silly reify   '/Users/moinulsbackspace/Downloads/shopifyapp/kick-affiliate/node_modules/@unrs/resolver-binding-linux-ppc64-gnu'
2498 silly reify ]
2499 verbose reify failed optional dependency /Users/moinulsbackspace/Downloads/shopifyapp/kick-affiliate/node_modules/@unrs/resolver-binding-linux-loong64-musl
2500 silly reify mark deleted [
2500 silly reify   '/Users/moinulsbackspace/Downloads/shopifyapp/kick-affiliate/node_modules/@unrs/resolver-binding-linux-loong64-musl'
2500 silly reify ]
2501 verbose reify failed optional dependency /Users/moinulsbackspace/Downloads/shopifyapp/kick-affiliate/node_modules/@unrs/resolver-binding-linux-loong64-gnu
2502 silly reify mark deleted [
2502 silly reify   '/Users/moinulsbackspace/Downloads/shopifyapp/kick-affiliate/node_modules/@unrs/resolver-binding-linux-loong64-gnu'
2502 silly reify ]
2503 verbose reify failed optional dependency /Users/moinulsbackspace/Downloads/shopifyapp/kick-affiliate/node_modules/@unrs/resolver-binding-linux-arm64-musl
2504 silly reify mark deleted [
2504 silly reify   '/Users/moinulsbackspace/Downloads/shopifyapp/kick-affiliate/node_modules/@unrs/resolver-binding-linux-arm64-musl'
2504 silly reify ]
2505 verbose reify failed optional dependency /Users/moinulsbackspace/Downloads/shopifyapp/kick-affiliate/node_modules/@unrs/resolver-binding-linux-arm64-gnu
2506 silly reify mark deleted [
2506 silly reify   '/Users/moinulsbackspace/Downloads/shopifyapp/kick-affiliate/node_modules/@unrs/resolver-binding-linux-arm64-gnu'
2506 silly reify ]
2507 verbose reify failed optional dependency /Users/moinulsbackspace/Downloads/shopifyapp/kick-affiliate/node_modules/@unrs/resolver-binding-linux-arm-musleabihf
2508 silly reify mark deleted [
2508 silly reify   '/Users/moinulsbackspace/Downloads/shopifyapp/kick-affiliate/node_modules/@unrs/resolver-binding-linux-arm-musleabihf'
2508 silly reify ]
2509 verbose reify failed optional dependency /Users/moinulsbackspace/Downloads/shopifyapp/kick-affiliate/node_modules/@unrs/resolver-binding-linux-arm-gnueabihf
2510 silly reify mark deleted [
2510 silly reify   '/Users/moinulsbackspace/Downloads/shopifyapp/kick-affiliate/node_modules/@unrs/resolver-binding-linux-arm-gnueabihf'
2510 silly reify ]
2511 verbose reify failed optional dependency /Users/moinulsbackspace/Downloads/shopifyapp/kick-affiliate/node_modules/@unrs/resolver-binding-freebsd-x64
2512 silly reify mark deleted [
2512 silly reify   '/Users/moinulsbackspace/Downloads/shopifyapp/kick-affiliate/node_modules/@unrs/resolver-binding-freebsd-x64'
2512 silly reify ]
2513 verbose reify failed optional dependency /Users/moinulsbackspace/Downloads/shopifyapp/kick-affiliate/node_modules/@unrs/resolver-binding-darwin-x64
2514 silly reify mark deleted [
2514 silly reify   '/Users/moinulsbackspace/Downloads/shopifyapp/kick-affiliate/node_modules/@unrs/resolver-binding-darwin-x64'
2514 silly reify ]
2515 verbose reify failed optional dependency /Users/moinulsbackspace/Downloads/shopifyapp/kick-affiliate/node_modules/@unrs/resolver-binding-android-arm64
2516 silly reify mark deleted [
2516 silly reify   '/Users/moinulsbackspace/Downloads/shopifyapp/kick-affiliate/node_modules/@unrs/resolver-binding-android-arm64'
2516 silly reify ]
2517 verbose reify failed optional dependency /Users/moinulsbackspace/Downloads/shopifyapp/kick-affiliate/node_modules/@unrs/resolver-binding-android-arm-eabi
2518 silly reify mark deleted [
2518 silly reify   '/Users/moinulsbackspace/Downloads/shopifyapp/kick-affiliate/node_modules/@unrs/resolver-binding-android-arm-eabi'
2518 silly reify ]
2519 verbose reify failed optional dependency /Users/moinulsbackspace/Downloads/shopifyapp/kick-affiliate/node_modules/@next/swc-win32-x64-msvc
2520 silly reify mark deleted [
2520 silly reify   '/Users/moinulsbackspace/Downloads/shopifyapp/kick-affiliate/node_modules/@next/swc-win32-x64-msvc'
2520 silly reify ]
2521 verbose reify failed optional dependency /Users/moinulsbackspace/Downloads/shopifyapp/kick-affiliate/node_modules/@next/swc-win32-ia32-msvc
2522 silly reify mark deleted [
2522 silly reify   '/Users/moinulsbackspace/Downloads/shopifyapp/kick-affiliate/node_modules/@next/swc-win32-ia32-msvc'
2522 silly reify ]
2523 verbose reify failed optional dependency /Users/moinulsbackspace/Downloads/shopifyapp/kick-affiliate/node_modules/@next/swc-win32-arm64-msvc
2524 silly reify mark deleted [
2524 silly reify   '/Users/moinulsbackspace/Downloads/shopifyapp/kick-affiliate/node_modules/@next/swc-win32-arm64-msvc'
2524 silly reify ]
2525 verbose reify failed optional dependency /Users/moinulsbackspace/Downloads/shopifyapp/kick-affiliate/node_modules/@next/swc-linux-x64-musl
2526 silly reify mark deleted [
2526 silly reify   '/Users/moinulsbackspace/Downloads/shopifyapp/kick-affiliate/node_modules/@next/swc-linux-x64-musl'
2526 silly reify ]
2527 verbose reify failed optional dependency /Users/moinulsbackspace/Downloads/shopifyapp/kick-affiliate/node_modules/@next/swc-linux-x64-gnu
2528 silly reify mark deleted [
2528 silly reify   '/Users/moinulsbackspace/Downloads/shopifyapp/kick-affiliate/node_modules/@next/swc-linux-x64-gnu'
2528 silly reify ]
2529 verbose reify failed optional dependency /Users/moinulsbackspace/Downloads/shopifyapp/kick-affiliate/node_modules/@next/swc-linux-arm64-musl
2530 silly reify mark deleted [
2530 silly reify   '/Users/moinulsbackspace/Downloads/shopifyapp/kick-affiliate/node_modules/@next/swc-linux-arm64-musl'
2530 silly reify ]
2531 verbose reify failed optional dependency /Users/moinulsbackspace/Downloads/shopifyapp/kick-affiliate/node_modules/@next/swc-linux-arm64-gnu
2532 silly reify mark deleted [
2532 silly reify   '/Users/moinulsbackspace/Downloads/shopifyapp/kick-affiliate/node_modules/@next/swc-linux-arm64-gnu'
2532 silly reify ]
2533 verbose reify failed optional dependency /Users/moinulsbackspace/Downloads/shopifyapp/kick-affiliate/node_modules/@next/swc-darwin-x64
2534 silly reify mark deleted [
2534 silly reify   '/Users/moinulsbackspace/Downloads/shopifyapp/kick-affiliate/node_modules/@next/swc-darwin-x64'
2534 silly reify ]
2535 http cache path-is-absolute@https://registry.npmjs.org/path-is-absolute/-/path-is-absolute-1.0.1.tgz 0ms (cache hit)
2536 http cache once@https://registry.npmjs.org/once/-/once-1.4.0.tgz 0ms (cache hit)
2537 http cache wrappy@https://registry.npmjs.org/wrappy/-/wrappy-1.0.2.tgz 0ms (cache hit)
2538 http cache inflight@https://registry.npmjs.org/inflight/-/inflight-1.0.6.tgz 0ms (cache hit)
2539 http cache inherits@https://registry.npmjs.org/inherits/-/inherits-2.0.4.tgz 0ms (cache hit)
2540 http cache is-weakset@https://registry.npmjs.org/is-weakset/-/is-weakset-2.0.4.tgz 0ms (cache hit)
2541 http cache fs.realpath@https://registry.npmjs.org/fs.realpath/-/fs.realpath-1.0.0.tgz 0ms (cache hit)
2542 http cache is-weakmap@https://registry.npmjs.org/is-weakmap/-/is-weakmap-2.0.2.tgz 0ms (cache hit)
2543 http cache is-map@https://registry.npmjs.org/is-map/-/is-map-2.0.3.tgz 0ms (cache hit)
2544 http cache generator-function@https://registry.npmjs.org/generator-function/-/generator-function-2.0.1.tgz 0ms (cache hit)
2545 http cache which-collection@https://registry.npmjs.org/which-collection/-/which-collection-1.0.2.tgz 0ms (cache hit)
2546 http cache async-function@https://registry.npmjs.org/async-function/-/async-function-1.0.0.tgz 0ms (cache hit)
2547 http cache is-generator-function@https://registry.npmjs.org/is-generator-function/-/is-generator-function-1.1.2.tgz 0ms (cache hit)
2548 http cache is-async-function@https://registry.npmjs.org/is-async-function/-/is-async-function-2.1.1.tgz 0ms (cache hit)
2549 http cache is-bigint@https://registry.npmjs.org/is-bigint/-/is-bigint-1.1.0.tgz 0ms (cache hit)
2550 http cache is-boolean-object@https://registry.npmjs.org/is-boolean-object/-/is-boolean-object-1.2.2.tgz 0ms (cache hit)
2551 http cache isexe@https://registry.npmjs.org/isexe/-/isexe-2.0.0.tgz 0ms (cache hit)
2552 http cache webidl-conversions@https://registry.npmjs.org/webidl-conversions/-/webidl-conversions-7.0.0.tgz 0ms (cache hit)
2553 http cache tr46@https://registry.npmjs.org/tr46/-/tr46-5.1.1.tgz 0ms (cache hit)
2554 http cache is-finalizationregistry@https://registry.npmjs.org/is-finalizationregistry/-/is-finalizationregistry-1.1.1.tgz 0ms (cache hit)
2555 http cache is-number-object@https://registry.npmjs.org/is-number-object/-/is-number-object-1.1.1.tgz 0ms (cache hit)
2556 http cache @emnapi/wasi-threads@https://registry.npmjs.org/@emnapi/wasi-threads/-/wasi-threads-1.2.1.tgz 0ms (cache hit)
2557 http cache @tybys/wasm-util@https://registry.npmjs.org/@tybys/wasm-util/-/wasm-util-0.10.3.tgz 0ms (cache hit)
2558 http cache punycode@https://registry.npmjs.org/punycode/-/punycode-2.3.1.tgz 0ms (cache hit)
2559 http cache @emnapi/core@https://registry.npmjs.org/@emnapi/core/-/core-1.10.0.tgz 0ms (cache hit)
2560 http cache @napi-rs/wasm-runtime@https://registry.npmjs.org/@napi-rs/wasm-runtime/-/wasm-runtime-1.2.3.tgz 0ms (cache hit)
2561 http cache @emnapi/runtime@https://registry.npmjs.org/@emnapi/runtime/-/runtime-1.10.0.tgz 0ms (cache hit)
2562 http cache @unrs/resolver-binding-darwin-arm64@https://registry.npmjs.org/@unrs/resolver-binding-darwin-arm64/-/resolver-binding-darwin-arm64-1.12.2.tgz 0ms (cache hit)
2563 http cache which-boxed-primitive@https://registry.npmjs.org/which-boxed-primitive/-/which-boxed-primitive-1.1.1.tgz 0ms (cache hit)
2564 http cache napi-postinstall@https://registry.npmjs.org/napi-postinstall/-/napi-postinstall-0.3.4.tgz 0ms (cache hit)
2565 http cache has-bigints@https://registry.npmjs.org/has-bigints/-/has-bigints-1.1.0.tgz 0ms (cache hit)
2566 http cache which-builtin-type@https://registry.npmjs.org/which-builtin-type/-/which-builtin-type-1.2.1.tgz 0ms (cache hit)
2567 http cache reflect.getprototypeof@https://registry.npmjs.org/reflect.getprototypeof/-/reflect.getprototypeof-1.0.10.tgz 0ms (cache hit)
2568 http cache for-each@https://registry.npmjs.org/for-each/-/for-each-0.3.5.tgz 0ms (cache hit)
2569 http cache minimist@https://registry.npmjs.org/minimist/-/minimist-1.2.8.tgz 0ms (cache hit)
2570 http cache @types/json5@https://registry.npmjs.org/@types/json5/-/json5-0.0.29.tgz 0ms (cache hit)
2571 http cache strip-bom@https://registry.npmjs.org/strip-bom/-/strip-bom-3.0.0.tgz 0ms (cache hit)
2572 http cache json5@https://registry.npmjs.org/json5/-/json5-1.0.2.tgz 0ms (cache hit)
2573 http cache is-number@https://registry.npmjs.org/is-number/-/is-number-7.0.0.tgz 0ms (cache hit)
2574 http cache thenify@https://registry.npmjs.org/thenify/-/thenify-3.3.1.tgz 0ms (cache hit)
2575 http cache @jridgewell/resolve-uri@https://registry.npmjs.org/@jridgewell/resolve-uri/-/resolve-uri-3.1.2.tgz 0ms (cache hit)
2576 http cache @jridgewell/sourcemap-codec@https://registry.npmjs.org/@jridgewell/sourcemap-codec/-/sourcemap-codec-1.6.0.tgz 0ms (cache hit)
2577 http cache any-promise@https://registry.npmjs.org/any-promise/-/any-promise-1.3.0.tgz 0ms (cache hit)
2578 http cache thenify-all@https://registry.npmjs.org/thenify-all/-/thenify-all-1.6.0.tgz 0ms (cache hit)
2579 http cache @jridgewell/trace-mapping@https://registry.npmjs.org/@jridgewell/trace-mapping/-/trace-mapping-0.3.31.tgz 0ms (cache hit)
2580 http cache ts-interface-checker@https://registry.npmjs.org/ts-interface-checker/-/ts-interface-checker-0.1.13.tgz 0ms (cache hit)
2581 http cache mz@https://registry.npmjs.org/mz/-/mz-2.7.0.tgz 0ms (cache hit)
2582 http cache lines-and-columns@https://registry.npmjs.org/lines-and-columns/-/lines-and-columns-1.2.4.tgz 0ms (cache hit)
2583 http cache commander@https://registry.npmjs.org/commander/-/commander-4.1.1.tgz 0ms (cache hit)
2584 http cache @jridgewell/gen-mapping@https://registry.npmjs.org/@jridgewell/gen-mapping/-/gen-mapping-0.3.13.tgz 0ms (cache hit)
2585 http cache pirates@https://registry.npmjs.org/pirates/-/pirates-4.0.7.tgz 0ms (cache hit)
2586 http cache cssesc@https://registry.npmjs.org/cssesc/-/cssesc-3.0.0.tgz 0ms (cache hit)
2587 http cache read-cache@https://registry.npmjs.org/read-cache/-/read-cache-1.0.2.tgz 0ms (cache hit)
2588 http cache util-deprecate@https://registry.npmjs.org/util-deprecate/-/util-deprecate-1.0.2.tgz 0ms (cache hit)
2589 http cache postcss-value-parser@https://registry.npmjs.org/postcss-value-parser/-/postcss-value-parser-4.2.0.tgz 0ms (cache hit)
2590 http cache camelcase-css@https://registry.npmjs.org/camelcase-css/-/camelcase-css-2.0.1.tgz 0ms (cache hit)
2591 http cache to-regex-range@https://registry.npmjs.org/to-regex-range/-/to-regex-range-5.0.1.tgz 0ms (cache hit)
2592 http cache binary-extensions@https://registry.npmjs.org/binary-extensions/-/binary-extensions-2.3.0.tgz 0ms (cache hit)
2593 http cache fill-range@https://registry.npmjs.org/fill-range/-/fill-range-7.1.1.tgz 0ms (cache hit)
2594 http cache merge2@https://registry.npmjs.org/merge2/-/merge2-1.4.1.tgz 0ms (cache hit)
2595 http cache picomatch@https://registry.npmjs.org/picomatch/-/picomatch-2.3.2.tgz 0ms (cache hit)
2596 http cache is-binary-path@https://registry.npmjs.org/is-binary-path/-/is-binary-path-2.1.0.tgz 0ms (cache hit)
2597 http cache anymatch@https://registry.npmjs.org/anymatch/-/anymatch-3.1.3.tgz 0ms (cache hit)
2598 http cache fsevents@https://registry.npmjs.org/fsevents/-/fsevents-2.3.3.tgz 0ms (cache hit)
2599 http cache readdirp@https://registry.npmjs.org/readdirp/-/readdirp-3.6.0.tgz 0ms (cache hit)
2600 http cache braces@https://registry.npmjs.org/braces/-/braces-3.0.3.tgz 0ms (cache hit)
2601 http cache postcss-load-config@https://registry.npmjs.org/postcss-load-config/-/postcss-load-config-6.0.1.tgz 0ms (cache hit)
2602 http cache postcss-nested@https://registry.npmjs.org/postcss-nested/-/postcss-nested-6.2.0.tgz 0ms (cache hit)
2603 http cache postcss-selector-parser@https://registry.npmjs.org/postcss-selector-parser/-/postcss-selector-parser-6.1.4.tgz 0ms (cache hit)
2604 http cache object-hash@https://registry.npmjs.org/object-hash/-/object-hash-3.0.0.tgz 0ms (cache hit)
2605 http cache postcss-import@https://registry.npmjs.org/postcss-import/-/postcss-import-15.1.0.tgz 0ms (cache hit)
2606 http cache normalize-path@https://registry.npmjs.org/normalize-path/-/normalize-path-3.0.0.tgz 0ms (cache hit)
2607 http cache postcss-js@https://registry.npmjs.org/postcss-js/-/postcss-js-4.1.0.tgz 0ms (cache hit)
2608 http cache micromatch@https://registry.npmjs.org/micromatch/-/micromatch-4.0.8.tgz 0ms (cache hit)
2609 http cache lilconfig@https://registry.npmjs.org/lilconfig/-/lilconfig-3.1.3.tgz 0ms (cache hit)
2610 http cache didyoumean@https://registry.npmjs.org/didyoumean/-/didyoumean-1.2.2.tgz 0ms (cache hit)
2611 http cache chokidar@https://registry.npmjs.org/chokidar/-/chokidar-3.6.0.tgz 0ms (cache hit)
2612 http cache dlv@https://registry.npmjs.org/dlv/-/dlv-1.1.3.tgz 0ms (cache hit)
2613 http cache sucrase@https://registry.npmjs.org/sucrase/-/sucrase-3.35.1.tgz 0ms (cache hit)
2614 http cache arg@https://registry.npmjs.org/arg/-/arg-5.0.2.tgz 0ms (cache hit)
2615 http cache has-flag@https://registry.npmjs.org/has-flag/-/has-flag-4.0.0.tgz 0ms (cache hit)
2616 http cache jiti@https://registry.npmjs.org/jiti/-/jiti-1.21.7.tgz 0ms (cache hit)
2617 http cache @alloc/quick-lru@https://registry.npmjs.org/@alloc/quick-lru/-/quick-lru-5.2.0.tgz 0ms (cache hit)
2618 http cache is-fullwidth-code-point@https://registry.npmjs.org/is-fullwidth-code-point/-/is-fullwidth-code-point-3.0.0.tgz 0ms (cache hit)
2619 http cache eastasianwidth@https://registry.npmjs.org/eastasianwidth/-/eastasianwidth-0.2.0.tgz 0ms (cache hit)
2620 http cache ansi-regex@https://registry.npmjs.org/ansi-regex/-/ansi-regex-5.0.1.tgz 0ms (cache hit)
2621 http cache client-only@https://registry.npmjs.org/client-only/-/client-only-0.0.1.tgz 0ms (cache hit)
2622 http cache side-channel-map@https://registry.npmjs.org/side-channel-map/-/side-channel-map-1.0.1.tgz 0ms (cache hit)
2623 http cache memory-pager@https://registry.npmjs.org/memory-pager/-/memory-pager-1.5.0.tgz 0ms (cache hit)
2624 http cache isarray@https://registry.npmjs.org/isarray/-/isarray-2.0.5.tgz 0ms (cache hit)
2625 http cache fast-glob@https://registry.npmjs.org/fast-glob/-/fast-glob-3.3.3.tgz 0ms (cache hit)
2626 http cache side-channel-weakmap@https://registry.npmjs.org/side-channel-weakmap/-/side-channel-weakmap-1.0.2.tgz 0ms (cache hit)
2627 http cache shebang-regex@https://registry.npmjs.org/shebang-regex/-/shebang-regex-3.0.0.tgz 0ms (cache hit)
2628 http cache side-channel-list@https://registry.npmjs.org/side-channel-list/-/side-channel-list-1.0.1.tgz 0ms (cache hit)
2629 http cache path-parse@https://registry.npmjs.org/path-parse/-/path-parse-1.0.7.tgz 0ms (cache hit)
2630 http cache queue-microtask@https://registry.npmjs.org/queue-microtask/-/queue-microtask-1.2.3.tgz 0ms (cache hit)
2631 http cache supports-preserve-symlinks-flag@https://registry.npmjs.org/supports-preserve-symlinks-flag/-/supports-preserve-symlinks-flag-1.0.0.tgz 0ms (cache hit)
2632 http cache node-exports-info@https://registry.npmjs.org/node-exports-info/-/node-exports-info-1.6.2.tgz 0ms (cache hit)
2633 http cache js-tokens@https://registry.npmjs.org/js-tokens/-/js-tokens-4.0.0.tgz 0ms (cache hit)
2634 http cache react-is@https://registry.npmjs.org/react-is/-/react-is-16.13.1.tgz 0ms (cache hit)
2635 http cache loose-envify@https://registry.npmjs.org/loose-envify/-/loose-envify-1.4.0.tgz 0ms (cache hit)
2636 http cache object-assign@https://registry.npmjs.org/object-assign/-/object-assign-4.1.1.tgz 0ms (cache hit)
2637 http cache source-map-js@https://registry.npmjs.org/source-map-js/-/source-map-js-1.2.1.tgz 0ms (cache hit)
2638 http cache scheduler@https://registry.npmjs.org/scheduler/-/scheduler-0.23.2.tgz 0ms (cache hit)
2639 http cache callsites@https://registry.npmjs.org/callsites/-/callsites-3.1.0.tgz 0ms (cache hit)
2640 http cache picocolors@https://registry.npmjs.org/picocolors/-/picocolors-1.1.1.tgz 0ms (cache hit)
2641 http cache lru-cache@https://registry.npmjs.org/lru-cache/-/lru-cache-10.4.3.tgz 0ms (cache hit)
2642 http cache word-wrap@https://registry.npmjs.org/word-wrap/-/word-wrap-1.2.5.tgz 0ms (cache hit)
2643 http cache nanoid@https://registry.npmjs.org/nanoid/-/nanoid-3.3.18.tgz 0ms (cache hit)
2644 http cache deep-is@https://registry.npmjs.org/deep-is/-/deep-is-0.1.4.tgz 0ms (cache hit)
2645 http cache p-limit@https://registry.npmjs.org/p-limit/-/p-limit-3.1.0.tgz 0ms (cache hit)
2646 http cache yocto-queue@https://registry.npmjs.org/yocto-queue/-/yocto-queue-0.1.0.tgz 0ms (cache hit)
2647 http cache styled-jsx@https://registry.npmjs.org/styled-jsx/-/styled-jsx-5.1.1.tgz 0ms (cache hit)
2648 http cache fast-levenshtein@https://registry.npmjs.org/fast-levenshtein/-/fast-levenshtein-2.0.6.tgz 0ms (cache hit)
2649 http cache streamsearch@https://registry.npmjs.org/streamsearch/-/streamsearch-1.1.0.tgz 0ms (cache hit)
2650 http cache busboy@https://registry.npmjs.org/busboy/-/busboy-1.6.0.tgz 0ms (cache hit)
2651 http cache graceful-fs@https://registry.npmjs.org/graceful-fs/-/graceful-fs-4.2.11.tgz 0ms (cache hit)
2652 http cache @swc/counter@https://registry.npmjs.org/@swc/counter/-/counter-0.1.3.tgz 0ms (cache hit)
2653 http cache @next/swc-darwin-arm64@https://registry.npmjs.org/@next/swc-darwin-arm64/-/swc-darwin-arm64-14.2.33.tgz 0ms (cache hit)
2654 http cache @swc/helpers@https://registry.npmjs.org/@swc/helpers/-/helpers-0.5.5.tgz 0ms (cache hit)
2655 http cache @next/env@https://registry.npmjs.org/@next/env/-/env-14.2.35.tgz 0ms (cache hit)
2656 http cache @types/webidl-conversions@https://registry.npmjs.org/@types/webidl-conversions/-/webidl-conversions-7.0.3.tgz 0ms (cache hit)
2657 http cache mongodb-connection-string-url@https://registry.npmjs.org/mongodb-connection-string-url/-/mongodb-connection-string-url-7.0.2.tgz 0ms (cache hit)
2658 http cache caniuse-lite@https://registry.npmjs.org/caniuse-lite/-/caniuse-lite-1.0.30001810.tgz 0ms (cache hit)
2659 http cache whatwg-url@https://registry.npmjs.org/whatwg-url/-/whatwg-url-14.2.0.tgz 0ms (cache hit)
2660 http cache @types/whatwg-url@https://registry.npmjs.org/@types/whatwg-url/-/whatwg-url-13.0.0.tgz 0ms (cache hit)
2661 http cache bson@https://registry.npmjs.org/bson/-/bson-7.3.2.tgz 0ms (cache hit)
2662 http cache sift@https://registry.npmjs.org/sift/-/sift-17.1.3.tgz 0ms (cache hit)
2663 http cache sparse-bitfield@https://registry.npmjs.org/sparse-bitfield/-/sparse-bitfield-3.0.3.tgz 0ms (cache hit)
2664 http cache @mongodb-js/saslprep@https://registry.npmjs.org/@mongodb-js/saslprep/-/saslprep-1.5.0.tgz 0ms (cache hit)
2665 http cache kareem@https://registry.npmjs.org/kareem/-/kareem-3.3.0.tgz 0ms (cache hit)
2666 http cache mquery@https://registry.npmjs.org/mquery/-/mquery-6.0.0.tgz 0ms (cache hit)
2667 http cache mpath@https://registry.npmjs.org/mpath/-/mpath-0.9.0.tgz 0ms (cache hit)
2668 http cache concat-map@https://registry.npmjs.org/concat-map/-/concat-map-0.0.1.tgz 0ms (cache hit)
2669 http cache @standard-schema/spec@https://registry.npmjs.org/@standard-schema/spec/-/spec-1.1.0.tgz 0ms (cache hit)
2670 http cache mongodb@https://registry.npmjs.org/mongodb/-/mongodb-7.5.0.tgz 0ms (cache hit)
2671 http cache balanced-match@https://registry.npmjs.org/balanced-match/-/balanced-match-1.0.2.tgz 0ms (cache hit)
2672 http cache brace-expansion@https://registry.npmjs.org/brace-expansion/-/brace-expansion-1.1.18.tgz 1ms (cache hit)
2673 http cache prelude-ls@https://registry.npmjs.org/prelude-ls/-/prelude-ls-1.2.1.tgz 0ms (cache hit)
2674 http cache language-subtag-registry@https://registry.npmjs.org/language-subtag-registry/-/language-subtag-registry-0.3.23.tgz 0ms (cache hit)
2675 http cache p-locate@https://registry.npmjs.org/p-locate/-/p-locate-5.0.0.tgz 0ms (cache hit)
2676 http cache json-buffer@https://registry.npmjs.org/json-buffer/-/json-buffer-3.0.1.tgz 0ms (cache hit)
2677 http cache type-check@https://registry.npmjs.org/type-check/-/type-check-0.4.0.tgz 0ms (cache hit)
2678 http cache argparse@https://registry.npmjs.org/argparse/-/argparse-2.0.1.tgz 0ms (cache hit)
2679 http cache string-width-cjs@https://registry.npmjs.org/string-width/-/string-width-4.2.3.tgz 0ms (cache hit)
2680 http cache wrap-ansi@https://registry.npmjs.org/wrap-ansi/-/wrap-ansi-8.1.0.tgz 0ms (cache hit)
2681 http cache wrap-ansi-cjs@https://registry.npmjs.org/wrap-ansi/-/wrap-ansi-7.0.0.tgz 0ms (cache hit)
2682 http cache @pkgjs/parseargs@https://registry.npmjs.org/@pkgjs/parseargs/-/parseargs-0.11.0.tgz 0ms (cache hit)
2683 http cache string-width@https://registry.npmjs.org/string-width/-/string-width-5.1.2.tgz 0ms (cache hit)
2684 http cache strip-ansi-cjs@https://registry.npmjs.org/strip-ansi/-/strip-ansi-6.0.1.tgz 0ms (cache hit)
2685 http cache side-channel@https://registry.npmjs.org/side-channel/-/side-channel-1.1.1.tgz 0ms (cache hit)
2686 http cache set-function-name@https://registry.npmjs.org/set-function-name/-/set-function-name-2.0.2.tgz 0ms (cache hit)
2687 http cache resolve-from@https://registry.npmjs.org/resolve-from/-/resolve-from-4.0.0.tgz 0ms (cache hit)
2688 http cache @isaacs/cliui@https://registry.npmjs.org/@isaacs/cliui/-/cliui-8.0.2.tgz 0ms (cache hit)
2689 http cache parent-module@https://registry.npmjs.org/parent-module/-/parent-module-1.0.1.tgz 0ms (cache hit)
2690 http cache is-extglob@https://registry.npmjs.org/is-extglob/-/is-extglob-2.1.1.tgz 0ms (cache hit)
2691 http cache signal-exit@https://registry.npmjs.org/signal-exit/-/signal-exit-4.1.0.tgz 0ms (cache hit)
2692 http cache minipass@https://registry.npmjs.org/minipass/-/minipass-7.1.3.tgz 0ms (cache hit)
2693 http cache path-scurry@https://registry.npmjs.org/path-scurry/-/path-scurry-1.11.1.tgz 0ms (cache hit)
2694 http cache jackspeak@https://registry.npmjs.org/jackspeak/-/jackspeak-2.3.6.tgz 0ms (cache hit)
2695 http cache foreground-child@https://registry.npmjs.org/foreground-child/-/foreground-child-3.3.1.tgz 0ms (cache hit)
2696 http cache dunder-proto@https://registry.npmjs.org/dunder-proto/-/dunder-proto-1.0.1.tgz 0ms (cache hit)
2697 http cache resolve-pkg-maps@https://registry.npmjs.org/resolve-pkg-maps/-/resolve-pkg-maps-1.0.0.tgz 0ms (cache hit)
2698 http cache functions-have-names@https://registry.npmjs.org/functions-have-names/-/functions-have-names-1.2.3.tgz 0ms (cache hit)
2699 http cache is-document.all@https://registry.npmjs.org/is-document.all/-/is-document.all-1.0.0.tgz 0ms (cache hit)
2700 http cache tslib@https://registry.npmjs.org/tslib/-/tslib-2.8.1.tgz 0ms (cache hit)
2701 http cache type-fest@https://registry.npmjs.org/type-fest/-/type-fest-0.20.2.tgz 0ms (cache hit)
2702 http cache motion-dom@https://registry.npmjs.org/motion-dom/-/motion-dom-13.1.1.tgz 0ms (cache hit)
2703 http cache motion-utils@https://registry.npmjs.org/motion-utils/-/motion-utils-13.0.0.tgz 0ms (cache hit)
2704 http cache rimraf@https://registry.npmjs.org/rimraf/-/rimraf-3.0.2.tgz 0ms (cache hit)
2705 http cache flatted@https://registry.npmjs.org/flatted/-/flatted-3.4.4.tgz 0ms (cache hit)
2706 http cache keyv@https://registry.npmjs.org/keyv/-/keyv-4.5.4.tgz 0ms (cache hit)
2707 http cache path-exists@https://registry.npmjs.org/path-exists/-/path-exists-4.0.0.tgz 0ms (cache hit)
2708 http cache locate-path@https://registry.npmjs.org/locate-path/-/locate-path-6.0.0.tgz 0ms (cache hit)
2709 http cache acorn-jsx@https://registry.npmjs.org/acorn-jsx/-/acorn-jsx-5.3.2.tgz 0ms (cache hit)
2710 http cache flat-cache@https://registry.npmjs.org/flat-cache/-/flat-cache-3.2.0.tgz 0ms (cache hit)
2711 http cache string.prototype.repeat@https://registry.npmjs.org/string.prototype.repeat/-/string.prototype.repeat-1.0.0.tgz 0ms (cache hit)
2712 http cache iterator.prototype@https://registry.npmjs.org/iterator.prototype/-/iterator.prototype-1.1.5.tgz 0ms (cache hit)
2713 http cache esrecurse@https://registry.npmjs.org/esrecurse/-/esrecurse-4.3.0.tgz 0ms (cache hit)
2714 http cache reusify@https://registry.npmjs.org/reusify/-/reusify-1.1.0.tgz 0ms (cache hit)
2715 http cache acorn@https://registry.npmjs.org/acorn/-/acorn-8.18.0.tgz 0ms (cache hit)
2716 http cache object.entries@https://registry.npmjs.org/object.entries/-/object.entries-1.1.9.tgz 0ms (cache hit)
2717 http cache string.prototype.matchall@https://registry.npmjs.org/string.prototype.matchall/-/string.prototype.matchall-4.1.0.tgz 0ms (cache hit)
2718 http cache prop-types@https://registry.npmjs.org/prop-types/-/prop-types-15.8.1.tgz 0ms (cache hit)
2719 http cache estraverse@https://registry.npmjs.org/estraverse/-/estraverse-5.3.0.tgz 0ms (cache hit)
2720 http cache array.prototype.tosorted@https://registry.npmjs.org/array.prototype.tosorted/-/array.prototype.tosorted-1.1.4.tgz 0ms (cache hit)
2721 http cache array.prototype.findlast@https://registry.npmjs.org/array.prototype.findlast/-/array.prototype.findlast-1.2.5.tgz 0ms (cache hit)
2722 http cache es-iterator-helpers@https://registry.npmjs.org/es-iterator-helpers/-/es-iterator-helpers-1.4.0.tgz 0ms (cache hit)
2723 http cache string.prototype.includes@https://registry.npmjs.org/string.prototype.includes/-/string.prototype.includes-2.0.1.tgz 0ms (cache hit)
2724 http cache emoji-regex@https://registry.npmjs.org/emoji-regex/-/emoji-regex-9.2.2.tgz 0ms (cache hit)
2725 http cache jsx-ast-utils@https://registry.npmjs.org/jsx-ast-utils/-/jsx-ast-utils-3.3.5.tgz 0ms (cache hit)
2726 http cache axobject-query@https://registry.npmjs.org/axobject-query/-/axobject-query-4.1.0.tgz 0ms (cache hit)
2727 http cache ast-types-flow@https://registry.npmjs.org/ast-types-flow/-/ast-types-flow-0.0.8.tgz 0ms (cache hit)
2728 http cache damerau-levenshtein@https://registry.npmjs.org/damerau-levenshtein/-/damerau-levenshtein-1.0.8.tgz 0ms (cache hit)
2729 http cache axe-core@https://registry.npmjs.org/axe-core/-/axe-core-4.13.0.tgz 0ms (cache hit)
2730 http cache language-tags@https://registry.npmjs.org/language-tags/-/language-tags-1.0.9.tgz 0ms (cache hit)
2731 http cache is-symbol@https://registry.npmjs.org/is-symbol/-/is-symbol-1.1.1.tgz 0ms (cache hit)
2732 http cache is-date-object@https://registry.npmjs.org/is-date-object/-/is-date-object-1.1.0.tgz 0ms (cache hit)
2733 http cache es-abstract-get@https://registry.npmjs.org/es-abstract-get/-/es-abstract-get-1.0.0.tgz 0ms (cache hit)
2734 http cache aria-query@https://registry.npmjs.org/aria-query/-/aria-query-5.3.2.tgz 0ms (cache hit)
2735 http cache possible-typed-array-names@https://registry.npmjs.org/possible-typed-array-names/-/possible-typed-array-names-1.1.0.tgz 0ms (cache hit)
2736 http cache unbox-primitive@https://registry.npmjs.org/unbox-primitive/-/unbox-primitive-1.1.0.tgz 0ms (cache hit)
2737 http cache has-tostringtag@https://registry.npmjs.org/has-tostringtag/-/has-tostringtag-1.0.2.tgz 0ms (cache hit)
2738 http cache which-typed-array@https://registry.npmjs.org/which-typed-array/-/which-typed-array-1.1.22.tgz 0ms (cache hit)
2739 http cache typed-array-length@https://registry.npmjs.org/typed-array-length/-/typed-array-length-1.0.8.tgz 0ms (cache hit)
2740 http cache typed-array-buffer@https://registry.npmjs.org/typed-array-buffer/-/typed-array-buffer-1.0.3.tgz 0ms (cache hit)
2741 http cache typed-array-byte-length@https://registry.npmjs.org/typed-array-byte-length/-/typed-array-byte-length-1.0.3.tgz 0ms (cache hit)
2742 http cache typed-array-byte-offset@https://registry.npmjs.org/typed-array-byte-offset/-/typed-array-byte-offset-1.0.4.tgz 0ms (cache hit)
2743 http cache string.prototype.trimstart@https://registry.npmjs.org/string.prototype.trimstart/-/string.prototype.trimstart-1.0.8.tgz 0ms (cache hit)
2744 http cache string.prototype.trim@https://registry.npmjs.org/string.prototype.trim/-/string.prototype.trim-1.2.11.tgz 0ms (cache hit)
2745 http cache stop-iteration-iterator@https://registry.npmjs.org/stop-iteration-iterator/-/stop-iteration-iterator-1.1.0.tgz 0ms (cache hit)
2746 http cache set-proto@https://registry.npmjs.org/set-proto/-/set-proto-1.0.0.tgz 0ms (cache hit)
2747 http cache safe-push-apply@https://registry.npmjs.org/safe-push-apply/-/safe-push-apply-1.0.0.tgz 0ms (cache hit)
2748 http cache regexp.prototype.flags@https://registry.npmjs.org/regexp.prototype.flags/-/regexp.prototype.flags-1.5.4.tgz 0ms (cache hit)
2749 http cache safe-array-concat@https://registry.npmjs.org/safe-array-concat/-/safe-array-concat-1.1.4.tgz 0ms (cache hit)
2750 http cache safe-regex-test@https://registry.npmjs.org/safe-regex-test/-/safe-regex-test-1.1.0.tgz 0ms (cache hit)
2751 http cache own-keys@https://registry.npmjs.org/own-keys/-/own-keys-1.0.2.tgz 0ms (cache hit)
2752 http cache is-weakref@https://registry.npmjs.org/is-weakref/-/is-weakref-1.1.1.tgz 0ms (cache hit)
2753 http cache object.assign@https://registry.npmjs.org/object.assign/-/object.assign-4.1.7.tgz 0ms (cache hit)
2754 http cache object-inspect@https://registry.npmjs.org/object-inspect/-/object-inspect-1.13.4.tgz 0ms (cache hit)
2755 http cache is-shared-array-buffer@https://registry.npmjs.org/is-shared-array-buffer/-/is-shared-array-buffer-1.0.4.tgz 0ms (cache hit)
2756 http cache is-data-view@https://registry.npmjs.org/is-data-view/-/is-data-view-1.0.2.tgz 0ms (cache hit)
2757 http cache is-negative-zero@https://registry.npmjs.org/is-negative-zero/-/is-negative-zero-2.0.3.tgz 0ms (cache hit)
2758 http cache is-set@https://registry.npmjs.org/is-set/-/is-set-2.0.3.tgz 0ms (cache hit)
2759 http cache is-regex@https://registry.npmjs.org/is-regex/-/is-regex-1.2.1.tgz 0ms (cache hit)
2760 http cache is-typed-array@https://registry.npmjs.org/is-typed-array/-/is-typed-array-1.1.15.tgz 0ms (cache hit)
2761 http cache is-array-buffer@https://registry.npmjs.org/is-array-buffer/-/is-array-buffer-3.0.5.tgz 0ms (cache hit)
2762 http cache has-proto@https://registry.npmjs.org/has-proto/-/has-proto-1.2.0.tgz 0ms (cache hit)
2763 http cache get-symbol-description@https://registry.npmjs.org/get-symbol-description/-/get-symbol-description-1.1.0.tgz 0ms (cache hit)
2764 http cache is-callable@https://registry.npmjs.org/is-callable/-/is-callable-1.2.7.tgz 0ms (cache hit)
2765 http cache function.prototype.name@https://registry.npmjs.org/function.prototype.name/-/function.prototype.name-1.2.0.tgz 0ms (cache hit)
2766 http cache has-symbols@https://registry.npmjs.org/has-symbols/-/has-symbols-1.1.0.tgz 0ms (cache hit)
2767 http cache globalthis@https://registry.npmjs.org/globalthis/-/globalthis-1.0.4.tgz 0ms (cache hit)
2768 http cache es-to-primitive@https://registry.npmjs.org/es-to-primitive/-/es-to-primitive-1.3.4.tgz 0ms (cache hit)
2769 http cache es-set-tostringtag@https://registry.npmjs.org/es-set-tostringtag/-/es-set-tostringtag-2.1.0.tgz 0ms (cache hit)
2770 http cache data-view-byte-offset@https://registry.npmjs.org/data-view-byte-offset/-/data-view-byte-offset-1.0.1.tgz 0ms (cache hit)
2771 http cache get-proto@https://registry.npmjs.org/get-proto/-/get-proto-1.0.1.tgz 0ms (cache hit)
2772 http cache data-view-byte-length@https://registry.npmjs.org/data-view-byte-length/-/data-view-byte-length-1.0.2.tgz 0ms (cache hit)
2773 http cache data-view-buffer@https://registry.npmjs.org/data-view-buffer/-/data-view-buffer-1.0.2.tgz 0ms (cache hit)
2774 http cache internal-slot@https://registry.npmjs.org/internal-slot/-/internal-slot-1.1.0.tgz 0ms (cache hit)
2775 http cache available-typed-arrays@https://registry.npmjs.org/available-typed-arrays/-/available-typed-arrays-1.0.7.tgz 0ms (cache hit)
2776 http cache object-keys@https://registry.npmjs.org/object-keys/-/object-keys-1.1.1.tgz 0ms (cache hit)
2777 http cache array-buffer-byte-length@https://registry.npmjs.org/array-buffer-byte-length/-/array-buffer-byte-length-1.0.2.tgz 0ms (cache hit)
2778 http cache arraybuffer.prototype.slice@https://registry.npmjs.org/arraybuffer.prototype.slice/-/arraybuffer.prototype.slice-1.0.4.tgz 0ms (cache hit)
2779 http cache gopd@https://registry.npmjs.org/gopd/-/gopd-1.2.0.tgz 0ms (cache hit)
2780 http cache function-bind@https://registry.npmjs.org/function-bind/-/function-bind-1.1.2.tgz 0ms (cache hit)
2781 http cache define-data-property@https://registry.npmjs.org/define-data-property/-/define-data-property-1.1.4.tgz 0ms (cache hit)
2782 http cache has-property-descriptors@https://registry.npmjs.org/has-property-descriptors/-/has-property-descriptors-1.0.2.tgz 0ms (cache hit)
2783 http cache set-function-length@https://registry.npmjs.org/set-function-length/-/set-function-length-1.2.2.tgz 0ms (cache hit)
2784 http cache es-shim-unscopables@https://registry.npmjs.org/es-shim-unscopables/-/es-shim-unscopables-1.1.0.tgz 0ms (cache hit)
2785 http cache es-define-property@https://registry.npmjs.org/es-define-property/-/es-define-property-1.0.1.tgz 0ms (cache hit)
2786 http cache is-string@https://registry.npmjs.org/is-string/-/is-string-1.1.1.tgz 0ms (cache hit)
2787 http cache math-intrinsics@https://registry.npmjs.org/math-intrinsics/-/math-intrinsics-1.1.0.tgz 0ms (cache hit)
2788 http cache call-bind-apply-helpers@https://registry.npmjs.org/call-bind-apply-helpers/-/call-bind-apply-helpers-1.0.2.tgz 0ms (cache hit)
2789 http cache es-errors@https://registry.npmjs.org/es-errors/-/es-errors-1.3.0.tgz 0ms (cache hit)
2790 http cache get-intrinsic@https://registry.npmjs.org/get-intrinsic/-/get-intrinsic-1.3.0.tgz 0ms (cache hit)
2791 http cache es-abstract@https://registry.npmjs.org/es-abstract/-/es-abstract-1.24.2.tgz 0ms (cache hit)
2792 http cache es-object-atoms@https://registry.npmjs.org/es-object-atoms/-/es-object-atoms-1.1.2.tgz 0ms (cache hit)
2793 http cache tsconfig-paths@https://registry.npmjs.org/tsconfig-paths/-/tsconfig-paths-3.15.0.tgz 0ms (cache hit)
2794 http cache call-bind@https://registry.npmjs.org/call-bind/-/call-bind-1.0.9.tgz 0ms (cache hit)
2795 http cache call-bound@https://registry.npmjs.org/call-bound/-/call-bound-1.0.4.tgz 0ms (cache hit)
2796 http cache string.prototype.trimend@https://registry.npmjs.org/string.prototype.trimend/-/string.prototype.trimend-1.0.10.tgz 0ms (cache hit)
2797 http cache object.values@https://registry.npmjs.org/object.values/-/object.values-1.2.1.tgz 0ms (cache hit)
2798 http cache define-properties@https://registry.npmjs.org/define-properties/-/define-properties-1.2.1.tgz 0ms (cache hit)
2799 http cache object.groupby@https://registry.npmjs.org/object.groupby/-/object.groupby-1.0.3.tgz 0ms (cache hit)
2800 http cache eslint-module-utils@https://registry.npmjs.org/eslint-module-utils/-/eslint-module-utils-2.14.0.tgz 0ms (cache hit)
2801 http cache hasown@https://registry.npmjs.org/hasown/-/hasown-2.0.4.tgz 0ms (cache hit)
2802 http cache object.fromentries@https://registry.npmjs.org/object.fromentries/-/object.fromentries-2.0.8.tgz 0ms (cache hit)
2803 http cache array.prototype.flatmap@https://registry.npmjs.org/array.prototype.flatmap/-/array.prototype.flatmap-1.3.3.tgz 0ms (cache hit)
2804 http cache array.prototype.flat@https://registry.npmjs.org/array.prototype.flat/-/array.prototype.flat-1.3.3.tgz 0ms (cache hit)
2805 http cache @rtsao/scc@https://registry.npmjs.org/@rtsao/scc/-/scc-1.1.0.tgz 0ms (cache hit)
2806 http cache unrs-resolver@https://registry.npmjs.org/unrs-resolver/-/unrs-resolver-1.12.2.tgz 0ms (cache hit)
2807 http cache array.prototype.findlastindex@https://registry.npmjs.org/array.prototype.findlastindex/-/array.prototype.findlastindex-1.2.6.tgz 0ms (cache hit)
2808 http cache array-includes@https://registry.npmjs.org/array-includes/-/array-includes-3.1.9.tgz 0ms (cache hit)
2809 http cache is-bun-module@https://registry.npmjs.org/is-bun-module/-/is-bun-module-2.0.0.tgz 0ms (cache hit)
2810 http cache get-tsconfig@https://registry.npmjs.org/get-tsconfig/-/get-tsconfig-4.14.3.tgz 0ms (cache hit)
2811 http cache tinyglobby@https://registry.npmjs.org/tinyglobby/-/tinyglobby-0.2.17.tgz 0ms (cache hit)
2812 http cache @nolyfill/is-core-module@https://registry.npmjs.org/@nolyfill/is-core-module/-/is-core-module-1.0.39.tgz 0ms (cache hit)
2813 http cache stable-hash@https://registry.npmjs.org/stable-hash/-/stable-hash-0.0.5.tgz 0ms (cache hit)
2814 http cache semver@https://registry.npmjs.org/semver/-/semver-7.8.5.tgz 0ms (cache hit)
2815 http cache is-core-module@https://registry.npmjs.org/is-core-module/-/is-core-module-2.16.2.tgz 0ms (cache hit)
2816 http cache @typescript-eslint/tsconfig-utils@https://registry.npmjs.org/@typescript-eslint/tsconfig-utils/-/tsconfig-utils-8.68.0.tgz 0ms (cache hit)
2817 http cache @typescript-eslint/project-service@https://registry.npmjs.org/@typescript-eslint/project-service/-/project-service-8.68.0.tgz 0ms (cache hit)
2818 http cache @typescript-eslint/types@https://registry.npmjs.org/@typescript-eslint/types/-/types-8.68.0.tgz 0ms (cache hit)
2819 http cache @typescript-eslint/typescript-estree@https://registry.npmjs.org/@typescript-eslint/typescript-estree/-/typescript-estree-8.68.0.tgz 0ms (cache hit)
2820 http cache @typescript-eslint/visitor-keys@https://registry.npmjs.org/@typescript-eslint/visitor-keys/-/visitor-keys-8.68.0.tgz 0ms (cache hit)
2821 http cache @typescript-eslint/scope-manager@https://registry.npmjs.org/@typescript-eslint/scope-manager/-/scope-manager-8.68.0.tgz 0ms (cache hit)
2822 http cache resolve@https://registry.npmjs.org/resolve/-/resolve-2.0.0-next.7.tgz 0ms (cache hit)
2823 http cache ts-api-utils@https://registry.npmjs.org/ts-api-utils/-/ts-api-utils-2.5.0.tgz 0ms (cache hit)
2824 http cache eslint-plugin-react-hooks@https://registry.npmjs.org/eslint-plugin-react-hooks/-/eslint-plugin-react-hooks-5.0.0-canary-7118f5dd7-20230705.tgz 0ms (cache hit)
2825 http cache eslint-plugin-react@https://registry.npmjs.org/eslint-plugin-react/-/eslint-plugin-react-7.37.5.tgz 0ms (cache hit)
2826 http cache eslint-plugin-import@https://registry.npmjs.org/eslint-plugin-import/-/eslint-plugin-import-2.32.0.tgz 0ms (cache hit)
2827 http cache @typescript-eslint/type-utils@https://registry.npmjs.org/@typescript-eslint/type-utils/-/type-utils-8.68.0.tgz 0ms (cache hit)
2828 http cache eslint-import-resolver-typescript@https://registry.npmjs.org/eslint-import-resolver-typescript/-/eslint-import-resolver-typescript-3.10.1.tgz 0ms (cache hit)
2829 http cache @typescript-eslint/utils@https://registry.npmjs.org/@typescript-eslint/utils/-/utils-8.68.0.tgz 0ms (cache hit)
2830 http cache glob@https://registry.npmjs.org/glob/-/glob-10.3.10.tgz 0ms (cache hit)
2831 http cache eslint-plugin-jsx-a11y@https://registry.npmjs.org/eslint-plugin-jsx-a11y/-/eslint-plugin-jsx-a11y-6.10.2.tgz 0ms (cache hit)
2832 http cache eslint-import-resolver-node@https://registry.npmjs.org/eslint-import-resolver-node/-/eslint-import-resolver-node-0.3.10.tgz 0ms (cache hit)
2833 http cache typescript@https://registry.npmjs.org/typescript/-/typescript-6.0.3.tgz 0ms (cache hit)
2834 http cache @typescript-eslint/parser@https://registry.npmjs.org/@typescript-eslint/parser/-/parser-8.68.0.tgz 0ms (cache hit)
2835 http cache @rushstack/eslint-patch@https://registry.npmjs.org/@rushstack/eslint-patch/-/eslint-patch-1.16.1.tgz 0ms (cache hit)
2836 http cache @next/eslint-plugin-next@https://registry.npmjs.org/@next/eslint-plugin-next/-/eslint-plugin-next-14.2.35.tgz 0ms (cache hit)
2837 http cache @typescript-eslint/eslint-plugin@https://registry.npmjs.org/@typescript-eslint/eslint-plugin/-/eslint-plugin-8.68.0.tgz 0ms (cache hit)
2838 http cache which@https://registry.npmjs.org/which/-/which-2.0.2.tgz 0ms (cache hit)
2839 http cache shebang-command@https://registry.npmjs.org/shebang-command/-/shebang-command-2.0.0.tgz 0ms (cache hit)
2840 http cache ms@https://registry.npmjs.org/ms/-/ms-2.1.3.tgz 0ms (cache hit)
2841 http cache path-key@https://registry.npmjs.org/path-key/-/path-key-3.1.1.tgz 0ms (cache hit)
2842 http cache color-name@https://registry.npmjs.org/color-name/-/color-name-1.1.4.tgz 0ms (cache hit)
2843 http cache ansi-styles@https://registry.npmjs.org/ansi-styles/-/ansi-styles-4.3.0.tgz 0ms (cache hit)
2844 http cache supports-color@https://registry.npmjs.org/supports-color/-/supports-color-7.2.0.tgz 0ms (cache hit)
2845 http cache json-schema-traverse@https://registry.npmjs.org/json-schema-traverse/-/json-schema-traverse-0.4.1.tgz 0ms (cache hit)
2846 http cache color-convert@https://registry.npmjs.org/color-convert/-/color-convert-2.0.1.tgz 0ms (cache hit)
2847 http cache fast-json-stable-stringify@https://registry.npmjs.org/fast-json-stable-stringify/-/fast-json-stable-stringify-2.1.0.tgz 0ms (cache hit)
2848 http cache uri-js@https://registry.npmjs.org/uri-js/-/uri-js-4.4.1.tgz 0ms (cache hit)
2849 http cache @nodelib/fs.stat@https://registry.npmjs.org/@nodelib/fs.stat/-/fs.stat-2.0.5.tgz 0ms (cache hit)
2850 http cache fastq@https://registry.npmjs.org/fastq/-/fastq-1.20.3.tgz 0ms (cache hit)
2851 http cache strip-json-comments@https://registry.npmjs.org/strip-json-comments/-/strip-json-comments-3.1.1.tgz 0ms (cache hit)
2852 http cache @nodelib/fs.scandir@https://registry.npmjs.org/@nodelib/fs.scandir/-/fs.scandir-2.1.5.tgz 0ms (cache hit)
2853 http cache @humanwhocodes/object-schema@https://registry.npmjs.org/@humanwhocodes/object-schema/-/object-schema-2.0.3.tgz 0ms (cache hit)
2854 http cache import-fresh@https://registry.npmjs.org/import-fresh/-/import-fresh-3.3.1.tgz 0ms (cache hit)
2855 http cache text-table@https://registry.npmjs.org/text-table/-/text-table-0.2.0.tgz 0ms (cache hit)
2856 http cache strip-ansi@https://registry.npmjs.org/strip-ansi/-/strip-ansi-6.0.1.tgz 0ms (cache hit)
2857 http cache lodash.merge@https://registry.npmjs.org/lodash.merge/-/lodash.merge-4.6.2.tgz 0ms (cache hit)
2858 http cache optionator@https://registry.npmjs.org/optionator/-/optionator-0.9.4.tgz 0ms (cache hit)
2859 http cache natural-compare@https://registry.npmjs.org/natural-compare/-/natural-compare-1.4.0.tgz 0ms (cache hit)
2860 http cache levn@https://registry.npmjs.org/levn/-/levn-0.4.1.tgz 0ms (cache hit)
2861 http cache minimatch@https://registry.npmjs.org/minimatch/-/minimatch-3.1.5.tgz 0ms (cache hit)
2862 http cache js-yaml@https://registry.npmjs.org/js-yaml/-/js-yaml-4.3.2.tgz 0ms (cache hit)
2863 http cache json-stable-stringify-without-jsonify@https://registry.npmjs.org/json-stable-stringify-without-jsonify/-/json-stable-stringify-without-jsonify-1.0.1.tgz 0ms (cache hit)
2864 http cache run-parallel@https://registry.npmjs.org/run-parallel/-/run-parallel-1.2.0.tgz 0ms (cache hit)
2865 http cache is-path-inside@https://registry.npmjs.org/is-path-inside/-/is-path-inside-3.0.3.tgz 0ms (cache hit)
2866 http cache ignore@https://registry.npmjs.org/ignore/-/ignore-5.3.2.tgz 0ms (cache hit)
2867 http cache is-glob@https://registry.npmjs.org/is-glob/-/is-glob-4.0.3.tgz 0ms (cache hit)
2868 http cache imurmurhash@https://registry.npmjs.org/imurmurhash/-/imurmurhash-0.1.4.tgz 0ms (cache hit)
2869 http cache find-up@https://registry.npmjs.org/find-up/-/find-up-5.0.0.tgz 0ms (cache hit)
2870 http cache glob-parent@https://registry.npmjs.org/glob-parent/-/glob-parent-6.0.2.tgz 0ms (cache hit)
2871 http cache globals@https://registry.npmjs.org/globals/-/globals-13.24.0.tgz 0ms (cache hit)
2872 http cache graphemer@https://registry.npmjs.org/graphemer/-/graphemer-1.4.0.tgz 0ms (cache hit)
2873 http cache fast-deep-equal@https://registry.npmjs.org/fast-deep-equal/-/fast-deep-equal-3.1.3.tgz 0ms (cache hit)
2874 http cache file-entry-cache@https://registry.npmjs.org/file-entry-cache/-/file-entry-cache-6.0.1.tgz 0ms (cache hit)
2875 http cache esutils@https://registry.npmjs.org/esutils/-/esutils-2.0.3.tgz 0ms (cache hit)
2876 http cache espree@https://registry.npmjs.org/espree/-/espree-9.6.1.tgz 0ms (cache hit)
2877 http cache eslint-visitor-keys@https://registry.npmjs.org/eslint-visitor-keys/-/eslint-visitor-keys-3.4.3.tgz 0ms (cache hit)
2878 http cache doctrine@https://registry.npmjs.org/doctrine/-/doctrine-3.0.0.tgz 0ms (cache hit)
2879 http cache eslint-scope@https://registry.npmjs.org/eslint-scope/-/eslint-scope-7.2.2.tgz 0ms (cache hit)
2880 http cache esquery@https://registry.npmjs.org/esquery/-/esquery-1.7.0.tgz 0ms (cache hit)
2881 http cache debug@https://registry.npmjs.org/debug/-/debug-4.4.3.tgz 0ms (cache hit)
2882 http cache chalk@https://registry.npmjs.org/chalk/-/chalk-4.1.2.tgz 0ms (cache hit)
2883 http cache @ungap/structured-clone@https://registry.npmjs.org/@ungap/structured-clone/-/structured-clone-1.4.0.tgz 0ms (cache hit)
2884 http cache ajv@https://registry.npmjs.org/ajv/-/ajv-6.15.0.tgz 0ms (cache hit)
2885 http cache cross-spawn@https://registry.npmjs.org/cross-spawn/-/cross-spawn-7.0.6.tgz 0ms (cache hit)
2886 http cache @humanwhocodes/config-array@https://registry.npmjs.org/@humanwhocodes/config-array/-/config-array-0.13.0.tgz 0ms (cache hit)
2887 http cache @humanwhocodes/module-importer@https://registry.npmjs.org/@humanwhocodes/module-importer/-/module-importer-1.0.1.tgz 0ms (cache hit)
2888 http cache @nodelib/fs.walk@https://registry.npmjs.org/@nodelib/fs.walk/-/fs.walk-1.2.8.tgz 0ms (cache hit)
2889 http cache @eslint/js@https://registry.npmjs.org/@eslint/js/-/js-8.57.1.tgz 0ms (cache hit)
2890 http cache @eslint/eslintrc@https://registry.npmjs.org/@eslint/eslintrc/-/eslintrc-2.1.4.tgz 0ms (cache hit)
2891 http cache @eslint-community/eslint-utils@https://registry.npmjs.org/@eslint-community/eslint-utils/-/eslint-utils-4.10.1.tgz 0ms (cache hit)
2892 http cache @eslint-community/regexpp@https://registry.npmjs.org/@eslint-community/regexpp/-/regexpp-4.12.2.tgz 0ms (cache hit)
2893 http cache react-intersection-observer@https://registry.npmjs.org/react-intersection-observer/-/react-intersection-observer-11.0.1.tgz 0ms (cache hit)
2894 http cache react-dom@https://registry.npmjs.org/react-dom/-/react-dom-18.3.1.tgz 0ms (cache hit)
2895 http cache postcss@https://registry.npmjs.org/postcss/-/postcss-8.5.26.tgz 0ms (cache hit)
2896 http cache escape-string-regexp@https://registry.npmjs.org/escape-string-regexp/-/escape-string-regexp-4.0.0.tgz 0ms (cache hit)
2897 http cache mongoose@https://registry.npmjs.org/mongoose/-/mongoose-9.9.4.tgz 0ms (cache hit)
2898 http cache tailwindcss@https://registry.npmjs.org/tailwindcss/-/tailwindcss-3.4.19.tgz 0ms (cache hit)
2899 http cache react@https://registry.npmjs.org/react/-/react-18.3.1.tgz 0ms (cache hit)
2900 http cache next@https://registry.npmjs.org/next/-/next-14.2.35.tgz 0ms (cache hit)
2901 http cache lucide-react@https://registry.npmjs.org/lucide-react/-/lucide-react-1.37.0.tgz 0ms (cache hit)
2902 http cache eslint-config-next@https://registry.npmjs.org/eslint-config-next/-/eslint-config-next-14.2.35.tgz 0ms (cache hit)
2903 http cache eslint@https://registry.npmjs.org/eslint/-/eslint-8.57.1.tgz 0ms (cache hit)
2904 http cache framer-motion@https://registry.npmjs.org/framer-motion/-/framer-motion-13.1.1.tgz 0ms (cache hit)
2905 http cache glob-parent@https://registry.npmjs.org/glob-parent/-/glob-parent-5.1.2.tgz 0ms (cache hit)
2906 http cache resolve@https://registry.npmjs.org/resolve/-/resolve-1.22.12.tgz 0ms (cache hit)
2907 http cache semver@https://registry.npmjs.org/semver/-/semver-6.3.1.tgz 0ms (cache hit)
2908 http cache glob-parent@https://registry.npmjs.org/glob-parent/-/glob-parent-5.1.2.tgz 0ms (cache hit)
2909 http cache emoji-regex@https://registry.npmjs.org/emoji-regex/-/emoji-regex-8.0.0.tgz 0ms (cache hit)
2910 http cache string-width@https://registry.npmjs.org/string-width/-/string-width-4.2.3.tgz 0ms (cache hit)
2911 http cache ansi-regex@https://registry.npmjs.org/ansi-regex/-/ansi-regex-6.3.0.tgz 0ms (cache hit)
2912 http cache strip-ansi@https://registry.npmjs.org/strip-ansi/-/strip-ansi-7.2.0.tgz 0ms (cache hit)
2913 http cache ansi-styles@https://registry.npmjs.org/ansi-styles/-/ansi-styles-6.2.3.tgz 0ms (cache hit)
2914 http cache ansi-regex@https://registry.npmjs.org/ansi-regex/-/ansi-regex-6.3.0.tgz 0ms (cache hit)
2915 http cache glob@https://registry.npmjs.org/glob/-/glob-7.2.3.tgz 0ms (cache hit)
2916 http cache strip-ansi@https://registry.npmjs.org/strip-ansi/-/strip-ansi-7.2.0.tgz 0ms (cache hit)
2917 http cache strip-ansi@https://registry.npmjs.org/strip-ansi/-/strip-ansi-7.2.0.tgz 0ms (cache hit)
2918 http cache ansi-regex@https://registry.npmjs.org/ansi-regex/-/ansi-regex-6.3.0.tgz 0ms (cache hit)
2919 http cache picomatch@https://registry.npmjs.org/picomatch/-/picomatch-4.0.7.tgz 0ms (cache hit)
2920 http cache fdir@https://registry.npmjs.org/fdir/-/fdir-6.5.0.tgz 0ms (cache hit)
2921 http cache emoji-regex@https://registry.npmjs.org/emoji-regex/-/emoji-regex-8.0.0.tgz 0ms (cache hit)
2922 http cache brace-expansion@https://registry.npmjs.org/brace-expansion/-/brace-expansion-5.0.9.tgz 0ms (cache hit)
2923 http cache debug@https://registry.npmjs.org/debug/-/debug-3.2.7.tgz 0ms (cache hit)
2924 http cache eslint-visitor-keys@https://registry.npmjs.org/eslint-visitor-keys/-/eslint-visitor-keys-5.0.1.tgz 0ms (cache hit)
2925 http cache brace-expansion@https://registry.npmjs.org/brace-expansion/-/brace-expansion-2.1.4.tgz 0ms (cache hit)
2926 http cache minimatch@https://registry.npmjs.org/minimatch/-/minimatch-10.2.6.tgz 0ms (cache hit)
2927 http cache doctrine@https://registry.npmjs.org/doctrine/-/doctrine-2.1.0.tgz 0ms (cache hit)
2928 http cache balanced-match@https://registry.npmjs.org/balanced-match/-/balanced-match-4.0.4.tgz 0ms (cache hit)
2929 http cache semver@https://registry.npmjs.org/semver/-/semver-6.3.1.tgz 0ms (cache hit)
2930 http cache semver@https://registry.npmjs.org/semver/-/semver-6.3.1.tgz 0ms (cache hit)
2931 http cache debug@https://registry.npmjs.org/debug/-/debug-3.2.7.tgz 0ms (cache hit)
2932 http cache minimatch@https://registry.npmjs.org/minimatch/-/minimatch-9.0.9.tgz 0ms (cache hit)
2933 http cache doctrine@https://registry.npmjs.org/doctrine/-/doctrine-2.1.0.tgz 0ms (cache hit)
2934 http cache debug@https://registry.npmjs.org/debug/-/debug-3.2.7.tgz 0ms (cache hit)
2935 http cache postcss@https://registry.npmjs.org/postcss/-/postcss-8.4.31.tgz 0ms (cache hit)
2936 silly tarball no local data for path-is-absolute@https://registry.npmjs.org/path-is-absolute/-/path-is-absolute-1.0.1.tgz. Extracting by manifest.
2937 http cache resolve@https://registry.npmjs.org/resolve/-/resolve-1.22.12.tgz 0ms (cache hit)
2938 http cache ignore@https://registry.npmjs.org/ignore/-/ignore-7.0.7.tgz 0ms (cache hit)
2939 silly tarball no local data for once@https://registry.npmjs.org/once/-/once-1.4.0.tgz. Extracting by manifest.
2940 silly tarball no local data for wrappy@https://registry.npmjs.org/wrappy/-/wrappy-1.0.2.tgz. Extracting by manifest.
2941 silly tarball no local data for inflight@https://registry.npmjs.org/inflight/-/inflight-1.0.6.tgz. Extracting by manifest.
2942 silly tarball no local data for inherits@https://registry.npmjs.org/inherits/-/inherits-2.0.4.tgz. Extracting by manifest.
2943 silly tarball no local data for is-weakset@https://registry.npmjs.org/is-weakset/-/is-weakset-2.0.4.tgz. Extracting by manifest.
2944 silly tarball no local data for fs.realpath@https://registry.npmjs.org/fs.realpath/-/fs.realpath-1.0.0.tgz. Extracting by manifest.
2945 silly tarball no local data for is-weakmap@https://registry.npmjs.org/is-weakmap/-/is-weakmap-2.0.2.tgz. Extracting by manifest.
2946 silly tarball no local data for is-map@https://registry.npmjs.org/is-map/-/is-map-2.0.3.tgz. Extracting by manifest.
2947 silly tarball no local data for generator-function@https://registry.npmjs.org/generator-function/-/generator-function-2.0.1.tgz. Extracting by manifest.
2948 silly tarball no local data for which-collection@https://registry.npmjs.org/which-collection/-/which-collection-1.0.2.tgz. Extracting by manifest.
2949 silly tarball no local data for async-function@https://registry.npmjs.org/async-function/-/async-function-1.0.0.tgz. Extracting by manifest.
2950 silly tarball no local data for is-generator-function@https://registry.npmjs.org/is-generator-function/-/is-generator-function-1.1.2.tgz. Extracting by manifest.
2951 silly tarball no local data for is-async-function@https://registry.npmjs.org/is-async-function/-/is-async-function-2.1.1.tgz. Extracting by manifest.
2952 silly tarball no local data for is-bigint@https://registry.npmjs.org/is-bigint/-/is-bigint-1.1.0.tgz. Extracting by manifest.
2953 silly tarball no local data for is-boolean-object@https://registry.npmjs.org/is-boolean-object/-/is-boolean-object-1.2.2.tgz. Extracting by manifest.
2954 silly tarball no local data for isexe@https://registry.npmjs.org/isexe/-/isexe-2.0.0.tgz. Extracting by manifest.
2955 silly tarball no local data for webidl-conversions@https://registry.npmjs.org/webidl-conversions/-/webidl-conversions-7.0.0.tgz. Extracting by manifest.
2956 silly tarball no local data for tr46@https://registry.npmjs.org/tr46/-/tr46-5.1.1.tgz. Extracting by manifest.
2957 silly tarball no local data for is-finalizationregistry@https://registry.npmjs.org/is-finalizationregistry/-/is-finalizationregistry-1.1.1.tgz. Extracting by manifest.
2958 silly tarball no local data for is-number-object@https://registry.npmjs.org/is-number-object/-/is-number-object-1.1.1.tgz. Extracting by manifest.
2959 silly tarball no local data for @emnapi/wasi-threads@https://registry.npmjs.org/@emnapi/wasi-threads/-/wasi-threads-1.2.1.tgz. Extracting by manifest.
2960 silly tarball no local data for @tybys/wasm-util@https://registry.npmjs.org/@tybys/wasm-util/-/wasm-util-0.10.3.tgz. Extracting by manifest.
2961 silly tarball no local data for punycode@https://registry.npmjs.org/punycode/-/punycode-2.3.1.tgz. Extracting by manifest.
2962 silly tarball no local data for @emnapi/core@https://registry.npmjs.org/@emnapi/core/-/core-1.10.0.tgz. Extracting by manifest.
2963 silly tarball no local data for @napi-rs/wasm-runtime@https://registry.npmjs.org/@napi-rs/wasm-runtime/-/wasm-runtime-1.2.3.tgz. Extracting by manifest.
2964 silly tarball no local data for @emnapi/runtime@https://registry.npmjs.org/@emnapi/runtime/-/runtime-1.10.0.tgz. Extracting by manifest.
2965 silly tarball no local data for @unrs/resolver-binding-darwin-arm64@https://registry.npmjs.org/@unrs/resolver-binding-darwin-arm64/-/resolver-binding-darwin-arm64-1.12.2.tgz. Extracting by manifest.
2966 silly tarball no local data for which-boxed-primitive@https://registry.npmjs.org/which-boxed-primitive/-/which-boxed-primitive-1.1.1.tgz. Extracting by manifest.
2967 silly tarball no local data for napi-postinstall@https://registry.npmjs.org/napi-postinstall/-/napi-postinstall-0.3.4.tgz. Extracting by manifest.
2968 silly tarball no local data for has-bigints@https://registry.npmjs.org/has-bigints/-/has-bigints-1.1.0.tgz. Extracting by manifest.
2969 silly tarball no local data for which-builtin-type@https://registry.npmjs.org/which-builtin-type/-/which-builtin-type-1.2.1.tgz. Extracting by manifest.
2970 silly tarball no local data for reflect.getprototypeof@https://registry.npmjs.org/reflect.getprototypeof/-/reflect.getprototypeof-1.0.10.tgz. Extracting by manifest.
2971 silly tarball no local data for for-each@https://registry.npmjs.org/for-each/-/for-each-0.3.5.tgz. Extracting by manifest.
2972 silly tarball no local data for minimist@https://registry.npmjs.org/minimist/-/minimist-1.2.8.tgz. Extracting by manifest.
2973 silly tarball no local data for @types/json5@https://registry.npmjs.org/@types/json5/-/json5-0.0.29.tgz. Extracting by manifest.
2974 silly tarball no local data for strip-bom@https://registry.npmjs.org/strip-bom/-/strip-bom-3.0.0.tgz. Extracting by manifest.
2975 silly tarball no local data for json5@https://registry.npmjs.org/json5/-/json5-1.0.2.tgz. Extracting by manifest.
2976 silly tarball no local data for is-number@https://registry.npmjs.org/is-number/-/is-number-7.0.0.tgz. Extracting by manifest.
2977 silly tarball no local data for thenify@https://registry.npmjs.org/thenify/-/thenify-3.3.1.tgz. Extracting by manifest.
2978 silly tarball no local data for @jridgewell/resolve-uri@https://registry.npmjs.org/@jridgewell/resolve-uri/-/resolve-uri-3.1.2.tgz. Extracting by manifest.
2979 silly tarball no local data for @jridgewell/sourcemap-codec@https://registry.npmjs.org/@jridgewell/sourcemap-codec/-/sourcemap-codec-1.6.0.tgz. Extracting by manifest.
2980 silly tarball no local data for any-promise@https://registry.npmjs.org/any-promise/-/any-promise-1.3.0.tgz. Extracting by manifest.
2981 silly tarball no local data for thenify-all@https://registry.npmjs.org/thenify-all/-/thenify-all-1.6.0.tgz. Extracting by manifest.
2982 silly tarball no local data for @jridgewell/trace-mapping@https://registry.npmjs.org/@jridgewell/trace-mapping/-/trace-mapping-0.3.31.tgz. Extracting by manifest.
2983 silly tarball no local data for ts-interface-checker@https://registry.npmjs.org/ts-interface-checker/-/ts-interface-checker-0.1.13.tgz. Extracting by manifest.
2984 silly tarball no local data for mz@https://registry.npmjs.org/mz/-/mz-2.7.0.tgz. Extracting by manifest.
2985 silly tarball no local data for lines-and-columns@https://registry.npmjs.org/lines-and-columns/-/lines-and-columns-1.2.4.tgz. Extracting by manifest.
2986 silly tarball no local data for commander@https://registry.npmjs.org/commander/-/commander-4.1.1.tgz. Extracting by manifest.
2987 silly tarball no local data for @jridgewell/gen-mapping@https://registry.npmjs.org/@jridgewell/gen-mapping/-/gen-mapping-0.3.13.tgz. Extracting by manifest.
2988 silly tarball no local data for pirates@https://registry.npmjs.org/pirates/-/pirates-4.0.7.tgz. Extracting by manifest.
2989 silly tarball no local data for cssesc@https://registry.npmjs.org/cssesc/-/cssesc-3.0.0.tgz. Extracting by manifest.
2990 silly tarball no local data for read-cache@https://registry.npmjs.org/read-cache/-/read-cache-1.0.2.tgz. Extracting by manifest.
2991 silly tarball no local data for util-deprecate@https://registry.npmjs.org/util-deprecate/-/util-deprecate-1.0.2.tgz. Extracting by manifest.
2992 silly tarball no local data for postcss-value-parser@https://registry.npmjs.org/postcss-value-parser/-/postcss-value-parser-4.2.0.tgz. Extracting by manifest.
2993 silly tarball no local data for camelcase-css@https://registry.npmjs.org/camelcase-css/-/camelcase-css-2.0.1.tgz. Extracting by manifest.
2994 silly tarball no local data for to-regex-range@https://registry.npmjs.org/to-regex-range/-/to-regex-range-5.0.1.tgz. Extracting by manifest.
2995 silly tarball no local data for binary-extensions@https://registry.npmjs.org/binary-extensions/-/binary-extensions-2.3.0.tgz. Extracting by manifest.
2996 silly tarball no local data for fill-range@https://registry.npmjs.org/fill-range/-/fill-range-7.1.1.tgz. Extracting by manifest.
2997 silly tarball no local data for merge2@https://registry.npmjs.org/merge2/-/merge2-1.4.1.tgz. Extracting by manifest.
2998 silly tarball no local data for picomatch@https://registry.npmjs.org/picomatch/-/picomatch-2.3.2.tgz. Extracting by manifest.
2999 silly tarball no local data for is-binary-path@https://registry.npmjs.org/is-binary-path/-/is-binary-path-2.1.0.tgz. Extracting by manifest.
3000 silly tarball no local data for anymatch@https://registry.npmjs.org/anymatch/-/anymatch-3.1.3.tgz. Extracting by manifest.
3001 silly tarball no local data for fsevents@https://registry.npmjs.org/fsevents/-/fsevents-2.3.3.tgz. Extracting by manifest.
3002 silly tarball no local data for readdirp@https://registry.npmjs.org/readdirp/-/readdirp-3.6.0.tgz. Extracting by manifest.
3003 silly tarball no local data for braces@https://registry.npmjs.org/braces/-/braces-3.0.3.tgz. Extracting by manifest.
3004 silly tarball no local data for postcss-load-config@https://registry.npmjs.org/postcss-load-config/-/postcss-load-config-6.0.1.tgz. Extracting by manifest.
3005 silly tarball no local data for postcss-nested@https://registry.npmjs.org/postcss-nested/-/postcss-nested-6.2.0.tgz. Extracting by manifest.
3006 silly tarball no local data for postcss-selector-parser@https://registry.npmjs.org/postcss-selector-parser/-/postcss-selector-parser-6.1.4.tgz. Extracting by manifest.
3007 silly tarball no local data for object-hash@https://registry.npmjs.org/object-hash/-/object-hash-3.0.0.tgz. Extracting by manifest.
3008 silly tarball no local data for postcss-import@https://registry.npmjs.org/postcss-import/-/postcss-import-15.1.0.tgz. Extracting by manifest.
3009 silly tarball no local data for normalize-path@https://registry.npmjs.org/normalize-path/-/normalize-path-3.0.0.tgz. Extracting by manifest.
3010 silly tarball no local data for postcss-js@https://registry.npmjs.org/postcss-js/-/postcss-js-4.1.0.tgz. Extracting by manifest.
3011 silly tarball no local data for micromatch@https://registry.npmjs.org/micromatch/-/micromatch-4.0.8.tgz. Extracting by manifest.
3012 silly tarball no local data for lilconfig@https://registry.npmjs.org/lilconfig/-/lilconfig-3.1.3.tgz. Extracting by manifest.
3013 silly tarball no local data for didyoumean@https://registry.npmjs.org/didyoumean/-/didyoumean-1.2.2.tgz. Extracting by manifest.
3014 silly tarball no local data for chokidar@https://registry.npmjs.org/chokidar/-/chokidar-3.6.0.tgz. Extracting by manifest.
3015 silly tarball no local data for dlv@https://registry.npmjs.org/dlv/-/dlv-1.1.3.tgz. Extracting by manifest.
3016 silly tarball no local data for sucrase@https://registry.npmjs.org/sucrase/-/sucrase-3.35.1.tgz. Extracting by manifest.
3017 silly tarball no local data for arg@https://registry.npmjs.org/arg/-/arg-5.0.2.tgz. Extracting by manifest.
3018 silly tarball no local data for has-flag@https://registry.npmjs.org/has-flag/-/has-flag-4.0.0.tgz. Extracting by manifest.
3019 silly tarball no local data for jiti@https://registry.npmjs.org/jiti/-/jiti-1.21.7.tgz. Extracting by manifest.
3020 silly tarball no local data for @alloc/quick-lru@https://registry.npmjs.org/@alloc/quick-lru/-/quick-lru-5.2.0.tgz. Extracting by manifest.
3021 silly tarball no local data for is-fullwidth-code-point@https://registry.npmjs.org/is-fullwidth-code-point/-/is-fullwidth-code-point-3.0.0.tgz. Extracting by manifest.
3022 silly tarball no local data for eastasianwidth@https://registry.npmjs.org/eastasianwidth/-/eastasianwidth-0.2.0.tgz. Extracting by manifest.
3023 silly tarball no local data for ansi-regex@https://registry.npmjs.org/ansi-regex/-/ansi-regex-5.0.1.tgz. Extracting by manifest.
3024 silly tarball no local data for client-only@https://registry.npmjs.org/client-only/-/client-only-0.0.1.tgz. Extracting by manifest.
3025 silly tarball no local data for side-channel-map@https://registry.npmjs.org/side-channel-map/-/side-channel-map-1.0.1.tgz. Extracting by manifest.
3026 silly tarball no local data for memory-pager@https://registry.npmjs.org/memory-pager/-/memory-pager-1.5.0.tgz. Extracting by manifest.
3027 silly tarball no local data for isarray@https://registry.npmjs.org/isarray/-/isarray-2.0.5.tgz. Extracting by manifest.
3028 silly tarball no local data for fast-glob@https://registry.npmjs.org/fast-glob/-/fast-glob-3.3.3.tgz. Extracting by manifest.
3029 silly tarball no local data for side-channel-weakmap@https://registry.npmjs.org/side-channel-weakmap/-/side-channel-weakmap-1.0.2.tgz. Extracting by manifest.
3030 silly tarball no local data for shebang-regex@https://registry.npmjs.org/shebang-regex/-/shebang-regex-3.0.0.tgz. Extracting by manifest.
3031 silly tarball no local data for side-channel-list@https://registry.npmjs.org/side-channel-list/-/side-channel-list-1.0.1.tgz. Extracting by manifest.
3032 silly tarball no local data for path-parse@https://registry.npmjs.org/path-parse/-/path-parse-1.0.7.tgz. Extracting by manifest.
3033 silly tarball no local data for queue-microtask@https://registry.npmjs.org/queue-microtask/-/queue-microtask-1.2.3.tgz. Extracting by manifest.
3034 silly tarball no local data for supports-preserve-symlinks-flag@https://registry.npmjs.org/supports-preserve-symlinks-flag/-/supports-preserve-symlinks-flag-1.0.0.tgz. Extracting by manifest.
3035 silly tarball no local data for node-exports-info@https://registry.npmjs.org/node-exports-info/-/node-exports-info-1.6.2.tgz. Extracting by manifest.
3036 silly tarball no local data for js-tokens@https://registry.npmjs.org/js-tokens/-/js-tokens-4.0.0.tgz. Extracting by manifest.
3037 silly tarball no local data for react-is@https://registry.npmjs.org/react-is/-/react-is-16.13.1.tgz. Extracting by manifest.
3038 silly tarball no local data for loose-envify@https://registry.npmjs.org/loose-envify/-/loose-envify-1.4.0.tgz. Extracting by manifest.
3039 silly tarball no local data for object-assign@https://registry.npmjs.org/object-assign/-/object-assign-4.1.1.tgz. Extracting by manifest.
3040 silly tarball no local data for scheduler@https://registry.npmjs.org/scheduler/-/scheduler-0.23.2.tgz. Extracting by manifest.
3041 silly tarball no local data for source-map-js@https://registry.npmjs.org/source-map-js/-/source-map-js-1.2.1.tgz. Extracting by manifest.
3042 silly tarball no local data for callsites@https://registry.npmjs.org/callsites/-/callsites-3.1.0.tgz. Extracting by manifest.
3043 silly tarball no local data for picocolors@https://registry.npmjs.org/picocolors/-/picocolors-1.1.1.tgz. Extracting by manifest.
3044 silly tarball no local data for lru-cache@https://registry.npmjs.org/lru-cache/-/lru-cache-10.4.3.tgz. Extracting by manifest.
3045 silly tarball no local data for word-wrap@https://registry.npmjs.org/word-wrap/-/word-wrap-1.2.5.tgz. Extracting by manifest.
3046 silly tarball no local data for nanoid@https://registry.npmjs.org/nanoid/-/nanoid-3.3.18.tgz. Extracting by manifest.
3047 silly tarball no local data for deep-is@https://registry.npmjs.org/deep-is/-/deep-is-0.1.4.tgz. Extracting by manifest.
3048 silly tarball no local data for p-limit@https://registry.npmjs.org/p-limit/-/p-limit-3.1.0.tgz. Extracting by manifest.
3049 silly tarball no local data for yocto-queue@https://registry.npmjs.org/yocto-queue/-/yocto-queue-0.1.0.tgz. Extracting by manifest.
3050 silly tarball no local data for styled-jsx@https://registry.npmjs.org/styled-jsx/-/styled-jsx-5.1.1.tgz. Extracting by manifest.
3051 silly tarball no local data for fast-levenshtein@https://registry.npmjs.org/fast-levenshtein/-/fast-levenshtein-2.0.6.tgz. Extracting by manifest.
3052 silly tarball no local data for streamsearch@https://registry.npmjs.org/streamsearch/-/streamsearch-1.1.0.tgz. Extracting by manifest.
3053 silly tarball no local data for busboy@https://registry.npmjs.org/busboy/-/busboy-1.6.0.tgz. Extracting by manifest.
3054 silly tarball no local data for graceful-fs@https://registry.npmjs.org/graceful-fs/-/graceful-fs-4.2.11.tgz. Extracting by manifest.
3055 silly tarball no local data for @swc/counter@https://registry.npmjs.org/@swc/counter/-/counter-0.1.3.tgz. Extracting by manifest.
3056 silly tarball no local data for @next/swc-darwin-arm64@https://registry.npmjs.org/@next/swc-darwin-arm64/-/swc-darwin-arm64-14.2.33.tgz. Extracting by manifest.
3057 silly tarball no local data for @swc/helpers@https://registry.npmjs.org/@swc/helpers/-/helpers-0.5.5.tgz. Extracting by manifest.
3058 silly tarball no local data for @next/env@https://registry.npmjs.org/@next/env/-/env-14.2.35.tgz. Extracting by manifest.
3059 silly tarball no local data for @types/webidl-conversions@https://registry.npmjs.org/@types/webidl-conversions/-/webidl-conversions-7.0.3.tgz. Extracting by manifest.
3060 silly tarball no local data for mongodb-connection-string-url@https://registry.npmjs.org/mongodb-connection-string-url/-/mongodb-connection-string-url-7.0.2.tgz. Extracting by manifest.
3061 silly tarball no local data for caniuse-lite@https://registry.npmjs.org/caniuse-lite/-/caniuse-lite-1.0.30001810.tgz. Extracting by manifest.
3062 silly tarball no local data for whatwg-url@https://registry.npmjs.org/whatwg-url/-/whatwg-url-14.2.0.tgz. Extracting by manifest.
3063 silly tarball no local data for @types/whatwg-url@https://registry.npmjs.org/@types/whatwg-url/-/whatwg-url-13.0.0.tgz. Extracting by manifest.
3064 silly tarball no local data for bson@https://registry.npmjs.org/bson/-/bson-7.3.2.tgz. Extracting by manifest.
3065 silly tarball no local data for sift@https://registry.npmjs.org/sift/-/sift-17.1.3.tgz. Extracting by manifest.
3066 silly tarball no local data for sparse-bitfield@https://registry.npmjs.org/sparse-bitfield/-/sparse-bitfield-3.0.3.tgz. Extracting by manifest.
3067 silly tarball no local data for @mongodb-js/saslprep@https://registry.npmjs.org/@mongodb-js/saslprep/-/saslprep-1.5.0.tgz. Extracting by manifest.
3068 silly tarball no local data for kareem@https://registry.npmjs.org/kareem/-/kareem-3.3.0.tgz. Extracting by manifest.
3069 silly tarball no local data for mquery@https://registry.npmjs.org/mquery/-/mquery-6.0.0.tgz. Extracting by manifest.
3070 silly tarball no local data for mpath@https://registry.npmjs.org/mpath/-/mpath-0.9.0.tgz. Extracting by manifest.
3071 silly tarball no local data for concat-map@https://registry.npmjs.org/concat-map/-/concat-map-0.0.1.tgz. Extracting by manifest.
3072 silly tarball no local data for @standard-schema/spec@https://registry.npmjs.org/@standard-schema/spec/-/spec-1.1.0.tgz. Extracting by manifest.
3073 silly tarball no local data for mongodb@https://registry.npmjs.org/mongodb/-/mongodb-7.5.0.tgz. Extracting by manifest.
3074 silly tarball no local data for balanced-match@https://registry.npmjs.org/balanced-match/-/balanced-match-1.0.2.tgz. Extracting by manifest.
3075 silly tarball no local data for brace-expansion@https://registry.npmjs.org/brace-expansion/-/brace-expansion-1.1.18.tgz. Extracting by manifest.
3076 silly tarball no local data for prelude-ls@https://registry.npmjs.org/prelude-ls/-/prelude-ls-1.2.1.tgz. Extracting by manifest.
3077 silly tarball no local data for language-subtag-registry@https://registry.npmjs.org/language-subtag-registry/-/language-subtag-registry-0.3.23.tgz. Extracting by manifest.
3078 silly tarball no local data for p-locate@https://registry.npmjs.org/p-locate/-/p-locate-5.0.0.tgz. Extracting by manifest.
3079 silly tarball no local data for json-buffer@https://registry.npmjs.org/json-buffer/-/json-buffer-3.0.1.tgz. Extracting by manifest.
3080 silly tarball no local data for type-check@https://registry.npmjs.org/type-check/-/type-check-0.4.0.tgz. Extracting by manifest.
3081 silly tarball no local data for argparse@https://registry.npmjs.org/argparse/-/argparse-2.0.1.tgz. Extracting by manifest.
3082 silly tarball no local data for string-width-cjs@https://registry.npmjs.org/string-width/-/string-width-4.2.3.tgz. Extracting by manifest.
3083 silly tarball no local data for wrap-ansi@https://registry.npmjs.org/wrap-ansi/-/wrap-ansi-8.1.0.tgz. Extracting by manifest.
3084 silly tarball no local data for wrap-ansi-cjs@https://registry.npmjs.org/wrap-ansi/-/wrap-ansi-7.0.0.tgz. Extracting by manifest.
3085 silly tarball no local data for @pkgjs/parseargs@https://registry.npmjs.org/@pkgjs/parseargs/-/parseargs-0.11.0.tgz. Extracting by manifest.
3086 silly tarball no local data for string-width@https://registry.npmjs.org/string-width/-/string-width-5.1.2.tgz. Extracting by manifest.
3087 silly tarball no local data for strip-ansi-cjs@https://registry.npmjs.org/strip-ansi/-/strip-ansi-6.0.1.tgz. Extracting by manifest.
3088 silly tarball no local data for side-channel@https://registry.npmjs.org/side-channel/-/side-channel-1.1.1.tgz. Extracting by manifest.
3089 silly tarball no local data for set-function-name@https://registry.npmjs.org/set-function-name/-/set-function-name-2.0.2.tgz. Extracting by manifest.
3090 silly tarball no local data for resolve-from@https://registry.npmjs.org/resolve-from/-/resolve-from-4.0.0.tgz. Extracting by manifest.
3091 silly tarball no local data for @isaacs/cliui@https://registry.npmjs.org/@isaacs/cliui/-/cliui-8.0.2.tgz. Extracting by manifest.
3092 silly tarball no local data for parent-module@https://registry.npmjs.org/parent-module/-/parent-module-1.0.1.tgz. Extracting by manifest.
3093 silly tarball no local data for is-extglob@https://registry.npmjs.org/is-extglob/-/is-extglob-2.1.1.tgz. Extracting by manifest.
3094 silly tarball no local data for signal-exit@https://registry.npmjs.org/signal-exit/-/signal-exit-4.1.0.tgz. Extracting by manifest.
3095 silly tarball no local data for minipass@https://registry.npmjs.org/minipass/-/minipass-7.1.3.tgz. Extracting by manifest.
3096 silly tarball no local data for path-scurry@https://registry.npmjs.org/path-scurry/-/path-scurry-1.11.1.tgz. Extracting by manifest.
3097 silly tarball no local data for jackspeak@https://registry.npmjs.org/jackspeak/-/jackspeak-2.3.6.tgz. Extracting by manifest.
3098 silly tarball no local data for foreground-child@https://registry.npmjs.org/foreground-child/-/foreground-child-3.3.1.tgz. Extracting by manifest.
3099 silly tarball no local data for dunder-proto@https://registry.npmjs.org/dunder-proto/-/dunder-proto-1.0.1.tgz. Extracting by manifest.
3100 silly tarball no local data for resolve-pkg-maps@https://registry.npmjs.org/resolve-pkg-maps/-/resolve-pkg-maps-1.0.0.tgz. Extracting by manifest.
3101 silly tarball no local data for functions-have-names@https://registry.npmjs.org/functions-have-names/-/functions-have-names-1.2.3.tgz. Extracting by manifest.
3102 silly tarball no local data for is-document.all@https://registry.npmjs.org/is-document.all/-/is-document.all-1.0.0.tgz. Extracting by manifest.
3103 silly tarball no local data for tslib@https://registry.npmjs.org/tslib/-/tslib-2.8.1.tgz. Extracting by manifest.
3104 silly tarball no local data for type-fest@https://registry.npmjs.org/type-fest/-/type-fest-0.20.2.tgz. Extracting by manifest.
3105 silly tarball no local data for motion-dom@https://registry.npmjs.org/motion-dom/-/motion-dom-13.1.1.tgz. Extracting by manifest.
3106 silly tarball no local data for motion-utils@https://registry.npmjs.org/motion-utils/-/motion-utils-13.0.0.tgz. Extracting by manifest.
3107 silly tarball no local data for rimraf@https://registry.npmjs.org/rimraf/-/rimraf-3.0.2.tgz. Extracting by manifest.
3108 silly tarball no local data for flatted@https://registry.npmjs.org/flatted/-/flatted-3.4.4.tgz. Extracting by manifest.
3109 silly tarball no local data for keyv@https://registry.npmjs.org/keyv/-/keyv-4.5.4.tgz. Extracting by manifest.
3110 silly tarball no local data for path-exists@https://registry.npmjs.org/path-exists/-/path-exists-4.0.0.tgz. Extracting by manifest.
3111 silly tarball no local data for locate-path@https://registry.npmjs.org/locate-path/-/locate-path-6.0.0.tgz. Extracting by manifest.
3112 silly tarball no local data for acorn-jsx@https://registry.npmjs.org/acorn-jsx/-/acorn-jsx-5.3.2.tgz. Extracting by manifest.
3113 silly tarball no local data for flat-cache@https://registry.npmjs.org/flat-cache/-/flat-cache-3.2.0.tgz. Extracting by manifest.
3114 silly tarball no local data for string.prototype.repeat@https://registry.npmjs.org/string.prototype.repeat/-/string.prototype.repeat-1.0.0.tgz. Extracting by manifest.
3115 silly tarball no local data for iterator.prototype@https://registry.npmjs.org/iterator.prototype/-/iterator.prototype-1.1.5.tgz. Extracting by manifest.
3116 silly tarball no local data for esrecurse@https://registry.npmjs.org/esrecurse/-/esrecurse-4.3.0.tgz. Extracting by manifest.
3117 silly tarball no local data for reusify@https://registry.npmjs.org/reusify/-/reusify-1.1.0.tgz. Extracting by manifest.
3118 silly tarball no local data for acorn@https://registry.npmjs.org/acorn/-/acorn-8.18.0.tgz. Extracting by manifest.
3119 silly tarball no local data for object.entries@https://registry.npmjs.org/object.entries/-/object.entries-1.1.9.tgz. Extracting by manifest.
3120 silly tarball no local data for string.prototype.matchall@https://registry.npmjs.org/string.prototype.matchall/-/string.prototype.matchall-4.1.0.tgz. Extracting by manifest.
3121 silly tarball no local data for prop-types@https://registry.npmjs.org/prop-types/-/prop-types-15.8.1.tgz. Extracting by manifest.
3122 silly tarball no local data for estraverse@https://registry.npmjs.org/estraverse/-/estraverse-5.3.0.tgz. Extracting by manifest.
3123 silly tarball no local data for array.prototype.tosorted@https://registry.npmjs.org/array.prototype.tosorted/-/array.prototype.tosorted-1.1.4.tgz. Extracting by manifest.
3124 silly tarball no local data for array.prototype.findlast@https://registry.npmjs.org/array.prototype.findlast/-/array.prototype.findlast-1.2.5.tgz. Extracting by manifest.
3125 silly tarball no local data for es-iterator-helpers@https://registry.npmjs.org/es-iterator-helpers/-/es-iterator-helpers-1.4.0.tgz. Extracting by manifest.
3126 silly tarball no local data for string.prototype.includes@https://registry.npmjs.org/string.prototype.includes/-/string.prototype.includes-2.0.1.tgz. Extracting by manifest.
3127 silly tarball no local data for emoji-regex@https://registry.npmjs.org/emoji-regex/-/emoji-regex-9.2.2.tgz. Extracting by manifest.
3128 silly tarball no local data for jsx-ast-utils@https://registry.npmjs.org/jsx-ast-utils/-/jsx-ast-utils-3.3.5.tgz. Extracting by manifest.
3129 silly tarball no local data for axobject-query@https://registry.npmjs.org/axobject-query/-/axobject-query-4.1.0.tgz. Extracting by manifest.
3130 silly tarball no local data for ast-types-flow@https://registry.npmjs.org/ast-types-flow/-/ast-types-flow-0.0.8.tgz. Extracting by manifest.
3131 silly tarball no local data for damerau-levenshtein@https://registry.npmjs.org/damerau-levenshtein/-/damerau-levenshtein-1.0.8.tgz. Extracting by manifest.
3132 silly tarball no local data for axe-core@https://registry.npmjs.org/axe-core/-/axe-core-4.13.0.tgz. Extracting by manifest.
3133 silly tarball no local data for language-tags@https://registry.npmjs.org/language-tags/-/language-tags-1.0.9.tgz. Extracting by manifest.
3134 silly tarball no local data for is-symbol@https://registry.npmjs.org/is-symbol/-/is-symbol-1.1.1.tgz. Extracting by manifest.
3135 silly tarball no local data for is-date-object@https://registry.npmjs.org/is-date-object/-/is-date-object-1.1.0.tgz. Extracting by manifest.
3136 silly tarball no local data for es-abstract-get@https://registry.npmjs.org/es-abstract-get/-/es-abstract-get-1.0.0.tgz. Extracting by manifest.
3137 silly tarball no local data for aria-query@https://registry.npmjs.org/aria-query/-/aria-query-5.3.2.tgz. Extracting by manifest.
3138 silly tarball no local data for possible-typed-array-names@https://registry.npmjs.org/possible-typed-array-names/-/possible-typed-array-names-1.1.0.tgz. Extracting by manifest.
3139 silly tarball no local data for unbox-primitive@https://registry.npmjs.org/unbox-primitive/-/unbox-primitive-1.1.0.tgz. Extracting by manifest.
3140 silly tarball no local data for has-tostringtag@https://registry.npmjs.org/has-tostringtag/-/has-tostringtag-1.0.2.tgz. Extracting by manifest.
3141 silly tarball no local data for which-typed-array@https://registry.npmjs.org/which-typed-array/-/which-typed-array-1.1.22.tgz. Extracting by manifest.
3142 silly tarball no local data for typed-array-length@https://registry.npmjs.org/typed-array-length/-/typed-array-length-1.0.8.tgz. Extracting by manifest.
3143 silly tarball no local data for typed-array-buffer@https://registry.npmjs.org/typed-array-buffer/-/typed-array-buffer-1.0.3.tgz. Extracting by manifest.
3144 silly tarball no local data for typed-array-byte-length@https://registry.npmjs.org/typed-array-byte-length/-/typed-array-byte-length-1.0.3.tgz. Extracting by manifest.
3145 silly tarball no local data for typed-array-byte-offset@https://registry.npmjs.org/typed-array-byte-offset/-/typed-array-byte-offset-1.0.4.tgz. Extracting by manifest.
3146 silly tarball no local data for string.prototype.trimstart@https://registry.npmjs.org/string.prototype.trimstart/-/string.prototype.trimstart-1.0.8.tgz. Extracting by manifest.
3147 silly tarball no local data for string.prototype.trim@https://registry.npmjs.org/string.prototype.trim/-/string.prototype.trim-1.2.11.tgz. Extracting by manifest.
3148 silly tarball no local data for stop-iteration-iterator@https://registry.npmjs.org/stop-iteration-iterator/-/stop-iteration-iterator-1.1.0.tgz. Extracting by manifest.
3149 silly tarball no local data for set-proto@https://registry.npmjs.org/set-proto/-/set-proto-1.0.0.tgz. Extracting by manifest.
3150 silly tarball no local data for safe-push-apply@https://registry.npmjs.org/safe-push-apply/-/safe-push-apply-1.0.0.tgz. Extracting by manifest.
3151 silly tarball no local data for regexp.prototype.flags@https://registry.npmjs.org/regexp.prototype.flags/-/regexp.prototype.flags-1.5.4.tgz. Extracting by manifest.
3152 silly tarball no local data for safe-array-concat@https://registry.npmjs.org/safe-array-concat/-/safe-array-concat-1.1.4.tgz. Extracting by manifest.
3153 silly tarball no local data for safe-regex-test@https://registry.npmjs.org/safe-regex-test/-/safe-regex-test-1.1.0.tgz. Extracting by manifest.
3154 silly tarball no local data for own-keys@https://registry.npmjs.org/own-keys/-/own-keys-1.0.2.tgz. Extracting by manifest.
3155 silly tarball no local data for is-weakref@https://registry.npmjs.org/is-weakref/-/is-weakref-1.1.1.tgz. Extracting by manifest.
3156 silly tarball no local data for object.assign@https://registry.npmjs.org/object.assign/-/object.assign-4.1.7.tgz. Extracting by manifest.
3157 silly tarball no local data for object-inspect@https://registry.npmjs.org/object-inspect/-/object-inspect-1.13.4.tgz. Extracting by manifest.
3158 silly tarball no local data for is-shared-array-buffer@https://registry.npmjs.org/is-shared-array-buffer/-/is-shared-array-buffer-1.0.4.tgz. Extracting by manifest.
3159 silly tarball no local data for is-data-view@https://registry.npmjs.org/is-data-view/-/is-data-view-1.0.2.tgz. Extracting by manifest.
3160 silly tarball no local data for is-negative-zero@https://registry.npmjs.org/is-negative-zero/-/is-negative-zero-2.0.3.tgz. Extracting by manifest.
3161 silly tarball no local data for is-set@https://registry.npmjs.org/is-set/-/is-set-2.0.3.tgz. Extracting by manifest.
3162 silly tarball no local data for is-regex@https://registry.npmjs.org/is-regex/-/is-regex-1.2.1.tgz. Extracting by manifest.
3163 silly tarball no local data for is-typed-array@https://registry.npmjs.org/is-typed-array/-/is-typed-array-1.1.15.tgz. Extracting by manifest.
3164 silly tarball no local data for is-array-buffer@https://registry.npmjs.org/is-array-buffer/-/is-array-buffer-3.0.5.tgz. Extracting by manifest.
3165 silly tarball no local data for has-proto@https://registry.npmjs.org/has-proto/-/has-proto-1.2.0.tgz. Extracting by manifest.
3166 silly tarball no local data for get-symbol-description@https://registry.npmjs.org/get-symbol-description/-/get-symbol-description-1.1.0.tgz. Extracting by manifest.
3167 silly tarball no local data for is-callable@https://registry.npmjs.org/is-callable/-/is-callable-1.2.7.tgz. Extracting by manifest.
3168 silly tarball no local data for function.prototype.name@https://registry.npmjs.org/function.prototype.name/-/function.prototype.name-1.2.0.tgz. Extracting by manifest.
3169 silly tarball no local data for has-symbols@https://registry.npmjs.org/has-symbols/-/has-symbols-1.1.0.tgz. Extracting by manifest.
3170 silly tarball no local data for globalthis@https://registry.npmjs.org/globalthis/-/globalthis-1.0.4.tgz. Extracting by manifest.
3171 silly tarball no local data for es-to-primitive@https://registry.npmjs.org/es-to-primitive/-/es-to-primitive-1.3.4.tgz. Extracting by manifest.
3172 silly tarball no local data for es-set-tostringtag@https://registry.npmjs.org/es-set-tostringtag/-/es-set-tostringtag-2.1.0.tgz. Extracting by manifest.
3173 silly tarball no local data for data-view-byte-offset@https://registry.npmjs.org/data-view-byte-offset/-/data-view-byte-offset-1.0.1.tgz. Extracting by manifest.
3174 silly tarball no local data for get-proto@https://registry.npmjs.org/get-proto/-/get-proto-1.0.1.tgz. Extracting by manifest.
3175 silly tarball no local data for data-view-byte-length@https://registry.npmjs.org/data-view-byte-length/-/data-view-byte-length-1.0.2.tgz. Extracting by manifest.
3176 silly tarball no local data for data-view-buffer@https://registry.npmjs.org/data-view-buffer/-/data-view-buffer-1.0.2.tgz. Extracting by manifest.
3177 silly tarball no local data for internal-slot@https://registry.npmjs.org/internal-slot/-/internal-slot-1.1.0.tgz. Extracting by manifest.
3178 silly tarball no local data for available-typed-arrays@https://registry.npmjs.org/available-typed-arrays/-/available-typed-arrays-1.0.7.tgz. Extracting by manifest.
3179 silly tarball no local data for object-keys@https://registry.npmjs.org/object-keys/-/object-keys-1.1.1.tgz. Extracting by manifest.
3180 silly tarball no local data for array-buffer-byte-length@https://registry.npmjs.org/array-buffer-byte-length/-/array-buffer-byte-length-1.0.2.tgz. Extracting by manifest.
3181 silly tarball no local data for arraybuffer.prototype.slice@https://registry.npmjs.org/arraybuffer.prototype.slice/-/arraybuffer.prototype.slice-1.0.4.tgz. Extracting by manifest.
3182 silly tarball no local data for gopd@https://registry.npmjs.org/gopd/-/gopd-1.2.0.tgz. Extracting by manifest.
3183 silly tarball no local data for function-bind@https://registry.npmjs.org/function-bind/-/function-bind-1.1.2.tgz. Extracting by manifest.
3184 silly tarball no local data for define-data-property@https://registry.npmjs.org/define-data-property/-/define-data-property-1.1.4.tgz. Extracting by manifest.
3185 silly tarball no local data for has-property-descriptors@https://registry.npmjs.org/has-property-descriptors/-/has-property-descriptors-1.0.2.tgz. Extracting by manifest.
3186 silly tarball no local data for set-function-length@https://registry.npmjs.org/set-function-length/-/set-function-length-1.2.2.tgz. Extracting by manifest.
3187 silly tarball no local data for es-shim-unscopables@https://registry.npmjs.org/es-shim-unscopables/-/es-shim-unscopables-1.1.0.tgz. Extracting by manifest.
3188 silly tarball no local data for es-define-property@https://registry.npmjs.org/es-define-property/-/es-define-property-1.0.1.tgz. Extracting by manifest.
3189 silly tarball no local data for is-string@https://registry.npmjs.org/is-string/-/is-string-1.1.1.tgz. Extracting by manifest.
3190 silly tarball no local data for math-intrinsics@https://registry.npmjs.org/math-intrinsics/-/math-intrinsics-1.1.0.tgz. Extracting by manifest.
3191 silly tarball no local data for call-bind-apply-helpers@https://registry.npmjs.org/call-bind-apply-helpers/-/call-bind-apply-helpers-1.0.2.tgz. Extracting by manifest.
3192 silly tarball no local data for es-errors@https://registry.npmjs.org/es-errors/-/es-errors-1.3.0.tgz. Extracting by manifest.
3193 silly tarball no local data for get-intrinsic@https://registry.npmjs.org/get-intrinsic/-/get-intrinsic-1.3.0.tgz. Extracting by manifest.
3194 silly tarball no local data for es-abstract@https://registry.npmjs.org/es-abstract/-/es-abstract-1.24.2.tgz. Extracting by manifest.
3195 silly tarball no local data for es-object-atoms@https://registry.npmjs.org/es-object-atoms/-/es-object-atoms-1.1.2.tgz. Extracting by manifest.
3196 silly tarball no local data for tsconfig-paths@https://registry.npmjs.org/tsconfig-paths/-/tsconfig-paths-3.15.0.tgz. Extracting by manifest.
3197 silly tarball no local data for call-bind@https://registry.npmjs.org/call-bind/-/call-bind-1.0.9.tgz. Extracting by manifest.
3198 silly tarball no local data for call-bound@https://registry.npmjs.org/call-bound/-/call-bound-1.0.4.tgz. Extracting by manifest.
3199 silly tarball no local data for string.prototype.trimend@https://registry.npmjs.org/string.prototype.trimend/-/string.prototype.trimend-1.0.10.tgz. Extracting by manifest.
3200 silly tarball no local data for object.values@https://registry.npmjs.org/object.values/-/object.values-1.2.1.tgz. Extracting by manifest.
3201 silly tarball no local data for define-properties@https://registry.npmjs.org/define-properties/-/define-properties-1.2.1.tgz. Extracting by manifest.
3202 silly tarball no local data for object.groupby@https://registry.npmjs.org/object.groupby/-/object.groupby-1.0.3.tgz. Extracting by manifest.
3203 silly tarball no local data for eslint-module-utils@https://registry.npmjs.org/eslint-module-utils/-/eslint-module-utils-2.14.0.tgz. Extracting by manifest.
3204 silly tarball no local data for hasown@https://registry.npmjs.org/hasown/-/hasown-2.0.4.tgz. Extracting by manifest.
3205 silly tarball no local data for object.fromentries@https://registry.npmjs.org/object.fromentries/-/object.fromentries-2.0.8.tgz. Extracting by manifest.
3206 silly tarball no local data for array.prototype.flatmap@https://registry.npmjs.org/array.prototype.flatmap/-/array.prototype.flatmap-1.3.3.tgz. Extracting by manifest.
3207 silly tarball no local data for array.prototype.flat@https://registry.npmjs.org/array.prototype.flat/-/array.prototype.flat-1.3.3.tgz. Extracting by manifest.
3208 silly tarball no local data for @rtsao/scc@https://registry.npmjs.org/@rtsao/scc/-/scc-1.1.0.tgz. Extracting by manifest.
3209 silly tarball no local data for unrs-resolver@https://registry.npmjs.org/unrs-resolver/-/unrs-resolver-1.12.2.tgz. Extracting by manifest.
3210 silly tarball no local data for array.prototype.findlastindex@https://registry.npmjs.org/array.prototype.findlastindex/-/array.prototype.findlastindex-1.2.6.tgz. Extracting by manifest.
3211 silly tarball no local data for array-includes@https://registry.npmjs.org/array-includes/-/array-includes-3.1.9.tgz. Extracting by manifest.
3212 silly tarball no local data for is-bun-module@https://registry.npmjs.org/is-bun-module/-/is-bun-module-2.0.0.tgz. Extracting by manifest.
3213 silly tarball no local data for get-tsconfig@https://registry.npmjs.org/get-tsconfig/-/get-tsconfig-4.14.3.tgz. Extracting by manifest.
3214 silly tarball no local data for tinyglobby@https://registry.npmjs.org/tinyglobby/-/tinyglobby-0.2.17.tgz. Extracting by manifest.
3215 silly tarball no local data for @nolyfill/is-core-module@https://registry.npmjs.org/@nolyfill/is-core-module/-/is-core-module-1.0.39.tgz. Extracting by manifest.
3216 silly tarball no local data for stable-hash@https://registry.npmjs.org/stable-hash/-/stable-hash-0.0.5.tgz. Extracting by manifest.
3217 silly tarball no local data for semver@https://registry.npmjs.org/semver/-/semver-7.8.5.tgz. Extracting by manifest.
3218 silly tarball no local data for is-core-module@https://registry.npmjs.org/is-core-module/-/is-core-module-2.16.2.tgz. Extracting by manifest.
3219 silly tarball no local data for @typescript-eslint/tsconfig-utils@https://registry.npmjs.org/@typescript-eslint/tsconfig-utils/-/tsconfig-utils-8.68.0.tgz. Extracting by manifest.
3220 silly tarball no local data for @typescript-eslint/project-service@https://registry.npmjs.org/@typescript-eslint/project-service/-/project-service-8.68.0.tgz. Extracting by manifest.
3221 silly tarball no local data for @typescript-eslint/types@https://registry.npmjs.org/@typescript-eslint/types/-/types-8.68.0.tgz. Extracting by manifest.
3222 silly tarball no local data for @typescript-eslint/typescript-estree@https://registry.npmjs.org/@typescript-eslint/typescript-estree/-/typescript-estree-8.68.0.tgz. Extracting by manifest.
3223 silly tarball no local data for @typescript-eslint/visitor-keys@https://registry.npmjs.org/@typescript-eslint/visitor-keys/-/visitor-keys-8.68.0.tgz. Extracting by manifest.
3224 silly tarball no local data for @typescript-eslint/scope-manager@https://registry.npmjs.org/@typescript-eslint/scope-manager/-/scope-manager-8.68.0.tgz. Extracting by manifest.
3225 silly tarball no local data for resolve@https://registry.npmjs.org/resolve/-/resolve-2.0.0-next.7.tgz. Extracting by manifest.
3226 silly tarball no local data for ts-api-utils@https://registry.npmjs.org/ts-api-utils/-/ts-api-utils-2.5.0.tgz. Extracting by manifest.
3227 silly tarball no local data for eslint-plugin-react-hooks@https://registry.npmjs.org/eslint-plugin-react-hooks/-/eslint-plugin-react-hooks-5.0.0-canary-7118f5dd7-20230705.tgz. Extracting by manifest.
3228 silly tarball no local data for eslint-plugin-react@https://registry.npmjs.org/eslint-plugin-react/-/eslint-plugin-react-7.37.5.tgz. Extracting by manifest.
3229 silly tarball no local data for eslint-plugin-import@https://registry.npmjs.org/eslint-plugin-import/-/eslint-plugin-import-2.32.0.tgz. Extracting by manifest.
3230 silly tarball no local data for @typescript-eslint/type-utils@https://registry.npmjs.org/@typescript-eslint/type-utils/-/type-utils-8.68.0.tgz. Extracting by manifest.
3231 silly tarball no local data for eslint-import-resolver-typescript@https://registry.npmjs.org/eslint-import-resolver-typescript/-/eslint-import-resolver-typescript-3.10.1.tgz. Extracting by manifest.
3232 silly tarball no local data for @typescript-eslint/utils@https://registry.npmjs.org/@typescript-eslint/utils/-/utils-8.68.0.tgz. Extracting by manifest.
3233 silly tarball no local data for glob@https://registry.npmjs.org/glob/-/glob-10.3.10.tgz. Extracting by manifest.
3234 silly tarball no local data for eslint-plugin-jsx-a11y@https://registry.npmjs.org/eslint-plugin-jsx-a11y/-/eslint-plugin-jsx-a11y-6.10.2.tgz. Extracting by manifest.
3235 silly tarball no local data for eslint-import-resolver-node@https://registry.npmjs.org/eslint-import-resolver-node/-/eslint-import-resolver-node-0.3.10.tgz. Extracting by manifest.
3236 silly tarball no local data for typescript@https://registry.npmjs.org/typescript/-/typescript-6.0.3.tgz. Extracting by manifest.
3237 silly tarball no local data for @typescript-eslint/parser@https://registry.npmjs.org/@typescript-eslint/parser/-/parser-8.68.0.tgz. Extracting by manifest.
3238 silly tarball no local data for @rushstack/eslint-patch@https://registry.npmjs.org/@rushstack/eslint-patch/-/eslint-patch-1.16.1.tgz. Extracting by manifest.
3239 silly tarball no local data for @next/eslint-plugin-next@https://registry.npmjs.org/@next/eslint-plugin-next/-/eslint-plugin-next-14.2.35.tgz. Extracting by manifest.
3240 silly tarball no local data for @typescript-eslint/eslint-plugin@https://registry.npmjs.org/@typescript-eslint/eslint-plugin/-/eslint-plugin-8.68.0.tgz. Extracting by manifest.
3241 silly tarball no local data for which@https://registry.npmjs.org/which/-/which-2.0.2.tgz. Extracting by manifest.
3242 silly tarball no local data for shebang-command@https://registry.npmjs.org/shebang-command/-/shebang-command-2.0.0.tgz. Extracting by manifest.
3243 silly tarball no local data for ms@https://registry.npmjs.org/ms/-/ms-2.1.3.tgz. Extracting by manifest.
3244 silly tarball no local data for path-key@https://registry.npmjs.org/path-key/-/path-key-3.1.1.tgz. Extracting by manifest.
3245 silly tarball no local data for color-name@https://registry.npmjs.org/color-name/-/color-name-1.1.4.tgz. Extracting by manifest.
3246 silly tarball no local data for ansi-styles@https://registry.npmjs.org/ansi-styles/-/ansi-styles-4.3.0.tgz. Extracting by manifest.
3247 silly tarball no local data for supports-color@https://registry.npmjs.org/supports-color/-/supports-color-7.2.0.tgz. Extracting by manifest.
3248 silly tarball no local data for json-schema-traverse@https://registry.npmjs.org/json-schema-traverse/-/json-schema-traverse-0.4.1.tgz. Extracting by manifest.
3249 silly tarball no local data for color-convert@https://registry.npmjs.org/color-convert/-/color-convert-2.0.1.tgz. Extracting by manifest.
3250 silly tarball no local data for fast-json-stable-stringify@https://registry.npmjs.org/fast-json-stable-stringify/-/fast-json-stable-stringify-2.1.0.tgz. Extracting by manifest.
3251 silly tarball no local data for uri-js@https://registry.npmjs.org/uri-js/-/uri-js-4.4.1.tgz. Extracting by manifest.
3252 silly tarball no local data for @nodelib/fs.stat@https://registry.npmjs.org/@nodelib/fs.stat/-/fs.stat-2.0.5.tgz. Extracting by manifest.
3253 silly tarball no local data for fastq@https://registry.npmjs.org/fastq/-/fastq-1.20.3.tgz. Extracting by manifest.
3254 silly tarball no local data for strip-json-comments@https://registry.npmjs.org/strip-json-comments/-/strip-json-comments-3.1.1.tgz. Extracting by manifest.
3255 silly tarball no local data for @nodelib/fs.scandir@https://registry.npmjs.org/@nodelib/fs.scandir/-/fs.scandir-2.1.5.tgz. Extracting by manifest.
3256 silly tarball no local data for @humanwhocodes/object-schema@https://registry.npmjs.org/@humanwhocodes/object-schema/-/object-schema-2.0.3.tgz. Extracting by manifest.
3257 silly tarball no local data for import-fresh@https://registry.npmjs.org/import-fresh/-/import-fresh-3.3.1.tgz. Extracting by manifest.
3258 silly tarball no local data for text-table@https://registry.npmjs.org/text-table/-/text-table-0.2.0.tgz. Extracting by manifest.
3259 silly tarball no local data for strip-ansi@https://registry.npmjs.org/strip-ansi/-/strip-ansi-6.0.1.tgz. Extracting by manifest.
3260 silly tarball no local data for lodash.merge@https://registry.npmjs.org/lodash.merge/-/lodash.merge-4.6.2.tgz. Extracting by manifest.
3261 silly tarball no local data for optionator@https://registry.npmjs.org/optionator/-/optionator-0.9.4.tgz. Extracting by manifest.
3262 silly tarball no local data for natural-compare@https://registry.npmjs.org/natural-compare/-/natural-compare-1.4.0.tgz. Extracting by manifest.
3263 silly tarball no local data for levn@https://registry.npmjs.org/levn/-/levn-0.4.1.tgz. Extracting by manifest.
3264 silly tarball no local data for minimatch@https://registry.npmjs.org/minimatch/-/minimatch-3.1.5.tgz. Extracting by manifest.
3265 silly tarball no local data for js-yaml@https://registry.npmjs.org/js-yaml/-/js-yaml-4.3.2.tgz. Extracting by manifest.
3266 silly tarball no local data for json-stable-stringify-without-jsonify@https://registry.npmjs.org/json-stable-stringify-without-jsonify/-/json-stable-stringify-without-jsonify-1.0.1.tgz. Extracting by manifest.
3267 silly tarball no local data for run-parallel@https://registry.npmjs.org/run-parallel/-/run-parallel-1.2.0.tgz. Extracting by manifest.
3268 silly tarball no local data for is-path-inside@https://registry.npmjs.org/is-path-inside/-/is-path-inside-3.0.3.tgz. Extracting by manifest.
3269 silly tarball no local data for ignore@https://registry.npmjs.org/ignore/-/ignore-5.3.2.tgz. Extracting by manifest.
3270 silly tarball no local data for is-glob@https://registry.npmjs.org/is-glob/-/is-glob-4.0.3.tgz. Extracting by manifest.
3271 silly tarball no local data for imurmurhash@https://registry.npmjs.org/imurmurhash/-/imurmurhash-0.1.4.tgz. Extracting by manifest.
3272 silly tarball no local data for find-up@https://registry.npmjs.org/find-up/-/find-up-5.0.0.tgz. Extracting by manifest.
3273 silly tarball no local data for glob-parent@https://registry.npmjs.org/glob-parent/-/glob-parent-6.0.2.tgz. Extracting by manifest.
3274 silly tarball no local data for globals@https://registry.npmjs.org/globals/-/globals-13.24.0.tgz. Extracting by manifest.
3275 silly tarball no local data for graphemer@https://registry.npmjs.org/graphemer/-/graphemer-1.4.0.tgz. Extracting by manifest.
3276 silly tarball no local data for fast-deep-equal@https://registry.npmjs.org/fast-deep-equal/-/fast-deep-equal-3.1.3.tgz. Extracting by manifest.
3277 silly tarball no local data for file-entry-cache@https://registry.npmjs.org/file-entry-cache/-/file-entry-cache-6.0.1.tgz. Extracting by manifest.
3278 silly tarball no local data for esutils@https://registry.npmjs.org/esutils/-/esutils-2.0.3.tgz. Extracting by manifest.
3279 silly tarball no local data for espree@https://registry.npmjs.org/espree/-/espree-9.6.1.tgz. Extracting by manifest.
3280 silly tarball no local data for eslint-visitor-keys@https://registry.npmjs.org/eslint-visitor-keys/-/eslint-visitor-keys-3.4.3.tgz. Extracting by manifest.
3281 silly tarball no local data for doctrine@https://registry.npmjs.org/doctrine/-/doctrine-3.0.0.tgz. Extracting by manifest.
3282 silly tarball no local data for eslint-scope@https://registry.npmjs.org/eslint-scope/-/eslint-scope-7.2.2.tgz. Extracting by manifest.
3283 silly tarball no local data for esquery@https://registry.npmjs.org/esquery/-/esquery-1.7.0.tgz. Extracting by manifest.
3284 silly tarball no local data for debug@https://registry.npmjs.org/debug/-/debug-4.4.3.tgz. Extracting by manifest.
3285 silly tarball no local data for chalk@https://registry.npmjs.org/chalk/-/chalk-4.1.2.tgz. Extracting by manifest.
3286 silly tarball no local data for @ungap/structured-clone@https://registry.npmjs.org/@ungap/structured-clone/-/structured-clone-1.4.0.tgz. Extracting by manifest.
3287 silly tarball no local data for ajv@https://registry.npmjs.org/ajv/-/ajv-6.15.0.tgz. Extracting by manifest.
3288 silly tarball no local data for cross-spawn@https://registry.npmjs.org/cross-spawn/-/cross-spawn-7.0.6.tgz. Extracting by manifest.
3289 silly tarball no local data for @humanwhocodes/config-array@https://registry.npmjs.org/@humanwhocodes/config-array/-/config-array-0.13.0.tgz. Extracting by manifest.
3290 silly tarball no local data for @humanwhocodes/module-importer@https://registry.npmjs.org/@humanwhocodes/module-importer/-/module-importer-1.0.1.tgz. Extracting by manifest.
3291 silly tarball no local data for @nodelib/fs.walk@https://registry.npmjs.org/@nodelib/fs.walk/-/fs.walk-1.2.8.tgz. Extracting by manifest.
3292 silly tarball no local data for @eslint/js@https://registry.npmjs.org/@eslint/js/-/js-8.57.1.tgz. Extracting by manifest.
3293 silly tarball no local data for @eslint/eslintrc@https://registry.npmjs.org/@eslint/eslintrc/-/eslintrc-2.1.4.tgz. Extracting by manifest.
3294 silly tarball no local data for @eslint-community/eslint-utils@https://registry.npmjs.org/@eslint-community/eslint-utils/-/eslint-utils-4.10.1.tgz. Extracting by manifest.
3295 silly tarball no local data for @eslint-community/regexpp@https://registry.npmjs.org/@eslint-community/regexpp/-/regexpp-4.12.2.tgz. Extracting by manifest.
3296 silly tarball no local data for react-intersection-observer@https://registry.npmjs.org/react-intersection-observer/-/react-intersection-observer-11.0.1.tgz. Extracting by manifest.
3297 silly tarball no local data for react-dom@https://registry.npmjs.org/react-dom/-/react-dom-18.3.1.tgz. Extracting by manifest.
3298 silly tarball no local data for postcss@https://registry.npmjs.org/postcss/-/postcss-8.5.26.tgz. Extracting by manifest.
3299 silly tarball no local data for escape-string-regexp@https://registry.npmjs.org/escape-string-regexp/-/escape-string-regexp-4.0.0.tgz. Extracting by manifest.
3300 silly tarball no local data for mongoose@https://registry.npmjs.org/mongoose/-/mongoose-9.9.4.tgz. Extracting by manifest.
3301 silly tarball no local data for tailwindcss@https://registry.npmjs.org/tailwindcss/-/tailwindcss-3.4.19.tgz. Extracting by manifest.
3302 silly tarball no local data for react@https://registry.npmjs.org/react/-/react-18.3.1.tgz. Extracting by manifest.
3303 silly tarball no local data for next@https://registry.npmjs.org/next/-/next-14.2.35.tgz. Extracting by manifest.
3304 silly tarball no local data for lucide-react@https://registry.npmjs.org/lucide-react/-/lucide-react-1.37.0.tgz. Extracting by manifest.
3305 silly tarball no local data for eslint-config-next@https://registry.npmjs.org/eslint-config-next/-/eslint-config-next-14.2.35.tgz. Extracting by manifest.
3306 silly tarball no local data for framer-motion@https://registry.npmjs.org/framer-motion/-/framer-motion-13.1.1.tgz. Extracting by manifest.
3307 silly tarball no local data for eslint@https://registry.npmjs.org/eslint/-/eslint-8.57.1.tgz. Extracting by manifest.
3308 silly tarball no local data for glob-parent@https://registry.npmjs.org/glob-parent/-/glob-parent-5.1.2.tgz. Extracting by manifest.
3309 silly tarball no local data for resolve@https://registry.npmjs.org/resolve/-/resolve-1.22.12.tgz. Extracting by manifest.
3310 silly tarball no local data for semver@https://registry.npmjs.org/semver/-/semver-6.3.1.tgz. Extracting by manifest.
3311 silly tarball no local data for glob-parent@https://registry.npmjs.org/glob-parent/-/glob-parent-5.1.2.tgz. Extracting by manifest.
3312 silly tarball no local data for emoji-regex@https://registry.npmjs.org/emoji-regex/-/emoji-regex-8.0.0.tgz. Extracting by manifest.
3313 silly tarball no local data for string-width@https://registry.npmjs.org/string-width/-/string-width-4.2.3.tgz. Extracting by manifest.
3314 silly tarball no local data for ansi-regex@https://registry.npmjs.org/ansi-regex/-/ansi-regex-6.3.0.tgz. Extracting by manifest.
3315 silly tarball no local data for strip-ansi@https://registry.npmjs.org/strip-ansi/-/strip-ansi-7.2.0.tgz. Extracting by manifest.
3316 silly tarball no local data for ansi-styles@https://registry.npmjs.org/ansi-styles/-/ansi-styles-6.2.3.tgz. Extracting by manifest.
3317 silly tarball no local data for ansi-regex@https://registry.npmjs.org/ansi-regex/-/ansi-regex-6.3.0.tgz. Extracting by manifest.
3318 silly tarball no local data for glob@https://registry.npmjs.org/glob/-/glob-7.2.3.tgz. Extracting by manifest.
3319 silly tarball no local data for strip-ansi@https://registry.npmjs.org/strip-ansi/-/strip-ansi-7.2.0.tgz. Extracting by manifest.
3320 silly tarball no local data for strip-ansi@https://registry.npmjs.org/strip-ansi/-/strip-ansi-7.2.0.tgz. Extracting by manifest.
3321 silly tarball no local data for ansi-regex@https://registry.npmjs.org/ansi-regex/-/ansi-regex-6.3.0.tgz. Extracting by manifest.
3322 silly tarball no local data for picomatch@https://registry.npmjs.org/picomatch/-/picomatch-4.0.7.tgz. Extracting by manifest.
3323 silly tarball no local data for fdir@https://registry.npmjs.org/fdir/-/fdir-6.5.0.tgz. Extracting by manifest.
3324 silly tarball no local data for emoji-regex@https://registry.npmjs.org/emoji-regex/-/emoji-regex-8.0.0.tgz. Extracting by manifest.
3325 silly tarball no local data for brace-expansion@https://registry.npmjs.org/brace-expansion/-/brace-expansion-5.0.9.tgz. Extracting by manifest.
3326 silly tarball no local data for debug@https://registry.npmjs.org/debug/-/debug-3.2.7.tgz. Extracting by manifest.
3327 silly tarball no local data for eslint-visitor-keys@https://registry.npmjs.org/eslint-visitor-keys/-/eslint-visitor-keys-5.0.1.tgz. Extracting by manifest.
3328 silly tarball no local data for brace-expansion@https://registry.npmjs.org/brace-expansion/-/brace-expansion-2.1.4.tgz. Extracting by manifest.
3329 silly tarball no local data for minimatch@https://registry.npmjs.org/minimatch/-/minimatch-10.2.6.tgz. Extracting by manifest.
3330 silly tarball no local data for doctrine@https://registry.npmjs.org/doctrine/-/doctrine-2.1.0.tgz. Extracting by manifest.
3331 silly tarball no local data for balanced-match@https://registry.npmjs.org/balanced-match/-/balanced-match-4.0.4.tgz. Extracting by manifest.
3332 silly tarball no local data for semver@https://registry.npmjs.org/semver/-/semver-6.3.1.tgz. Extracting by manifest.
3333 silly tarball no local data for semver@https://registry.npmjs.org/semver/-/semver-6.3.1.tgz. Extracting by manifest.
3334 silly tarball no local data for debug@https://registry.npmjs.org/debug/-/debug-3.2.7.tgz. Extracting by manifest.
3335 silly tarball no local data for minimatch@https://registry.npmjs.org/minimatch/-/minimatch-9.0.9.tgz. Extracting by manifest.
3336 silly tarball no local data for doctrine@https://registry.npmjs.org/doctrine/-/doctrine-2.1.0.tgz. Extracting by manifest.
3337 silly tarball no local data for debug@https://registry.npmjs.org/debug/-/debug-3.2.7.tgz. Extracting by manifest.
3338 silly tarball no local data for postcss@https://registry.npmjs.org/postcss/-/postcss-8.4.31.tgz. Extracting by manifest.
3339 silly tarball no local data for resolve@https://registry.npmjs.org/resolve/-/resolve-1.22.12.tgz. Extracting by manifest.
3340 silly tarball no local data for ignore@https://registry.npmjs.org/ignore/-/ignore-7.0.7.tgz. Extracting by manifest.
3341 http fetch GET 200 https://registry.npmjs.org/is-weakset/-/is-weakset-2.0.4.tgz 117ms (cache miss)
3342 http fetch GET 200 https://registry.npmjs.org/once/-/once-1.4.0.tgz 119ms (cache miss)
3343 http fetch GET 200 https://registry.npmjs.org/path-is-absolute/-/path-is-absolute-1.0.1.tgz 119ms (cache miss)
3344 http fetch GET 200 https://registry.npmjs.org/wrappy/-/wrappy-1.0.2.tgz 119ms (cache miss)
3345 http fetch GET 200 https://registry.npmjs.org/fs.realpath/-/fs.realpath-1.0.0.tgz 118ms (cache miss)
3346 http fetch GET 200 https://registry.npmjs.org/inflight/-/inflight-1.0.6.tgz 129ms (cache miss)
3347 warn deprecated inflight@1.0.6: This module is not supported, and leaks memory. Do not use it. Check out lru-cache if you want a good and tested way to coalesce async requests by a key value, which is much more comprehensive and powerful.
3348 http fetch GET 200 https://registry.npmjs.org/inherits/-/inherits-2.0.4.tgz 147ms (cache miss)
3349 http fetch GET 200 https://registry.npmjs.org/is-weakmap/-/is-weakmap-2.0.2.tgz 163ms (cache miss)
3350 http fetch GET 200 https://registry.npmjs.org/is-bigint/-/is-bigint-1.1.0.tgz 195ms (cache miss)
3351 http fetch GET 200 https://registry.npmjs.org/isexe/-/isexe-2.0.0.tgz 238ms (cache miss)
3352 http fetch GET 200 https://registry.npmjs.org/webidl-conversions/-/webidl-conversions-7.0.0.tgz 238ms (cache miss)
3353 http fetch GET 200 https://registry.npmjs.org/is-boolean-object/-/is-boolean-object-1.2.2.tgz 240ms (cache miss)
3354 http fetch GET 200 https://registry.npmjs.org/tr46/-/tr46-5.1.1.tgz 252ms (cache miss)
3355 http fetch GET 200 https://registry.npmjs.org/is-finalizationregistry/-/is-finalizationregistry-1.1.1.tgz 274ms (cache miss)
3356 http fetch GET 200 https://registry.npmjs.org/punycode/-/punycode-2.3.1.tgz 294ms (cache miss)
3357 http fetch GET 200 https://registry.npmjs.org/is-number-object/-/is-number-object-1.1.1.tgz 307ms (cache miss)
3358 http fetch GET 200 https://registry.npmjs.org/is-async-function/-/is-async-function-2.1.1.tgz 309ms (cache miss)
3359 http fetch GET 200 https://registry.npmjs.org/generator-function/-/generator-function-2.0.1.tgz 313ms (cache miss)
3360 http fetch GET 200 https://registry.npmjs.org/is-map/-/is-map-2.0.3.tgz 313ms (cache miss)
3361 http fetch GET 200 https://registry.npmjs.org/is-generator-function/-/is-generator-function-1.1.2.tgz 315ms (cache miss)
3362 http fetch GET 200 https://registry.npmjs.org/which-collection/-/which-collection-1.0.2.tgz 320ms (cache miss)
3363 http fetch GET 200 https://registry.npmjs.org/async-function/-/async-function-1.0.0.tgz 345ms (cache miss)
3364 http fetch POST 200 https://registry.npmjs.org/-/npm/v1/security/advisories/bulk 387ms
3365 silly audit report {
3365 silly audit report   next: [
3365 silly audit report     {
3365 silly audit report       id: 1117931,
3365 silly audit report       url: 'https://github.com/advisories/GHSA-8h8q-6873-q5fj',
3365 silly audit report       title: 'Next.js Vulnerable to Denial of Service with Server Components',
3365 silly audit report       severity: 'high',
3365 silly audit report       vulnerable_versions: '>=13.0.0 <15.5.16',
3365 silly audit report       cwe: [Array],
3365 silly audit report       cvss: [Object]
3365 silly audit report     },
3365 silly audit report     {
3365 silly audit report       id: 1118942,
3365 silly audit report       url: 'https://github.com/advisories/GHSA-3g8h-86w9-wvmq',
3365 silly audit report       title: "Next.js's Middleware / Proxy redirects can be cache-poisoned",
3365 silly audit report       severity: 'low',
3365 silly audit report       vulnerable_versions: '>=12.2.0 <15.5.16',
3365 silly audit report       cwe: [Array],
3365 silly audit report       cvss: [Object]
3365 silly audit report     },
3365 silly audit report     {
3365 silly audit report       id: 1118944,
3365 silly audit report       url: 'https://github.com/advisories/GHSA-ffhc-5mcf-pf4q',
3365 silly audit report       title: 'Next.js vulnerable to cross-site scripting in App Router applications using CSP nonces',
3365 silly audit report       severity: 'moderate',
3365 silly audit report       vulnerable_versions: '>=13.4.0 <15.5.16',
3365 silly audit report       cwe: [Array],
3365 silly audit report       cvss: [Object]
3365 silly audit report     },
3365 silly audit report     {
3365 silly audit report       id: 1118946,
3365 silly audit report       url: 'https://github.com/advisories/GHSA-vfv6-92ff-j949',
3365 silly audit report       title: 'Next.js vulnerable to cache poisoning via collisions in React Server Component cache-busting',
3365 silly audit report       severity: 'low',
3365 silly audit report       vulnerable_versions: '>=13.4.6 <15.5.16',
3365 silly audit report       cwe: [Array],
3365 silly audit report       cvss: [Object]
3365 silly audit report     },
3365 silly audit report     {
3365 silly audit report       id: 1118948,
3365 silly audit report       url: 'https://github.com/advisories/GHSA-gx5p-jg67-6x7h',
3365 silly audit report       title: 'Next.js has cross-site scripting in beforeInteractive scripts with untrusted input',
3365 silly audit report       severity: 'moderate',
3365 silly audit report       vulnerable_versions: '>=13.0.0 <15.5.16',
3365 silly audit report       cwe: [Array],
3365 silly audit report       cvss: [Object]
3365 silly audit report     },
3365 silly audit report     {
3365 silly audit report       id: 1118952,
3365 silly audit report       url: 'https://github.com/advisories/GHSA-h64f-5h5j-jqjh',
3365 silly audit report       title: 'Next.js has a Denial of Service in the Image Optimization API',
3365 silly audit report       severity: 'moderate',
3365 silly audit report       vulnerable_versions: '>=10.0.0 <15.5.16',
3365 silly audit report       cwe: [Array],
3365 silly audit report       cvss: [Object]
3365 silly audit report     },
3365 silly audit report     {
3365 silly audit report       id: 1118954,
3365 silly audit report       url: 'https://github.com/advisories/GHSA-c4j6-fc7j-m34r',
3365 silly audit report       title: 'Next.js vulnerable to server-side request forgery in applications using WebSocket upgrades',
3365 silly audit report       severity: 'high',
3365 silly audit report       vulnerable_versions: '>=13.4.13 <15.5.16',
3365 silly audit report       cwe: [Array],
3365 silly audit report       cvss: [Object]
3365 silly audit report     },
3365 silly audit report     {
3365 silly audit report       id: 1118958,
3365 silly audit report       url: 'https://github.com/advisories/GHSA-wfc6-r584-vfw7',
3365 silly audit report       title: 'Next.js vulnerable to cache poisoning in React Server Component responses',
3365 silly audit report       severity: 'moderate',
3365 silly audit report       vulnerable_versions: '>=14.2.0 <15.5.16',
3365 silly audit report       cwe: [Array],
3365 silly audit report       cvss: [Object]
3365 silly audit report     },
3365 silly audit report     {
3365 silly audit report       id: 1118962,
3365 silly audit report       url: 'https://github.com/advisories/GHSA-36qx-fr4f-26g5',
3365 silly audit report       title: 'Next.js has a Middleware / Proxy bypass in Pages Router applications using i18n',
3365 silly audit report       severity: 'high',
3365 silly audit report       vulnerable_versions: '>=12.2.0 <15.5.16',
3365 silly audit report       cwe: [Array],
3365 silly audit report       cvss: [Object]
3365 silly audit report     },
3365 silly audit report     {
3365 silly audit report       id: 1112593,
3365 silly audit report       url: 'https://github.com/advisories/GHSA-9g9p-9gw9-jx7f',
3365 silly audit report       title: 'Next.js self-hosted applications vulnerable to DoS via Image Optimizer remotePatterns configuration',
3365 silly audit report       severity: 'moderate',
3365 silly audit report       vulnerable_versions: '>=10.0.0 <15.5.10',
3365 silly audit report       cwe: [Array],
3365 silly audit report       cvss: [Object]
3365 silly audit report     },
3365 silly audit report     {
3365 silly audit report       id: 1112653,
3365 silly audit report       url: 'https://github.com/advisories/GHSA-h25m-26qc-wcjf',
3365 silly audit report       title: 'Next.js HTTP request deserialization can lead to DoS when using insecure React Server Components',
3365 silly audit report       severity: 'high',
3365 silly audit report       vulnerable_versions: '>=13.0.0 <15.0.8',
3365 silly audit report       cwe: [Array],
3365 silly audit report       cvss: [Object]
3365 silly audit report     },
3365 silly audit report     {
3365 silly audit report       id: 1114897,
3365 silly audit report       url: 'https://github.com/advisories/GHSA-ggv3-7p47-pfv8',
3365 silly audit report       title: 'Next.js: HTTP request smuggling in rewrites',
3365 silly audit report       severity: 'moderate',
3365 silly audit report       vulnerable_versions: '>=9.5.0 <15.5.13',
3365 silly audit report       cwe: [Array],
3365 silly audit report       cvss: [Object]
3365 silly audit report     },
3365 silly audit report     {
3365 silly audit report       id: 1114940,
3365 silly audit report       url: 'https://github.com/advisories/GHSA-3x4c-7xq6-9pq8',
3365 silly audit report       title: 'Next.js: Unbounded next/image disk cache growth can exhaust storage',
3365 silly audit report       severity: 'moderate',
3365 silly audit report       vulnerable_versions: '>=10.0.0 <15.5.14',
3365 silly audit report       cwe: [Array],
3365 silly audit report       cvss: [Object]
3365 silly audit report     },
3365 silly audit report     {
3365 silly audit report       id: 1116376,
3365 silly audit report       url: 'https://github.com/advisories/GHSA-q4gf-8mx6-v5v3',
3365 silly audit report       title: 'Next.js has a Denial of Service with Server Components',
3365 silly audit report       severity: 'high',
3365 silly audit report       vulnerable_versions: '>=13.0.0 <15.5.15',
3365 silly audit report       cwe: [Array],
3365 silly audit report       cvss: [Object]
3365 silly audit report     },
3365 silly audit report     {
3365 silly audit report       id: 1124185,
3365 silly audit report       url: 'https://github.com/advisories/GHSA-89xv-2m56-2m9x',
3365 silly audit report       title: 'Next.js: Server-Side Request Forgery in Server Actions on custom servers',
3365 silly audit report       severity: 'high',
3365 silly audit report       vulnerable_versions: '>=14.1.1 <15.5.21',
3365 silly audit report       cwe: [Array],
3365 silly audit report       cvss: [Object]
3365 silly audit report     },
3365 silly audit report     {
3365 silly audit report       id: 1124172,
3365 silly audit report       url: 'https://github.com/advisories/GHSA-m99w-x7hq-7vfj',
3365 silly audit report       title: 'Next.js: Denial of Service in App Router using Server Actions',
3365 silly audit report       severity: 'high',
3365 silly audit report       vulnerable_versions: '>=13.0.0 <15.5.21',
3365 silly audit report       cwe: [Array],
3365 silly audit report       cvss: [Object]
3365 silly audit report     },
3365 silly audit report     {
3365 silly audit report       id: 1124187,
3365 silly audit report       url: 'https://github.com/advisories/GHSA-68g3-v927-f742',
3365 silly audit report       title: 'Next.js: Cache confusion of response bodies for requests with bodies',
3365 silly audit report       severity: 'moderate',
3365 silly audit report       vulnerable_versions: '>=13.0.0 <15.5.21',
3365 silly audit report       cwe: [Array],
3365 silly audit report       cvss: [Object]
3365 silly audit report     },
3365 silly audit report     {
3365 silly audit report       id: 1124189,
3365 silly audit report       url: 'https://github.com/advisories/GHSA-4633-3j49-mh5q',
3365 silly audit report       title: 'Next.js: Cache confusion of response bodies for requests with bodies containing invalid UTF-8 byte sequences',
3365 silly audit report       severity: 'moderate',
3365 silly audit report       vulnerable_versions: '>=13.0.0 <15.5.21',
3365 silly audit report       cwe: [Array],
3365 silly audit report       cvss: [Object]
3365 silly audit report     },
3365 silly audit report     {
3365 silly audit report       id: 1124191,
3365 silly audit report       url: 'https://github.com/advisories/GHSA-4c39-4ccg-62r3',
3365 silly audit report       title: 'Next.js: Unbounded Server Action payload in Edge runtime',
3365 silly audit report       severity: 'moderate',
3365 silly audit report       vulnerable_versions: '>=13.0.0 <15.5.21',
3365 silly audit report       cwe: [Array],
3365 silly audit report       cvss: [Object]
3365 silly audit report     },
3365 silly audit report     {
3365 silly audit report       id: 1124193,
3365 silly audit report       url: 'https://github.com/advisories/GHSA-p9j2-gv94-2wf4',
3365 silly audit report       title: 'Next.js: Server-Side Request Forgery in rewrites via attacker-controlled destination hostname',
3365 silly audit report       severity: 'high',
3365 silly audit report       vulnerable_versions: '>=12.0.0 <15.5.21',
3365 silly audit report       cwe: [Array],
3365 silly audit report       cvss: [Object]
3365 silly audit report     },
3365 silly audit report     {
3365 silly audit report       id: 1124197,
3365 silly audit report       url: 'https://github.com/advisories/GHSA-955p-x3mx-jcvp',
3365 silly audit report       title: 'Next.js: Unauthenticated disclosure of internal Server Function endpoints',
3365 silly audit report       severity: 'moderate',
3365 silly audit report       vulnerable_versions: '>=13.0.0 <15.5.21',
3365 silly audit report       cwe: [Array],
3365 silly audit report       cvss: [Object]
3365 silly audit report     }
3365 silly audit report   ],
3365 silly audit report   postcss: [
3365 silly audit report     {
3365 silly audit report       id: 1130709,
3365 silly audit report       url: 'https://github.com/advisories/GHSA-fxqj-rqcc-2cmp',
3365 silly audit report       title: 'PostCSS: incomplete fix of GHSA-6g55-p6wh-862q — attacker-controlled sourceMappingURL reads arbitrary .map files when `from` is unset',
3365 silly audit report       severity: 'moderate',
3365 silly audit report       vulnerable_versions: '<=8.5.22',
3365 silly audit report       cwe: [Array],
3365 silly audit report       cvss: [Object]
3365 silly audit report     },
3365 silly audit report     {
3365 silly audit report       id: 1117015,
3365 silly audit report       url: 'https://github.com/advisories/GHSA-qx2v-qp2m-jg93',
3365 silly audit report       title: 'PostCSS has XSS via Unescaped </style> in its CSS Stringify Output',
3365 silly audit report       severity: 'moderate',
3365 silly audit report       vulnerable_versions: '<8.5.10',
3365 silly audit report       cwe: [Array],
3365 silly audit report       cvss: [Object]
3365 silly audit report     },
3365 silly audit report     {
3365 silly audit report       id: 1124252,
3365 silly audit report       url: 'https://github.com/advisories/GHSA-6g55-p6wh-862q',
3365 silly audit report       title: 'PostCSS: Arbitrary file read and information disclosure via attacker-controlled sourceMappingURL in CSS comments',
3365 silly audit report       severity: 'high',
3365 silly audit report       vulnerable_versions: '<=8.5.11',
3365 silly audit report       cwe: [Array],
3365 silly audit report       cvss: [Object]
3365 silly audit report     },
3365 silly audit report     {
3365 silly audit report       id: 1139510,
3365 silly audit report       url: 'https://github.com/advisories/GHSA-r28c-9q8g-f849',
3365 silly audit report       title: 'PostCSS: Path Traversal in Previous Source Map Auto-Loading (sourceMappingURL) leads to Arbitrary .map File Disclosure',
3365 silly audit report       severity: 'high',
3365 silly audit report       vulnerable_versions: '<=8.5.17',
3365 silly audit report       cwe: [Array],
3365 silly audit report       cvss: [Object]
3365 silly audit report     }
3365 silly audit report   ],
3365 silly audit report   glob: [
3365 silly audit report     {
3365 silly audit report       id: 1109842,
3365 silly audit report       url: 'https://github.com/advisories/GHSA-5j98-mcp5-4vw2',
3365 silly audit report       title: 'glob CLI: Command injection via -c/--cmd executes matches with shell:true',
3365 silly audit report       severity: 'high',
3365 silly audit report       vulnerable_versions: '>=10.2.0 <10.5.0',
3365 silly audit report       cwe: [Array],
3365 silly audit report       cvss: [Object]
3365 silly audit report     }
3365 silly audit report   ]
3365 silly audit report }
3366 silly packumentCache corgi:https://registry.npmjs.org/next cache-miss
3367 silly packumentCache corgi:https://registry.npmjs.org/postcss cache-miss
3368 silly packumentCache corgi:https://registry.npmjs.org/glob cache-miss
3369 http fetch GET 200 https://registry.npmjs.org/which-boxed-primitive/-/which-boxed-primitive-1.1.1.tgz 379ms (cache miss)
3370 http fetch GET 200 https://registry.npmjs.org/has-bigints/-/has-bigints-1.1.0.tgz 392ms (cache miss)
3371 http fetch GET 200 https://registry.npmjs.org/reflect.getprototypeof/-/reflect.getprototypeof-1.0.10.tgz 396ms (cache miss)
3372 http fetch GET 200 https://registry.npmjs.org/which-builtin-type/-/which-builtin-type-1.2.1.tgz 406ms (cache miss)
3373 http fetch GET 200 https://registry.npmjs.org/for-each/-/for-each-0.3.5.tgz 406ms (cache miss)
3374 http fetch GET 200 https://registry.npmjs.org/minimist/-/minimist-1.2.8.tgz 409ms (cache miss)
3375 http fetch GET 200 https://registry.npmjs.org/strip-bom/-/strip-bom-3.0.0.tgz 444ms (cache miss)
3376 http fetch GET 200 https://registry.npmjs.org/@types/json5/-/json5-0.0.29.tgz 445ms (cache miss)
3377 http fetch GET 200 https://registry.npmjs.org/is-number/-/is-number-7.0.0.tgz 473ms (cache miss)
3378 http fetch GET 200 https://registry.npmjs.org/json5/-/json5-1.0.2.tgz 474ms (cache miss)
3379 http fetch GET 200 https://registry.npmjs.org/thenify/-/thenify-3.3.1.tgz 489ms (cache miss)
3380 http fetch GET 200 https://registry.npmjs.org/napi-postinstall/-/napi-postinstall-0.3.4.tgz 490ms (cache miss)
3381 http fetch GET 200 https://registry.npmjs.org/any-promise/-/any-promise-1.3.0.tgz 499ms (cache miss)
3382 http fetch GET 200 https://registry.npmjs.org/thenify-all/-/thenify-all-1.6.0.tgz 532ms (cache miss)
3383 http fetch GET 200 https://registry.npmjs.org/mz/-/mz-2.7.0.tgz 558ms (cache miss)
3384 http fetch GET 200 https://registry.npmjs.org/@tybys/wasm-util/-/wasm-util-0.10.3.tgz 568ms (cache miss)
3385 http fetch GET 200 https://registry.npmjs.org/ts-interface-checker/-/ts-interface-checker-0.1.13.tgz 570ms (cache miss)
3386 http fetch GET 200 https://registry.npmjs.org/commander/-/commander-4.1.1.tgz 586ms (cache miss)
3387 http fetch GET 200 https://registry.npmjs.org/lines-and-columns/-/lines-and-columns-1.2.4.tgz 587ms (cache miss)
3388 http fetch GET 200 https://registry.npmjs.org/@emnapi/wasi-threads/-/wasi-threads-1.2.1.tgz 588ms (cache miss)
3389 http fetch GET 200 https://registry.npmjs.org/@emnapi/runtime/-/runtime-1.10.0.tgz 595ms (cache miss)
3390 http fetch GET 200 https://registry.npmjs.org/pirates/-/pirates-4.0.7.tgz 631ms (cache miss)
3391 http fetch GET 200 https://registry.npmjs.org/@napi-rs/wasm-runtime/-/wasm-runtime-1.2.3.tgz 641ms (cache miss)
3392 http fetch GET 200 https://registry.npmjs.org/read-cache/-/read-cache-1.0.2.tgz 650ms (cache miss)
3393 http fetch GET 200 https://registry.npmjs.org/cssesc/-/cssesc-3.0.0.tgz 652ms (cache miss)
3394 http fetch GET 200 https://registry.npmjs.org/util-deprecate/-/util-deprecate-1.0.2.tgz 660ms (cache miss)
3395 http fetch GET 200 https://registry.npmjs.org/camelcase-css/-/camelcase-css-2.0.1.tgz 669ms (cache miss)
3396 http fetch GET 200 https://registry.npmjs.org/binary-extensions/-/binary-extensions-2.3.0.tgz 680ms (cache miss)
3397 http fetch GET 200 https://registry.npmjs.org/postcss-value-parser/-/postcss-value-parser-4.2.0.tgz 695ms (cache miss)
3398 http fetch GET 200 https://registry.npmjs.org/to-regex-range/-/to-regex-range-5.0.1.tgz 712ms (cache miss)
3399 http fetch GET 200 https://registry.npmjs.org/fill-range/-/fill-range-7.1.1.tgz 720ms (cache miss)
3400 http fetch GET 200 https://registry.npmjs.org/merge2/-/merge2-1.4.1.tgz 725ms (cache miss)
3401 http fetch GET 200 https://registry.npmjs.org/picomatch/-/picomatch-2.3.2.tgz 730ms (cache miss)
3402 http fetch GET 200 https://registry.npmjs.org/is-binary-path/-/is-binary-path-2.1.0.tgz 737ms (cache miss)
3403 http fetch GET 200 https://registry.npmjs.org/@jridgewell/resolve-uri/-/resolve-uri-3.1.2.tgz 760ms (cache miss)
3404 http fetch GET 200 https://registry.npmjs.org/fsevents/-/fsevents-2.3.3.tgz 761ms (cache miss)
3405 http fetch GET 200 https://registry.npmjs.org/@jridgewell/sourcemap-codec/-/sourcemap-codec-1.6.0.tgz 762ms (cache miss)
3406 http fetch GET 200 https://registry.npmjs.org/anymatch/-/anymatch-3.1.3.tgz 762ms (cache miss)
3407 http fetch GET 200 https://registry.npmjs.org/readdirp/-/readdirp-3.6.0.tgz 772ms (cache miss)
3408 http fetch GET 200 https://registry.npmjs.org/object-hash/-/object-hash-3.0.0.tgz 815ms (cache miss)
3409 http fetch GET 200 https://registry.npmjs.org/postcss-nested/-/postcss-nested-6.2.0.tgz 821ms (cache miss)
3410 http fetch GET 200 https://registry.npmjs.org/braces/-/braces-3.0.3.tgz 821ms (cache miss)
3411 http fetch GET 200 https://registry.npmjs.org/@emnapi/core/-/core-1.10.0.tgz 824ms (cache miss)
3412 http fetch GET 200 https://registry.npmjs.org/postcss-import/-/postcss-import-15.1.0.tgz 824ms (cache miss)
3413 http fetch GET 200 https://registry.npmjs.org/@jridgewell/trace-mapping/-/trace-mapping-0.3.31.tgz 827ms (cache miss)
3414 http fetch GET 200 https://registry.npmjs.org/postcss-selector-parser/-/postcss-selector-parser-6.1.4.tgz 827ms (cache miss)
3415 http fetch GET 200 https://registry.npmjs.org/normalize-path/-/normalize-path-3.0.0.tgz 838ms (cache miss)
3416 http fetch GET 200 https://registry.npmjs.org/postcss-load-config/-/postcss-load-config-6.0.1.tgz 848ms (cache miss)
3417 http fetch GET 200 https://registry.npmjs.org/postcss-js/-/postcss-js-4.1.0.tgz 850ms (cache miss)
3418 http fetch GET 200 https://registry.npmjs.org/lilconfig/-/lilconfig-3.1.3.tgz 851ms (cache miss)
3419 http fetch GET 200 https://registry.npmjs.org/micromatch/-/micromatch-4.0.8.tgz 852ms (cache miss)
3420 http fetch GET 200 https://registry.npmjs.org/@jridgewell/gen-mapping/-/gen-mapping-0.3.13.tgz 855ms (cache miss)
3421 http fetch GET 200 https://registry.npmjs.org/didyoumean/-/didyoumean-1.2.2.tgz 863ms (cache miss)
3422 http fetch GET 200 https://registry.npmjs.org/chokidar/-/chokidar-3.6.0.tgz 893ms (cache miss)
3423 http fetch GET 200 https://registry.npmjs.org/dlv/-/dlv-1.1.3.tgz 895ms (cache miss)
3424 http fetch GET 200 https://registry.npmjs.org/arg/-/arg-5.0.2.tgz 918ms (cache miss)
3425 http fetch GET 200 https://registry.npmjs.org/has-flag/-/has-flag-4.0.0.tgz 919ms (cache miss)
3426 http fetch GET 200 https://registry.npmjs.org/is-fullwidth-code-point/-/is-fullwidth-code-point-3.0.0.tgz 920ms (cache miss)
3427 http fetch GET 200 https://registry.npmjs.org/client-only/-/client-only-0.0.1.tgz 932ms (cache miss)
3428 http fetch GET 200 https://registry.npmjs.org/side-channel-map/-/side-channel-map-1.0.1.tgz 934ms (cache miss)
3429 http fetch GET 200 https://registry.npmjs.org/eastasianwidth/-/eastasianwidth-0.2.0.tgz 938ms (cache miss)
3430 http fetch GET 200 https://registry.npmjs.org/ansi-regex/-/ansi-regex-5.0.1.tgz 938ms (cache miss)
3431 http fetch GET 200 https://registry.npmjs.org/isarray/-/isarray-2.0.5.tgz 950ms (cache miss)
3432 http fetch GET 200 https://registry.npmjs.org/side-channel-weakmap/-/side-channel-weakmap-1.0.2.tgz 987ms (cache miss)
3433 http fetch GET 200 https://registry.npmjs.org/fast-glob/-/fast-glob-3.3.3.tgz 995ms (cache miss)
3434 http fetch GET 200 https://registry.npmjs.org/path-parse/-/path-parse-1.0.7.tgz 1006ms (cache miss)
3435 http fetch GET 200 https://registry.npmjs.org/shebang-regex/-/shebang-regex-3.0.0.tgz 1006ms (cache miss)
3436 http fetch GET 200 https://registry.npmjs.org/sucrase/-/sucrase-3.35.1.tgz 1007ms (cache miss)
3437 http fetch GET 200 https://registry.npmjs.org/side-channel-list/-/side-channel-list-1.0.1.tgz 1007ms (cache miss)
3438 http fetch GET 200 https://registry.npmjs.org/supports-preserve-symlinks-flag/-/supports-preserve-symlinks-flag-1.0.0.tgz 1015ms (cache miss)
3439 http fetch GET 200 https://registry.npmjs.org/node-exports-info/-/node-exports-info-1.6.2.tgz 1028ms (cache miss)
3440 http fetch GET 200 https://registry.npmjs.org/queue-microtask/-/queue-microtask-1.2.3.tgz 1033ms (cache miss)
3441 http fetch GET 200 https://registry.npmjs.org/react-is/-/react-is-16.13.1.tgz 1044ms (cache miss)
3442 http fetch GET 200 https://registry.npmjs.org/js-tokens/-/js-tokens-4.0.0.tgz 1050ms (cache miss)
3443 http fetch GET 200 https://registry.npmjs.org/object-assign/-/object-assign-4.1.1.tgz 1072ms (cache miss)
3444 http fetch GET 200 https://registry.npmjs.org/loose-envify/-/loose-envify-1.4.0.tgz 1074ms (cache miss)
3445 http fetch GET 200 https://registry.npmjs.org/jiti/-/jiti-1.21.7.tgz 1084ms (cache miss)
3446 http fetch GET 200 https://registry.npmjs.org/source-map-js/-/source-map-js-1.2.1.tgz 1093ms (cache miss)
3447 http fetch GET 200 https://registry.npmjs.org/picocolors/-/picocolors-1.1.1.tgz 1106ms (cache miss)
3448 http fetch GET 200 https://registry.npmjs.org/callsites/-/callsites-3.1.0.tgz 1112ms (cache miss)
3449 http fetch GET 200 https://registry.npmjs.org/word-wrap/-/word-wrap-1.2.5.tgz 1112ms (cache miss)
3450 http fetch GET 200 https://registry.npmjs.org/nanoid/-/nanoid-3.3.18.tgz 1124ms (cache miss)
3451 http fetch GET 200 https://registry.npmjs.org/scheduler/-/scheduler-0.23.2.tgz 1128ms (cache miss)
3452 http fetch GET 200 https://registry.npmjs.org/deep-is/-/deep-is-0.1.4.tgz 1130ms (cache miss)
3453 http fetch GET 200 https://registry.npmjs.org/p-limit/-/p-limit-3.1.0.tgz 1146ms (cache miss)
3454 http fetch GET 200 https://registry.npmjs.org/yocto-queue/-/yocto-queue-0.1.0.tgz 1150ms (cache miss)
3455 http fetch GET 200 https://registry.npmjs.org/lru-cache/-/lru-cache-10.4.3.tgz 1159ms (cache miss)
3456 http fetch GET 200 https://registry.npmjs.org/fast-levenshtein/-/fast-levenshtein-2.0.6.tgz 1166ms (cache miss)
3457 http fetch GET 200 https://registry.npmjs.org/streamsearch/-/streamsearch-1.1.0.tgz 1173ms (cache miss)
3458 http fetch GET 200 https://registry.npmjs.org/memory-pager/-/memory-pager-1.5.0.tgz 1193ms (cache miss)
3459 http fetch GET 200 https://registry.npmjs.org/graceful-fs/-/graceful-fs-4.2.11.tgz 1199ms (cache miss)
3460 http fetch GET 200 https://registry.npmjs.org/busboy/-/busboy-1.6.0.tgz 1203ms (cache miss)
3461 http fetch GET 200 https://registry.npmjs.org/whatwg-url/-/whatwg-url-14.2.0.tgz 1261ms (cache miss)
3462 http fetch GET 200 https://registry.npmjs.org/styled-jsx/-/styled-jsx-5.1.1.tgz 1289ms (cache miss)
3463 http fetch GET 200 https://registry.npmjs.org/caniuse-lite/-/caniuse-lite-1.0.30001810.tgz 1360ms (cache miss)
3464 http fetch GET 200 https://registry.npmjs.org/@alloc/quick-lru/-/quick-lru-5.2.0.tgz 1416ms (cache miss)
3465 http fetch GET 200 https://registry.npmjs.org/bson/-/bson-7.3.2.tgz 1444ms (cache miss)
3466 http fetch GET 200 https://registry.npmjs.org/@swc/counter/-/counter-0.1.3.tgz 1465ms (cache miss)
3467 http fetch GET 200 https://registry.npmjs.org/mongodb-connection-string-url/-/mongodb-connection-string-url-7.0.2.tgz 1488ms (cache miss)
3468 http fetch GET 200 https://registry.npmjs.org/@types/whatwg-url/-/whatwg-url-13.0.0.tgz 1514ms (cache miss)
3469 http fetch GET 200 https://registry.npmjs.org/concat-map/-/concat-map-0.0.1.tgz 1534ms (cache miss)
3470 http fetch GET 200 https://registry.npmjs.org/sift/-/sift-17.1.3.tgz 1545ms (cache miss)
3471 http fetch GET 200 https://registry.npmjs.org/sparse-bitfield/-/sparse-bitfield-3.0.3.tgz 1554ms (cache miss)
3472 http fetch GET 200 https://registry.npmjs.org/@swc/helpers/-/helpers-0.5.5.tgz 1568ms (cache miss)
3473 http fetch GET 200 https://registry.npmjs.org/@mongodb-js/saslprep/-/saslprep-1.5.0.tgz 1587ms (cache miss)
3474 http fetch GET 200 https://registry.npmjs.org/balanced-match/-/balanced-match-1.0.2.tgz 1600ms (cache miss)
3475 http fetch GET 200 https://registry.npmjs.org/brace-expansion/-/brace-expansion-1.1.18.tgz 1619ms (cache miss)
3476 http fetch GET 200 https://registry.npmjs.org/kareem/-/kareem-3.3.0.tgz 1640ms (cache miss)
3477 http fetch GET 200 https://registry.npmjs.org/prelude-ls/-/prelude-ls-1.2.1.tgz 1651ms (cache miss)
3478 http fetch GET 200 https://registry.npmjs.org/p-locate/-/p-locate-5.0.0.tgz 1654ms (cache miss)
3479 http fetch GET 200 https://registry.npmjs.org/json-buffer/-/json-buffer-3.0.1.tgz 1666ms (cache miss)
3480 http fetch GET 200 https://registry.npmjs.org/type-check/-/type-check-0.4.0.tgz 1686ms (cache miss)
3481 http fetch GET 200 https://registry.npmjs.org/mquery/-/mquery-6.0.0.tgz 1702ms (cache miss)
3482 http fetch GET 200 https://registry.npmjs.org/@next/env/-/env-14.2.35.tgz 1705ms (cache miss)
3483 http fetch GET 200 https://registry.npmjs.org/argparse/-/argparse-2.0.1.tgz 1709ms (cache miss)
3484 http fetch GET 200 https://registry.npmjs.org/language-subtag-registry/-/language-subtag-registry-0.3.23.tgz 1713ms (cache miss)
3485 http fetch GET 200 https://registry.npmjs.org/string-width/-/string-width-4.2.3.tgz 1722ms (cache miss)
3486 http fetch GET 200 https://registry.npmjs.org/mpath/-/mpath-0.9.0.tgz 1734ms (cache miss)
3487 http fetch GET 200 https://registry.npmjs.org/wrap-ansi/-/wrap-ansi-7.0.0.tgz 1754ms (cache miss)
3488 http fetch GET 200 https://registry.npmjs.org/wrap-ansi/-/wrap-ansi-8.1.0.tgz 1760ms (cache miss)
3489 http fetch GET 200 https://registry.npmjs.org/string-width/-/string-width-5.1.2.tgz 1770ms (cache miss)
3490 http fetch GET 200 https://registry.npmjs.org/@types/webidl-conversions/-/webidl-conversions-7.0.3.tgz 1773ms (cache miss)
3491 http fetch GET 200 https://registry.npmjs.org/strip-ansi/-/strip-ansi-6.0.1.tgz 1785ms (cache miss)
3492 http fetch GET 200 https://registry.npmjs.org/set-function-name/-/set-function-name-2.0.2.tgz 1800ms (cache miss)
3493 http fetch GET 200 https://registry.npmjs.org/side-channel/-/side-channel-1.1.1.tgz 1800ms (cache miss)
3494 http fetch GET 200 https://registry.npmjs.org/resolve-from/-/resolve-from-4.0.0.tgz 1804ms (cache miss)
3495 http fetch GET 200 https://registry.npmjs.org/parent-module/-/parent-module-1.0.1.tgz 1818ms (cache miss)
3496 http fetch GET 200 https://registry.npmjs.org/is-extglob/-/is-extglob-2.1.1.tgz 1854ms (cache miss)
3497 http fetch GET 200 https://registry.npmjs.org/minipass/-/minipass-7.1.3.tgz 1884ms (cache miss)
3498 http fetch GET 200 https://registry.npmjs.org/jackspeak/-/jackspeak-2.3.6.tgz 1884ms (cache miss)
3499 http fetch GET 200 https://registry.npmjs.org/signal-exit/-/signal-exit-4.1.0.tgz 1886ms (cache miss)
3500 http fetch GET 200 https://registry.npmjs.org/foreground-child/-/foreground-child-3.3.1.tgz 1887ms (cache miss)
3501 http fetch GET 200 https://registry.npmjs.org/resolve-pkg-maps/-/resolve-pkg-maps-1.0.0.tgz 1889ms (cache miss)
3502 http fetch GET 200 https://registry.npmjs.org/dunder-proto/-/dunder-proto-1.0.1.tgz 1890ms (cache miss)
3503 http fetch GET 200 https://registry.npmjs.org/mongodb/-/mongodb-7.5.0.tgz 1892ms (cache miss)
3504 http fetch GET 200 https://registry.npmjs.org/functions-have-names/-/functions-have-names-1.2.3.tgz 1905ms (cache miss)
3505 http fetch GET 200 https://registry.npmjs.org/is-document.all/-/is-document.all-1.0.0.tgz 1931ms (cache miss)
3506 http fetch GET 200 https://registry.npmjs.org/tslib/-/tslib-2.8.1.tgz 1957ms (cache miss)
3507 http fetch GET 200 https://registry.npmjs.org/rimraf/-/rimraf-3.0.2.tgz 1974ms (cache miss)
3508 warn deprecated rimraf@3.0.2: Rimraf versions prior to v4 are no longer supported
3509 http fetch GET 200 https://registry.npmjs.org/flatted/-/flatted-3.4.4.tgz 1977ms (cache miss)
3510 http fetch GET 200 https://registry.npmjs.org/keyv/-/keyv-4.5.4.tgz 1979ms (cache miss)
3511 http fetch GET 200 https://registry.npmjs.org/motion-utils/-/motion-utils-13.0.0.tgz 1983ms (cache miss)
3512 http fetch GET 200 https://registry.npmjs.org/path-exists/-/path-exists-4.0.0.tgz 1995ms (cache miss)
3513 http fetch GET 200 https://registry.npmjs.org/type-fest/-/type-fest-0.20.2.tgz 2009ms (cache miss)
3514 http fetch GET 200 https://registry.npmjs.org/@pkgjs/parseargs/-/parseargs-0.11.0.tgz 2013ms (cache miss)
3515 http fetch GET 200 https://registry.npmjs.org/locate-path/-/locate-path-6.0.0.tgz 2015ms (cache miss)
3516 http fetch GET 200 https://registry.npmjs.org/@standard-schema/spec/-/spec-1.1.0.tgz 2049ms (cache miss)
3517 http fetch GET 200 https://registry.npmjs.org/acorn-jsx/-/acorn-jsx-5.3.2.tgz 2059ms (cache miss)
3518 http fetch GET 200 https://registry.npmjs.org/flat-cache/-/flat-cache-3.2.0.tgz 2063ms (cache miss)
3519 http fetch GET 200 https://registry.npmjs.org/string.prototype.repeat/-/string.prototype.repeat-1.0.0.tgz 2066ms (cache miss)
3520 http fetch GET 200 https://registry.npmjs.org/esrecurse/-/esrecurse-4.3.0.tgz 2067ms (cache miss)
3521 http fetch GET 200 https://registry.npmjs.org/iterator.prototype/-/iterator.prototype-1.1.5.tgz 2068ms (cache miss)
3522 http fetch GET 200 https://registry.npmjs.org/motion-dom/-/motion-dom-13.1.1.tgz 2080ms (cache miss)
3523 http fetch GET 200 https://registry.npmjs.org/reusify/-/reusify-1.1.0.tgz 2085ms (cache miss)
3524 http fetch GET 200 https://registry.npmjs.org/@isaacs/cliui/-/cliui-8.0.2.tgz 2087ms (cache miss)
3525 http fetch GET 200 https://registry.npmjs.org/object.entries/-/object.entries-1.1.9.tgz 2111ms (cache miss)
3526 http fetch GET 200 https://registry.npmjs.org/string.prototype.matchall/-/string.prototype.matchall-4.1.0.tgz 2114ms (cache miss)
3527 http fetch GET 200 https://registry.npmjs.org/prop-types/-/prop-types-15.8.1.tgz 2148ms (cache miss)
3528 http fetch GET 200 https://registry.npmjs.org/array.prototype.tosorted/-/array.prototype.tosorted-1.1.4.tgz 2156ms (cache miss)
3529 http fetch GET 200 https://registry.npmjs.org/array.prototype.findlast/-/array.prototype.findlast-1.2.5.tgz 2157ms (cache miss)
3530 http fetch GET 200 https://registry.npmjs.org/estraverse/-/estraverse-5.3.0.tgz 2160ms (cache miss)
3531 http fetch GET 200 https://registry.npmjs.org/string.prototype.includes/-/string.prototype.includes-2.0.1.tgz 2160ms (cache miss)
3532 http fetch GET 200 https://registry.npmjs.org/damerau-levenshtein/-/damerau-levenshtein-1.0.8.tgz 2197ms (cache miss)
3533 http fetch GET 200 https://registry.npmjs.org/ast-types-flow/-/ast-types-flow-0.0.8.tgz 2197ms (cache miss)
3534 http fetch GET 200 https://registry.npmjs.org/acorn/-/acorn-8.18.0.tgz 2198ms (cache miss)
3535 http fetch GET 200 https://registry.npmjs.org/emoji-regex/-/emoji-regex-9.2.2.tgz 2199ms (cache miss)
3536 http fetch GET 200 https://registry.npmjs.org/axobject-query/-/axobject-query-4.1.0.tgz 2218ms (cache miss)
3537 http fetch GET 200 https://registry.npmjs.org/jsx-ast-utils/-/jsx-ast-utils-3.3.5.tgz 2219ms (cache miss)
3538 http fetch GET 200 https://registry.npmjs.org/es-iterator-helpers/-/es-iterator-helpers-1.4.0.tgz 2220ms (cache miss)
3539 http fetch GET 200 https://registry.npmjs.org/language-tags/-/language-tags-1.0.9.tgz 2249ms (cache miss)
3540 http fetch GET 200 https://registry.npmjs.org/is-symbol/-/is-symbol-1.1.1.tgz 2249ms (cache miss)
3541 http fetch GET 200 https://registry.npmjs.org/possible-typed-array-names/-/possible-typed-array-names-1.1.0.tgz 2247ms (cache miss)
3542 http fetch GET 200 https://registry.npmjs.org/es-abstract-get/-/es-abstract-get-1.0.0.tgz 2251ms (cache miss)
3543 http fetch GET 200 https://registry.npmjs.org/is-date-object/-/is-date-object-1.1.0.tgz 2265ms (cache miss)
3544 http fetch GET 200 https://registry.npmjs.org/aria-query/-/aria-query-5.3.2.tgz 2266ms (cache miss)
3545 http fetch GET 200 https://registry.npmjs.org/has-tostringtag/-/has-tostringtag-1.0.2.tgz 2273ms (cache miss)
3546 http fetch GET 200 https://registry.npmjs.org/which-typed-array/-/which-typed-array-1.1.22.tgz 2275ms (cache miss)
3547 http fetch GET 200 https://registry.npmjs.org/@unrs/resolver-binding-darwin-arm64/-/resolver-binding-darwin-arm64-1.12.2.tgz 2290ms (cache miss)
3548 http fetch GET 200 https://registry.npmjs.org/typed-array-buffer/-/typed-array-buffer-1.0.3.tgz 2279ms (cache miss)
3549 http fetch GET 200 https://registry.npmjs.org/typed-array-length/-/typed-array-length-1.0.8.tgz 2282ms (cache miss)
3550 http fetch GET 200 https://registry.npmjs.org/path-scurry/-/path-scurry-1.11.1.tgz 2289ms (cache miss)
3551 http fetch GET 200 https://registry.npmjs.org/unbox-primitive/-/unbox-primitive-1.1.0.tgz 2291ms (cache miss)
3552 http fetch GET 200 https://registry.npmjs.org/string.prototype.trimstart/-/string.prototype.trimstart-1.0.8.tgz 2343ms (cache miss)
3553 http fetch GET 200 https://registry.npmjs.org/typed-array-byte-offset/-/typed-array-byte-offset-1.0.4.tgz 2347ms (cache miss)
3554 http fetch GET 200 https://registry.npmjs.org/typed-array-byte-length/-/typed-array-byte-length-1.0.3.tgz 2347ms (cache miss)
3555 http fetch GET 200 https://registry.npmjs.org/stop-iteration-iterator/-/stop-iteration-iterator-1.1.0.tgz 2347ms (cache miss)
3556 http fetch GET 200 https://registry.npmjs.org/string.prototype.trim/-/string.prototype.trim-1.2.11.tgz 2348ms (cache miss)
3557 http fetch GET 200 https://registry.npmjs.org/safe-push-apply/-/safe-push-apply-1.0.0.tgz 2363ms (cache miss)
3558 http fetch GET 200 https://registry.npmjs.org/regexp.prototype.flags/-/regexp.prototype.flags-1.5.4.tgz 2367ms (cache miss)
3559 http fetch GET 200 https://registry.npmjs.org/safe-array-concat/-/safe-array-concat-1.1.4.tgz 2374ms (cache miss)
3560 http fetch GET 200 https://registry.npmjs.org/set-proto/-/set-proto-1.0.0.tgz 2374ms (cache miss)
3561 http fetch GET 200 https://registry.npmjs.org/safe-regex-test/-/safe-regex-test-1.1.0.tgz 2382ms (cache miss)
3562 http fetch GET 200 https://registry.npmjs.org/own-keys/-/own-keys-1.0.2.tgz 2394ms (cache miss)
3563 http fetch GET 200 https://registry.npmjs.org/is-weakref/-/is-weakref-1.1.1.tgz 2409ms (cache miss)
3564 http fetch GET 200 https://registry.npmjs.org/object.assign/-/object.assign-4.1.7.tgz 2426ms (cache miss)
3565 http fetch GET 200 https://registry.npmjs.org/is-array-buffer/-/is-array-buffer-3.0.5.tgz 2478ms (cache miss)
3566 http fetch GET 200 https://registry.npmjs.org/get-symbol-description/-/get-symbol-description-1.1.0.tgz 2478ms (cache miss)
3567 http fetch GET 200 https://registry.npmjs.org/has-symbols/-/has-symbols-1.1.0.tgz 2561ms (cache miss)
3568 http fetch GET 200 https://registry.npmjs.org/function.prototype.name/-/function.prototype.name-1.2.0.tgz 2593ms (cache miss)
3569 http fetch GET 200 https://registry.npmjs.org/is-regex/-/is-regex-1.2.1.tgz 2672ms (cache miss)
3570 http fetch GET 200 https://registry.npmjs.org/data-view-byte-offset/-/data-view-byte-offset-1.0.1.tgz 2697ms (cache miss)
3571 http fetch GET 200 https://registry.npmjs.org/is-set/-/is-set-2.0.3.tgz 2770ms (cache miss)
3572 http fetch GET 200 https://registry.npmjs.org/is-data-view/-/is-data-view-1.0.2.tgz 2784ms (cache miss)
3573 http fetch GET 200 https://registry.npmjs.org/axe-core/-/axe-core-4.13.0.tgz 2812ms (cache miss)
3574 http fetch GET 200 https://registry.npmjs.org/data-view-byte-length/-/data-view-byte-length-1.0.2.tgz 2814ms (cache miss)
3575 http fetch GET 200 https://registry.npmjs.org/globalthis/-/globalthis-1.0.4.tgz 2829ms (cache miss)
3576 http fetch GET 200 https://registry.npmjs.org/get-proto/-/get-proto-1.0.1.tgz 2868ms (cache miss)
3577 http fetch GET 200 https://registry.npmjs.org/internal-slot/-/internal-slot-1.1.0.tgz 2871ms (cache miss)
3578 http fetch GET 200 https://registry.npmjs.org/available-typed-arrays/-/available-typed-arrays-1.0.7.tgz 2905ms (cache miss)
3579 http fetch GET 200 https://registry.npmjs.org/array-buffer-byte-length/-/array-buffer-byte-length-1.0.2.tgz 2921ms (cache miss)
3580 http fetch GET 200 https://registry.npmjs.org/object-keys/-/object-keys-1.1.1.tgz 2949ms (cache miss)
3581 http fetch GET 200 https://registry.npmjs.org/gopd/-/gopd-1.2.0.tgz 2970ms (cache miss)
3582 http fetch GET 200 https://registry.npmjs.org/has-proto/-/has-proto-1.2.0.tgz 2977ms (cache miss)
3583 http fetch GET 200 https://registry.npmjs.org/data-view-buffer/-/data-view-buffer-1.0.2.tgz 2978ms (cache miss)
3584 http fetch GET 200 https://registry.npmjs.org/es-to-primitive/-/es-to-primitive-1.3.4.tgz 2984ms (cache miss)
3585 http fetch GET 200 https://registry.npmjs.org/function-bind/-/function-bind-1.1.2.tgz 3001ms (cache miss)
3586 http fetch GET 200 https://registry.npmjs.org/define-data-property/-/define-data-property-1.1.4.tgz 3022ms (cache miss)
3587 http fetch GET 200 https://registry.npmjs.org/arraybuffer.prototype.slice/-/arraybuffer.prototype.slice-1.0.4.tgz 3036ms (cache miss)
3588 http fetch GET 200 https://registry.npmjs.org/is-shared-array-buffer/-/is-shared-array-buffer-1.0.4.tgz 3051ms (cache miss)
3589 http fetch GET 200 https://registry.npmjs.org/is-negative-zero/-/is-negative-zero-2.0.3.tgz 3055ms (cache miss)
3590 http fetch GET 200 https://registry.npmjs.org/set-function-length/-/set-function-length-1.2.2.tgz 3060ms (cache miss)
3591 http fetch GET 200 https://registry.npmjs.org/es-shim-unscopables/-/es-shim-unscopables-1.1.0.tgz 3064ms (cache miss)
3592 http fetch GET 200 https://registry.npmjs.org/is-typed-array/-/is-typed-array-1.1.15.tgz 3070ms (cache miss)
3593 http fetch GET 200 https://registry.npmjs.org/is-string/-/is-string-1.1.1.tgz 3071ms (cache miss)
3594 http fetch GET 200 https://registry.npmjs.org/has-property-descriptors/-/has-property-descriptors-1.0.2.tgz 3085ms (cache miss)
3595 http fetch GET 200 https://registry.npmjs.org/object-inspect/-/object-inspect-1.13.4.tgz 3107ms (cache miss)
3596 http fetch GET 200 https://registry.npmjs.org/math-intrinsics/-/math-intrinsics-1.1.0.tgz 3107ms (cache miss)
3597 http fetch GET 200 https://registry.npmjs.org/is-callable/-/is-callable-1.2.7.tgz 3113ms (cache miss)
3598 http fetch GET 200 https://registry.npmjs.org/call-bind-apply-helpers/-/call-bind-apply-helpers-1.0.2.tgz 3120ms (cache miss)
3599 http fetch GET 200 https://registry.npmjs.org/get-intrinsic/-/get-intrinsic-1.3.0.tgz 3137ms (cache miss)
3600 http fetch GET 200 https://registry.npmjs.org/es-object-atoms/-/es-object-atoms-1.1.2.tgz 3148ms (cache miss)
3601 http fetch GET 200 https://registry.npmjs.org/call-bound/-/call-bound-1.0.4.tgz 3171ms (cache miss)
3602 http fetch GET 200 https://registry.npmjs.org/call-bind/-/call-bind-1.0.9.tgz 3173ms (cache miss)
3603 http fetch GET 200 https://registry.npmjs.org/es-errors/-/es-errors-1.3.0.tgz 3179ms (cache miss)
3604 http fetch GET 200 https://registry.npmjs.org/es-define-property/-/es-define-property-1.0.1.tgz 3189ms (cache miss)
3605 http fetch GET 200 https://registry.npmjs.org/tsconfig-paths/-/tsconfig-paths-3.15.0.tgz 3191ms (cache miss)
3606 http fetch GET 200 https://registry.npmjs.org/object.values/-/object.values-1.2.1.tgz 3200ms (cache miss)
3607 http fetch GET 200 https://registry.npmjs.org/object.groupby/-/object.groupby-1.0.3.tgz 3201ms (cache miss)
3608 http fetch GET 200 https://registry.npmjs.org/define-properties/-/define-properties-1.2.1.tgz 3219ms (cache miss)
3609 http fetch GET 200 https://registry.npmjs.org/hasown/-/hasown-2.0.4.tgz 3226ms (cache miss)
3610 http fetch GET 200 https://registry.npmjs.org/string.prototype.trimend/-/string.prototype.trimend-1.0.10.tgz 3227ms (cache miss)
3611 http fetch GET 200 https://registry.npmjs.org/object.fromentries/-/object.fromentries-2.0.8.tgz 3238ms (cache miss)
3612 http fetch GET 200 https://registry.npmjs.org/eslint-module-utils/-/eslint-module-utils-2.14.0.tgz 3246ms (cache miss)
3613 http fetch GET 200 https://registry.npmjs.org/array.prototype.flat/-/array.prototype.flat-1.3.3.tgz 3247ms (cache miss)
3614 http fetch GET 200 https://registry.npmjs.org/array.prototype.flatmap/-/array.prototype.flatmap-1.3.3.tgz 3271ms (cache miss)
3615 http fetch GET 200 https://registry.npmjs.org/unrs-resolver/-/unrs-resolver-1.12.2.tgz 3276ms (cache miss)
3616 http fetch GET 200 https://registry.npmjs.org/@rtsao/scc/-/scc-1.1.0.tgz 3276ms (cache miss)
3617 http fetch GET 200 https://registry.npmjs.org/is-bun-module/-/is-bun-module-2.0.0.tgz 3285ms (cache miss)
3618 http fetch GET 200 https://registry.npmjs.org/get-tsconfig/-/get-tsconfig-4.14.3.tgz 3325ms (cache miss)
3619 http fetch GET 200 https://registry.npmjs.org/@nolyfill/is-core-module/-/is-core-module-1.0.39.tgz 3329ms (cache miss)
3620 http fetch GET 200 https://registry.npmjs.org/stable-hash/-/stable-hash-0.0.5.tgz 3334ms (cache miss)
3621 http fetch GET 200 https://registry.npmjs.org/tinyglobby/-/tinyglobby-0.2.17.tgz 3345ms (cache miss)
3622 http fetch GET 200 https://registry.npmjs.org/semver/-/semver-7.8.5.tgz 3351ms (cache miss)
3623 http fetch GET 200 https://registry.npmjs.org/is-core-module/-/is-core-module-2.16.2.tgz 3351ms (cache miss)
3624 http fetch GET 200 https://registry.npmjs.org/es-set-tostringtag/-/es-set-tostringtag-2.1.0.tgz 3360ms (cache miss)
3625 http fetch GET 200 https://registry.npmjs.org/array.prototype.findlastindex/-/array.prototype.findlastindex-1.2.6.tgz 3372ms (cache miss)
3626 http fetch GET 200 https://registry.npmjs.org/es-abstract/-/es-abstract-1.24.2.tgz 3426ms (cache miss)
3627 http fetch GET 200 https://registry.npmjs.org/resolve/-/resolve-2.0.0-next.7.tgz 3435ms (cache miss)
3628 http fetch GET 200 https://registry.npmjs.org/eslint-plugin-react-hooks/-/eslint-plugin-react-hooks-5.0.0-canary-7118f5dd7-20230705.tgz 3454ms (cache miss)
3629 http fetch GET 200 https://registry.npmjs.org/array-includes/-/array-includes-3.1.9.tgz 3492ms (cache miss)
3630 http fetch GET 200 https://registry.npmjs.org/eslint-plugin-react/-/eslint-plugin-react-7.37.5.tgz 3496ms (cache miss)
3631 http fetch GET 200 https://registry.npmjs.org/ts-api-utils/-/ts-api-utils-2.5.0.tgz 3583ms (cache miss)
3632 http fetch GET 200 https://registry.npmjs.org/glob/-/glob-10.3.10.tgz 3586ms (cache miss)
3633 warn deprecated glob@10.3.10: Old versions of glob are not supported, and contain widely publicized security vulnerabilities, which have been fixed in the current version. Please update. Support for old versions may be purchased (at exorbitant rates) by contacting i@izs.me
3634 http fetch GET 200 https://registry.npmjs.org/@typescript-eslint/types/-/types-8.68.0.tgz 3606ms (cache miss)
3635 http fetch GET 200 https://registry.npmjs.org/@typescript-eslint/visitor-keys/-/visitor-keys-8.68.0.tgz 3607ms (cache miss)
3636 http fetch GET 200 https://registry.npmjs.org/eslint-import-resolver-typescript/-/eslint-import-resolver-typescript-3.10.1.tgz 3616ms (cache miss)
3637 http fetch GET 200 https://registry.npmjs.org/eslint-plugin-jsx-a11y/-/eslint-plugin-jsx-a11y-6.10.2.tgz 3619ms (cache miss)
3638 http fetch GET 200 https://registry.npmjs.org/eslint-import-resolver-node/-/eslint-import-resolver-node-0.3.10.tgz 3628ms (cache miss)
3639 http fetch GET 200 https://registry.npmjs.org/@typescript-eslint/typescript-estree/-/typescript-estree-8.68.0.tgz 3687ms (cache miss)
3640 http fetch GET 200 https://registry.npmjs.org/which/-/which-2.0.2.tgz 3708ms (cache miss)
3641 http fetch GET 200 https://registry.npmjs.org/shebang-command/-/shebang-command-2.0.0.tgz 3737ms (cache miss)
3642 http fetch GET 200 https://registry.npmjs.org/ms/-/ms-2.1.3.tgz 3780ms (cache miss)
3643 http fetch GET 200 https://registry.npmjs.org/eslint-plugin-import/-/eslint-plugin-import-2.32.0.tgz 3804ms (cache miss)
3644 http fetch GET 200 https://registry.npmjs.org/path-key/-/path-key-3.1.1.tgz 3803ms (cache miss)
3645 http fetch GET 200 https://registry.npmjs.org/@typescript-eslint/tsconfig-utils/-/tsconfig-utils-8.68.0.tgz 3825ms (cache miss)
3646 http fetch GET 200 https://registry.npmjs.org/@typescript-eslint/project-service/-/project-service-8.68.0.tgz 3834ms (cache miss)
3647 http fetch GET 200 https://registry.npmjs.org/@typescript-eslint/scope-manager/-/scope-manager-8.68.0.tgz 3872ms (cache miss)
3648 http fetch GET 200 https://registry.npmjs.org/ansi-styles/-/ansi-styles-4.3.0.tgz 3871ms (cache miss)
3649 http fetch GET 200 https://registry.npmjs.org/color-name/-/color-name-1.1.4.tgz 3874ms (cache miss)
3650 http fetch GET 200 https://registry.npmjs.org/json-schema-traverse/-/json-schema-traverse-0.4.1.tgz 3896ms (cache miss)
3651 http fetch GET 200 https://registry.npmjs.org/supports-color/-/supports-color-7.2.0.tgz 3898ms (cache miss)
3652 http fetch GET 200 https://registry.npmjs.org/color-convert/-/color-convert-2.0.1.tgz 3915ms (cache miss)
3653 http fetch GET 200 https://registry.npmjs.org/@typescript-eslint/parser/-/parser-8.68.0.tgz 3922ms (cache miss)
3654 http fetch GET 200 https://registry.npmjs.org/@typescript-eslint/utils/-/utils-8.68.0.tgz 3924ms (cache miss)
3655 http fetch GET 200 https://registry.npmjs.org/fast-json-stable-stringify/-/fast-json-stable-stringify-2.1.0.tgz 3933ms (cache miss)
3656 http fetch GET 200 https://registry.npmjs.org/strip-json-comments/-/strip-json-comments-3.1.1.tgz 3989ms (cache miss)
3657 http fetch GET 200 https://registry.npmjs.org/import-fresh/-/import-fresh-3.3.1.tgz 4003ms (cache miss)
3658 http fetch GET 200 https://registry.npmjs.org/text-table/-/text-table-0.2.0.tgz 4025ms (cache miss)
3659 http fetch GET 200 https://registry.npmjs.org/strip-ansi/-/strip-ansi-6.0.1.tgz 4035ms (cache miss)
3660 http fetch GET 200 https://registry.npmjs.org/optionator/-/optionator-0.9.4.tgz 4093ms (cache miss)
3661 http fetch GET 200 https://registry.npmjs.org/fastq/-/fastq-1.20.3.tgz 4188ms (cache miss)
3662 http fetch GET 200 https://registry.npmjs.org/@rushstack/eslint-patch/-/eslint-patch-1.16.1.tgz 4213ms (cache miss)
3663 http fetch GET 200 https://registry.npmjs.org/@humanwhocodes/object-schema/-/object-schema-2.0.3.tgz 4272ms (cache miss)
3664 warn deprecated @humanwhocodes/object-schema@2.0.3: Use @eslint/object-schema instead
3665 http fetch GET 200 https://registry.npmjs.org/json-stable-stringify-without-jsonify/-/json-stable-stringify-without-jsonify-1.0.1.tgz 4321ms (cache miss)
3666 http fetch GET 200 https://registry.npmjs.org/@nodelib/fs.scandir/-/fs.scandir-2.1.5.tgz 4350ms (cache miss)
3667 http fetch GET 200 https://registry.npmjs.org/run-parallel/-/run-parallel-1.2.0.tgz 4356ms (cache miss)
3668 http fetch GET 200 https://registry.npmjs.org/lodash.merge/-/lodash.merge-4.6.2.tgz 4422ms (cache miss)
3669 http fetch GET 200 https://registry.npmjs.org/is-path-inside/-/is-path-inside-3.0.3.tgz 4426ms (cache miss)
3670 http fetch GET 200 https://registry.npmjs.org/is-glob/-/is-glob-4.0.3.tgz 4447ms (cache miss)
3671 http fetch GET 200 https://registry.npmjs.org/natural-compare/-/natural-compare-1.4.0.tgz 4466ms (cache miss)
3672 http fetch GET 200 https://registry.npmjs.org/levn/-/levn-0.4.1.tgz 4517ms (cache miss)
3673 http fetch GET 200 https://registry.npmjs.org/minimatch/-/minimatch-3.1.5.tgz 4530ms (cache miss)
3674 http fetch GET 200 https://registry.npmjs.org/@next/eslint-plugin-next/-/eslint-plugin-next-14.2.35.tgz 4578ms (cache miss)
3675 http fetch GET 200 https://registry.npmjs.org/ignore/-/ignore-5.3.2.tgz 4581ms (cache miss)
3676 http fetch GET 200 https://registry.npmjs.org/fast-deep-equal/-/fast-deep-equal-3.1.3.tgz 4629ms (cache miss)
3677 http fetch GET 200 https://registry.npmjs.org/esutils/-/esutils-2.0.3.tgz 4675ms (cache miss)
3678 http fetch GET 200 https://registry.npmjs.org/file-entry-cache/-/file-entry-cache-6.0.1.tgz 4757ms (cache miss)
3679 http fetch GET 200 https://registry.npmjs.org/eslint-visitor-keys/-/eslint-visitor-keys-3.4.3.tgz 4770ms (cache miss)
3680 http fetch GET 200 https://registry.npmjs.org/@nodelib/fs.stat/-/fs.stat-2.0.5.tgz 4806ms (cache miss)
3681 http fetch GET 200 https://registry.npmjs.org/find-up/-/find-up-5.0.0.tgz 4867ms (cache miss)
3682 http fetch GET 200 https://registry.npmjs.org/glob-parent/-/glob-parent-6.0.2.tgz 4868ms (cache miss)
3683 http fetch GET 200 https://registry.npmjs.org/chalk/-/chalk-4.1.2.tgz 4956ms (cache miss)
3684 http fetch GET 200 https://registry.npmjs.org/doctrine/-/doctrine-3.0.0.tgz 4975ms (cache miss)
3685 http fetch GET 200 https://registry.npmjs.org/debug/-/debug-4.4.3.tgz 4993ms (cache miss)
3686 http fetch GET 200 https://registry.npmjs.org/eslint-scope/-/eslint-scope-7.2.2.tgz 5018ms (cache miss)
3687 http fetch GET 200 https://registry.npmjs.org/esquery/-/esquery-1.7.0.tgz 5055ms (cache miss)
3688 http fetch GET 200 https://registry.npmjs.org/espree/-/espree-9.6.1.tgz 5085ms (cache miss)
3689 http fetch GET 200 https://registry.npmjs.org/cross-spawn/-/cross-spawn-7.0.6.tgz 5101ms (cache miss)
3690 http fetch GET 200 https://registry.npmjs.org/graphemer/-/graphemer-1.4.0.tgz 5393ms (cache miss)
3691 http fetch GET 200 https://registry.npmjs.org/uri-js/-/uri-js-4.4.1.tgz 5412ms (cache miss)
3692 http fetch GET 200 https://registry.npmjs.org/@eslint/js/-/js-8.57.1.tgz 5470ms (cache miss)
3693 http fetch GET 200 https://registry.npmjs.org/@next/swc-darwin-arm64/-/swc-darwin-arm64-14.2.33.tgz 5494ms (cache miss)
3694 http fetch GET 200 https://registry.npmjs.org/imurmurhash/-/imurmurhash-0.1.4.tgz 5495ms (cache miss)
3695 http fetch GET 200 https://registry.npmjs.org/@ungap/structured-clone/-/structured-clone-1.4.0.tgz 5521ms (cache miss)
3696 http fetch GET 200 https://registry.npmjs.org/@humanwhocodes/module-importer/-/module-importer-1.0.1.tgz 5602ms (cache miss)
3697 http fetch GET 200 https://registry.npmjs.org/postcss/-/postcss-8.5.26.tgz 5615ms (cache miss)
3698 http fetch GET 200 https://registry.npmjs.org/escape-string-regexp/-/escape-string-regexp-4.0.0.tgz 5680ms (cache miss)
3699 http fetch GET 200 https://registry.npmjs.org/@typescript-eslint/type-utils/-/type-utils-8.68.0.tgz 5726ms (cache miss)
3700 http fetch GET 200 https://registry.npmjs.org/@humanwhocodes/config-array/-/config-array-0.13.0.tgz 5736ms (cache miss)
3701 warn deprecated @humanwhocodes/config-array@0.13.0: Use @eslint/config-array instead
3702 http fetch GET 200 https://registry.npmjs.org/ajv/-/ajv-6.15.0.tgz 5753ms (cache miss)
3703 http fetch GET 200 https://registry.npmjs.org/globals/-/globals-13.24.0.tgz 5772ms (cache miss)
3704 http fetch GET 200 https://registry.npmjs.org/react-intersection-observer/-/react-intersection-observer-11.0.1.tgz 5838ms (cache miss)
3705 http fetch GET 200 https://registry.npmjs.org/@nodelib/fs.walk/-/fs.walk-1.2.8.tgz 5853ms (cache miss)
3706 http fetch GET 200 https://registry.npmjs.org/@typescript-eslint/eslint-plugin/-/eslint-plugin-8.68.0.tgz 5900ms (cache miss)
3707 http fetch GET 200 https://registry.npmjs.org/tailwindcss/-/tailwindcss-3.4.19.tgz 5912ms (cache miss)
3708 http fetch GET 200 https://registry.npmjs.org/@eslint-community/regexpp/-/regexpp-4.12.2.tgz 5974ms (cache miss)
3709 http fetch GET 200 https://registry.npmjs.org/glob-parent/-/glob-parent-5.1.2.tgz 5985ms (cache miss)
3710 http fetch GET 200 https://registry.npmjs.org/mongoose/-/mongoose-9.9.4.tgz 6014ms (cache miss)
3711 http fetch GET 200 https://registry.npmjs.org/resolve/-/resolve-1.22.12.tgz 6016ms (cache miss)
3712 http fetch GET 200 https://registry.npmjs.org/framer-motion/-/framer-motion-13.1.1.tgz 6036ms (cache miss)
3713 http fetch GET 200 https://registry.npmjs.org/glob-parent/-/glob-parent-5.1.2.tgz 6068ms (cache miss)
3714 http fetch GET 200 https://registry.npmjs.org/emoji-regex/-/emoji-regex-8.0.0.tgz 6077ms (cache miss)
3715 http fetch GET 200 https://registry.npmjs.org/string-width/-/string-width-4.2.3.tgz 6100ms (cache miss)
3716 http fetch GET 200 https://registry.npmjs.org/semver/-/semver-6.3.1.tgz 6103ms (cache miss)
3717 http fetch GET 200 https://registry.npmjs.org/ansi-regex/-/ansi-regex-6.3.0.tgz 6125ms (cache miss)
3718 http fetch GET 200 https://registry.npmjs.org/strip-ansi/-/strip-ansi-7.2.0.tgz 6148ms (cache miss)
3719 http fetch GET 200 https://registry.npmjs.org/ansi-styles/-/ansi-styles-6.2.3.tgz 6161ms (cache miss)
3720 http fetch GET 200 https://registry.npmjs.org/ansi-regex/-/ansi-regex-6.3.0.tgz 6186ms (cache miss)
3721 http fetch GET 200 https://registry.npmjs.org/eslint-config-next/-/eslint-config-next-14.2.35.tgz 6196ms (cache miss)
3722 http fetch GET 200 https://registry.npmjs.org/strip-ansi/-/strip-ansi-7.2.0.tgz 6214ms (cache miss)
3723 http fetch GET 200 https://registry.npmjs.org/strip-ansi/-/strip-ansi-7.2.0.tgz 6229ms (cache miss)
3724 http fetch GET 200 https://registry.npmjs.org/glob/-/glob-7.2.3.tgz 6229ms (cache miss)
3725 warn deprecated glob@7.2.3: Old versions of glob are not supported, and contain widely publicized security vulnerabilities, which have been fixed in the current version. Please update. Support for old versions may be purchased (at exorbitant rates) by contacting i@izs.me
3726 http fetch GET 200 https://registry.npmjs.org/ansi-regex/-/ansi-regex-6.3.0.tgz 6245ms (cache miss)
3727 http fetch GET 200 https://registry.npmjs.org/picomatch/-/picomatch-4.0.7.tgz 6274ms (cache miss)
3728 http fetch GET 200 https://registry.npmjs.org/emoji-regex/-/emoji-regex-8.0.0.tgz 6302ms (cache miss)
3729 http fetch GET 200 https://registry.npmjs.org/brace-expansion/-/brace-expansion-5.0.9.tgz 6337ms (cache miss)
3730 http fetch GET 200 https://registry.npmjs.org/eslint-visitor-keys/-/eslint-visitor-keys-5.0.1.tgz 6337ms (cache miss)
3731 http fetch GET 200 https://registry.npmjs.org/debug/-/debug-3.2.7.tgz 6352ms (cache miss)
3732 http fetch GET 200 https://registry.npmjs.org/brace-expansion/-/brace-expansion-2.1.4.tgz 6356ms (cache miss)
3733 http fetch GET 200 https://registry.npmjs.org/js-yaml/-/js-yaml-4.3.2.tgz 6389ms (cache miss)
3734 http fetch GET 200 https://registry.npmjs.org/minimatch/-/minimatch-10.2.6.tgz 6403ms (cache miss)
3735 http fetch GET 200 https://registry.npmjs.org/@eslint-community/eslint-utils/-/eslint-utils-4.10.1.tgz 6432ms (cache miss)
3736 http fetch GET 200 https://registry.npmjs.org/doctrine/-/doctrine-2.1.0.tgz 6433ms (cache miss)
3737 http fetch GET 200 https://registry.npmjs.org/balanced-match/-/balanced-match-4.0.4.tgz 6435ms (cache miss)
3738 http fetch GET 200 https://registry.npmjs.org/semver/-/semver-6.3.1.tgz 6437ms (cache miss)
3739 http fetch GET 200 https://registry.npmjs.org/semver/-/semver-6.3.1.tgz 6472ms (cache miss)
3740 http fetch GET 200 https://registry.npmjs.org/minimatch/-/minimatch-9.0.9.tgz 6499ms (cache miss)
3741 http fetch GET 200 https://registry.npmjs.org/postcss/-/postcss-8.4.31.tgz 6524ms (cache miss)
3742 http fetch GET 200 https://registry.npmjs.org/debug/-/debug-3.2.7.tgz 6530ms (cache miss)
3743 http fetch GET 200 https://registry.npmjs.org/debug/-/debug-3.2.7.tgz 6536ms (cache miss)
3744 http fetch GET 200 https://registry.npmjs.org/resolve/-/resolve-1.22.12.tgz 6536ms (cache miss)
3745 http fetch GET 200 https://registry.npmjs.org/fdir/-/fdir-6.5.0.tgz 6563ms (cache miss)
3746 http fetch GET 200 https://registry.npmjs.org/doctrine/-/doctrine-2.1.0.tgz 6601ms (cache miss)
3747 http fetch GET 200 https://registry.npmjs.org/ignore/-/ignore-7.0.7.tgz 6625ms (cache miss)
3748 http fetch GET 200 https://registry.npmjs.org/@eslint/eslintrc/-/eslintrc-2.1.4.tgz 6770ms (cache miss)
3749 http fetch GET 200 https://registry.npmjs.org/glob 6526ms (cache miss)
3750 silly packumentCache corgi:https://registry.npmjs.org/glob set size:undefined disposed:false
3751 http fetch GET 200 https://registry.npmjs.org/postcss 6528ms (cache miss)
3752 silly packumentCache corgi:https://registry.npmjs.org/postcss set size:undefined disposed:false
3753 http fetch GET 200 https://registry.npmjs.org/next 6739ms (cache miss)
3754 silly packumentCache corgi:https://registry.npmjs.org/next set size:undefined disposed:false
3755 silly packumentCache corgi:https://registry.npmjs.org/@next%2feslint-plugin-next cache-miss
3756 http fetch GET 200 https://registry.npmjs.org/react/-/react-18.3.1.tgz 8286ms (cache miss)
3757 http fetch GET 200 https://registry.npmjs.org/lucide-react/-/lucide-react-1.37.0.tgz 8547ms (cache miss)
3758 http fetch GET 200 https://registry.npmjs.org/typescript/-/typescript-6.0.3.tgz 9039ms (cache miss)
3759 http fetch GET 200 https://registry.npmjs.org/eslint/-/eslint-8.57.1.tgz 9182ms (cache miss)
3760 warn deprecated eslint@8.57.1: This version is no longer supported. Please see https://eslint.org/version-support for other options.
3761 http fetch GET 200 https://registry.npmjs.org/react-dom/-/react-dom-18.3.1.tgz 9762ms (cache miss)
3762 http fetch GET 200 https://registry.npmjs.org/@next%2feslint-plugin-next 2156ms (cache miss)
3763 silly packumentCache corgi:https://registry.npmjs.org/@next%2feslint-plugin-next set size:undefined disposed:false
3764 silly packumentCache corgi:https://registry.npmjs.org/eslint-config-next cache-miss
3765 http fetch GET 200 https://registry.npmjs.org/eslint-config-next 1373ms (cache miss)
3766 silly packumentCache corgi:https://registry.npmjs.org/eslint-config-next set size:undefined disposed:false
3767 http fetch GET 200 https://registry.npmjs.org/next/-/next-14.2.35.tgz 16300ms (cache miss)
3768 info run fsevents@2.3.3 install node_modules/fsevents node-gyp rebuild
3769 info run fsevents@2.3.3 install { code: 1, signal: null }
3770 verbose reify failed optional dependency /Users/moinulsbackspace/Downloads/shopifyapp/kick-affiliate/node_modules/fsevents
3771 silly reify mark deleted [
3771 silly reify   '/Users/moinulsbackspace/Downloads/shopifyapp/kick-affiliate/node_modules/fsevents'
3771 silly reify ]
3772 info run unrs-resolver@1.12.2 postinstall node_modules/unrs-resolver node postinstall.js
3773 info run unrs-resolver@1.12.2 postinstall { code: 0, signal: null }
3774 silly ADD node_modules/wrappy
3775 silly ADD node_modules/path-is-absolute
3776 silly ADD node_modules/once
3777 silly ADD node_modules/inherits
3778 silly ADD node_modules/inflight
3779 silly ADD node_modules/fs.realpath
3780 silly ADD node_modules/is-weakset
3781 silly ADD node_modules/is-weakmap
3782 silly ADD node_modules/is-map
3783 silly ADD node_modules/generator-function
3784 silly ADD node_modules/async-function
3785 silly ADD node_modules/which-collection
3786 silly ADD node_modules/is-generator-function
3787 silly ADD node_modules/is-finalizationregistry
3788 silly ADD node_modules/is-async-function
3789 silly ADD node_modules/is-number-object
3790 silly ADD node_modules/is-boolean-object
3791 silly ADD node_modules/is-bigint
3792 silly ADD node_modules/isexe
3793 silly ADD node_modules/webidl-conversions
3794 silly ADD node_modules/tr46
3795 silly ADD node_modules/punycode
3796 silly ADD
3797 silly ADD
3798 silly ADD
3799 silly ADD
3800 silly ADD
3801 silly ADD node_modules/napi-postinstall
3802 silly ADD
3803 silly ADD
3804 silly ADD
3805 silly ADD
3806 silly ADD
3807 silly ADD
3808 silly ADD
3809 silly ADD
3810 silly ADD
3811 silly ADD
3812 silly ADD
3813 silly ADD
3814 silly ADD
3815 silly ADD
3816 silly ADD
3817 silly ADD
3818 silly ADD
3819 silly ADD
3820 silly ADD
3821 silly ADD node_modules/@unrs/resolver-binding-darwin-arm64
3822 silly ADD
3823 silly ADD
3824 silly ADD node_modules/which-boxed-primitive
3825 silly ADD node_modules/has-bigints
3826 silly ADD node_modules/which-builtin-type
3827 silly ADD node_modules/reflect.getprototypeof
3828 silly ADD node_modules/for-each
3829 silly ADD node_modules/strip-bom
3830 silly ADD node_modules/minimist
3831 silly ADD node_modules/json5
3832 silly ADD node_modules/@types/json5
3833 silly ADD node_modules/is-number
3834 silly ADD node_modules/thenify
3835 silly ADD node_modules/thenify-all
3836 silly ADD node_modules/any-promise
3837 silly ADD node_modules/@jridgewell/resolve-uri
3838 silly ADD node_modules/@jridgewell/trace-mapping
3839 silly ADD node_modules/@jridgewell/sourcemap-codec
3840 silly ADD node_modules/ts-interface-checker
3841 silly ADD node_modules/pirates
3842 silly ADD node_modules/mz
3843 silly ADD node_modules/lines-and-columns
3844 silly ADD node_modules/commander
3845 silly ADD node_modules/@jridgewell/gen-mapping
3846 silly ADD node_modules/util-deprecate
3847 silly ADD node_modules/cssesc
3848 silly ADD node_modules/camelcase-css
3849 silly ADD node_modules/read-cache
3850 silly ADD node_modules/postcss-value-parser
3851 silly ADD node_modules/binary-extensions
3852 silly ADD node_modules/to-regex-range
3853 silly ADD node_modules/merge2
3854 silly ADD node_modules/fill-range
3855 silly ADD node_modules/picomatch
3856 silly ADD node_modules/readdirp
3857 silly ADD node_modules/is-binary-path
3858 silly ADD
3859 silly ADD node_modules/braces
3860 silly ADD node_modules/anymatch
3861 silly ADD node_modules/sucrase
3862 silly ADD node_modules/postcss-selector-parser
3863 silly ADD node_modules/postcss-nested
3864 silly ADD node_modules/postcss-load-config
3865 silly ADD node_modules/postcss-js
3866 silly ADD node_modules/postcss-import
3867 silly ADD node_modules/postcss-import/node_modules/resolve
3868 silly ADD node_modules/object-hash
3869 silly ADD node_modules/normalize-path
3870 silly ADD node_modules/micromatch
3871 silly ADD node_modules/lilconfig
3872 silly ADD node_modules/jiti
3873 silly ADD node_modules/fast-glob
3874 silly ADD node_modules/fast-glob/node_modules/glob-parent
3875 silly ADD node_modules/dlv
3876 silly ADD node_modules/didyoumean
3877 silly ADD node_modules/chokidar
3878 silly ADD node_modules/chokidar/node_modules/glob-parent
3879 silly ADD node_modules/arg
3880 silly ADD node_modules/@alloc/quick-lru
3881 silly ADD node_modules/has-flag
3882 silly ADD node_modules/client-only
3883 silly ADD node_modules/ansi-regex
3884 silly ADD node_modules/is-fullwidth-code-point
3885 silly ADD node_modules/eastasianwidth
3886 silly ADD node_modules/memory-pager
3887 silly ADD node_modules/side-channel-weakmap
3888 silly ADD node_modules/side-channel-map
3889 silly ADD node_modules/side-channel-list
3890 silly ADD node_modules/shebang-regex
3891 silly ADD node_modules/isarray
3892 silly ADD node_modules/queue-microtask
3893 silly ADD node_modules/supports-preserve-symlinks-flag
3894 silly ADD node_modules/path-parse
3895 silly ADD node_modules/node-exports-info
3896 silly ADD node_modules/node-exports-info/node_modules/semver
3897 silly ADD node_modules/scheduler
3898 silly ADD node_modules/js-tokens
3899 silly ADD node_modules/react-is
3900 silly ADD node_modules/object-assign
3901 silly ADD node_modules/loose-envify
3902 silly ADD node_modules/source-map-js
3903 silly ADD node_modules/picocolors
3904 silly ADD node_modules/nanoid
3905 silly ADD node_modules/lru-cache
3906 silly ADD node_modules/callsites
3907 silly ADD node_modules/yocto-queue
3908 silly ADD node_modules/p-limit
3909 silly ADD node_modules/word-wrap
3910 silly ADD node_modules/fast-levenshtein
3911 silly ADD node_modules/deep-is
3912 silly ADD node_modules/streamsearch
3913 silly ADD node_modules/@swc/counter
3914 silly ADD node_modules/styled-jsx
3915 silly ADD node_modules/graceful-fs
3916 silly ADD node_modules/caniuse-lite
3917 silly ADD node_modules/busboy
3918 silly ADD node_modules/@swc/helpers
3919 silly ADD
3920 silly ADD
3921 silly ADD
3922 silly ADD
3923 silly ADD
3924 silly ADD
3925 silly ADD
3926 silly ADD
3927 silly ADD node_modules/@next/swc-darwin-arm64
3928 silly ADD node_modules/@next/env
3929 silly ADD node_modules/@types/webidl-conversions
3930 silly ADD node_modules/whatwg-url
3931 silly ADD node_modules/@types/whatwg-url
3932 silly ADD node_modules/sparse-bitfield
3933 silly ADD node_modules/mongodb-connection-string-url
3934 silly ADD node_modules/bson
3935 silly ADD node_modules/@mongodb-js/saslprep
3936 silly ADD node_modules/sift
3937 silly ADD node_modules/mquery
3938 silly ADD node_modules/mpath
3939 silly ADD node_modules/mongodb
3940 silly ADD node_modules/kareem
3941 silly ADD node_modules/@standard-schema/spec
3942 silly ADD node_modules/concat-map
3943 silly ADD node_modules/balanced-match
3944 silly ADD node_modules/brace-expansion
3945 silly ADD node_modules/p-locate
3946 silly ADD node_modules/type-check
3947 silly ADD node_modules/prelude-ls
3948 silly ADD node_modules/language-subtag-registry
3949 silly ADD node_modules/json-buffer
3950 silly ADD node_modules/argparse
3951 silly ADD node_modules/wrap-ansi-cjs
3952 silly ADD node_modules/wrap-ansi-cjs/node_modules/emoji-regex
3953 silly ADD node_modules/wrap-ansi-cjs/node_modules/string-width
3954 silly ADD node_modules/wrap-ansi
3955 silly ADD node_modules/wrap-ansi/node_modules/ansi-regex
3956 silly ADD node_modules/wrap-ansi/node_modules/strip-ansi
3957 silly ADD node_modules/wrap-ansi/node_modules/ansi-styles
3958 silly ADD node_modules/strip-ansi-cjs
3959 silly ADD node_modules/string-width-cjs
3960 silly ADD node_modules/string-width-cjs/node_modules/emoji-regex
3961 silly ADD node_modules/string-width
3962 silly ADD node_modules/string-width/node_modules/ansi-regex
3963 silly ADD node_modules/string-width/node_modules/strip-ansi
3964 silly ADD node_modules/@pkgjs/parseargs
3965 silly ADD node_modules/@isaacs/cliui
3966 silly ADD node_modules/@isaacs/cliui/node_modules/ansi-regex
3967 silly ADD node_modules/@isaacs/cliui/node_modules/strip-ansi
3968 silly ADD node_modules/set-function-name
3969 silly ADD node_modules/is-extglob
3970 silly ADD node_modules/side-channel
3971 silly ADD node_modules/resolve-from
3972 silly ADD node_modules/parent-module
3973 silly ADD node_modules/type-fest
3974 silly ADD node_modules/signal-exit
3975 silly ADD node_modules/path-scurry
3976 silly ADD node_modules/minipass
3977 silly ADD node_modules/jackspeak
3978 silly ADD node_modules/foreground-child
3979 silly ADD node_modules/resolve-pkg-maps
3980 silly ADD node_modules/dunder-proto
3981 silly ADD node_modules/is-document.all
3982 silly ADD node_modules/functions-have-names
3983 silly ADD node_modules/tslib
3984 silly ADD node_modules/motion-utils
3985 silly ADD node_modules/motion-dom
3986 silly ADD node_modules/rimraf
3987 silly ADD node_modules/rimraf/node_modules/glob
3988 silly ADD node_modules/keyv
3989 silly ADD node_modules/flatted
3990 silly ADD node_modules/path-exists
3991 silly ADD node_modules/locate-path
3992 silly ADD node_modules/flat-cache
3993 silly ADD node_modules/reusify
3994 silly ADD node_modules/acorn-jsx
3995 silly ADD node_modules/acorn
3996 silly ADD node_modules/esrecurse
3997 silly ADD node_modules/iterator.prototype
3998 silly ADD node_modules/string.prototype.repeat
3999 silly ADD node_modules/string.prototype.matchall
4000 silly ADD node_modules/prop-types
4001 silly ADD node_modules/object.entries
4002 silly ADD node_modules/estraverse
4003 silly ADD node_modules/es-iterator-helpers
4004 silly ADD node_modules/array.prototype.tosorted
4005 silly ADD node_modules/array.prototype.findlast
4006 silly ADD node_modules/string.prototype.includes
4007 silly ADD node_modules/language-tags
4008 silly ADD node_modules/jsx-ast-utils
4009 silly ADD node_modules/emoji-regex
4010 silly ADD node_modules/damerau-levenshtein
4011 silly ADD node_modules/axobject-query
4012 silly ADD node_modules/axe-core
4013 silly ADD node_modules/ast-types-flow
4014 silly ADD node_modules/aria-query
4015 silly ADD node_modules/is-symbol
4016 silly ADD node_modules/is-date-object
4017 silly ADD node_modules/es-abstract-get
4018 silly ADD node_modules/has-tostringtag
4019 silly ADD node_modules/possible-typed-array-names
4020 silly ADD node_modules/which-typed-array
4021 silly ADD node_modules/unbox-primitive
4022 silly ADD node_modules/typed-array-length
4023 silly ADD node_modules/typed-array-byte-offset
4024 silly ADD node_modules/typed-array-byte-length
4025 silly ADD node_modules/typed-array-buffer
4026 silly ADD node_modules/string.prototype.trimstart
4027 silly ADD node_modules/string.prototype.trim
4028 silly ADD node_modules/stop-iteration-iterator
4029 silly ADD node_modules/set-proto
4030 silly ADD node_modules/safe-regex-test
4031 silly ADD node_modules/safe-push-apply
4032 silly ADD node_modules/safe-array-concat
4033 silly ADD node_modules/regexp.prototype.flags
4034 silly ADD node_modules/own-keys
4035 silly ADD node_modules/object.assign
4036 silly ADD node_modules/object-inspect
4037 silly ADD node_modules/is-weakref
4038 silly ADD node_modules/is-typed-array
4039 silly ADD node_modules/is-shared-array-buffer
4040 silly ADD node_modules/is-set
4041 silly ADD node_modules/is-regex
4042 silly ADD node_modules/is-negative-zero
4043 silly ADD node_modules/is-data-view
4044 silly ADD node_modules/is-callable
4045 silly ADD node_modules/is-array-buffer
4046 silly ADD node_modules/internal-slot
4047 silly ADD node_modules/has-symbols
4048 silly ADD node_modules/has-proto
4049 silly ADD node_modules/globalthis
4050 silly ADD node_modules/get-symbol-description
4051 silly ADD node_modules/get-proto
4052 silly ADD node_modules/function.prototype.name
4053 silly ADD node_modules/es-to-primitive
4054 silly ADD node_modules/es-set-tostringtag
4055 silly ADD node_modules/data-view-byte-offset
4056 silly ADD node_modules/data-view-byte-length
4057 silly ADD node_modules/data-view-buffer
4058 silly ADD node_modules/available-typed-arrays
4059 silly ADD node_modules/arraybuffer.prototype.slice
4060 silly ADD node_modules/array-buffer-byte-length
4061 silly ADD node_modules/gopd
4062 silly ADD node_modules/object-keys
4063 silly ADD node_modules/has-property-descriptors
4064 silly ADD node_modules/define-data-property
4065 silly ADD node_modules/function-bind
4066 silly ADD node_modules/set-function-length
4067 silly ADD node_modules/es-define-property
4068 silly ADD node_modules/call-bind-apply-helpers
4069 silly ADD node_modules/es-shim-unscopables
4070 silly ADD node_modules/es-errors
4071 silly ADD node_modules/math-intrinsics
4072 silly ADD node_modules/is-string
4073 silly ADD node_modules/get-intrinsic
4074 silly ADD node_modules/es-object-atoms
4075 silly ADD node_modules/es-abstract
4076 silly ADD node_modules/define-properties
4077 silly ADD node_modules/call-bound
4078 silly ADD node_modules/call-bind
4079 silly ADD node_modules/tsconfig-paths
4080 silly ADD node_modules/string.prototype.trimend
4081 silly ADD node_modules/object.values
4082 silly ADD node_modules/object.groupby
4083 silly ADD node_modules/object.fromentries
4084 silly ADD node_modules/hasown
4085 silly ADD node_modules/eslint-module-utils
4086 silly ADD node_modules/eslint-module-utils/node_modules/debug
4087 silly ADD node_modules/array.prototype.flatmap
4088 silly ADD node_modules/array.prototype.flat
4089 silly ADD node_modules/array.prototype.findlastindex
4090 silly ADD node_modules/array-includes
4091 silly ADD node_modules/@rtsao/scc
4092 silly ADD node_modules/unrs-resolver
4093 silly ADD node_modules/stable-hash
4094 silly ADD node_modules/is-bun-module
4095 silly ADD node_modules/get-tsconfig
4096 silly ADD node_modules/@nolyfill/is-core-module
4097 silly ADD node_modules/resolve
4098 silly ADD node_modules/is-core-module
4099 silly ADD node_modules/tinyglobby
4100 silly ADD node_modules/tinyglobby/node_modules/picomatch
4101 silly ADD node_modules/tinyglobby/node_modules/fdir
4102 silly ADD node_modules/semver
4103 silly ADD node_modules/@typescript-eslint/tsconfig-utils
4104 silly ADD node_modules/@typescript-eslint/project-service
4105 silly ADD node_modules/@typescript-eslint/typescript-estree
4106 silly ADD node_modules/@typescript-eslint/typescript-estree/node_modules/balanced-match
4107 silly ADD node_modules/@typescript-eslint/typescript-estree/node_modules/brace-expansion
4108 silly ADD node_modules/@typescript-eslint/typescript-estree/node_modules/minimatch
4109 silly ADD node_modules/@typescript-eslint/types
4110 silly ADD node_modules/ts-api-utils
4111 silly ADD node_modules/@typescript-eslint/visitor-keys
4112 silly ADD node_modules/@typescript-eslint/visitor-keys/node_modules/eslint-visitor-keys
4113 silly ADD node_modules/@typescript-eslint/utils
4114 silly ADD node_modules/@typescript-eslint/type-utils
4115 silly ADD node_modules/@typescript-eslint/scope-manager
4116 silly ADD node_modules/glob
4117 silly ADD node_modules/glob/node_modules/brace-expansion
4118 silly ADD node_modules/glob/node_modules/minimatch
4119 silly ADD node_modules/eslint-plugin-react-hooks
4120 silly ADD node_modules/eslint-plugin-react
4121 silly ADD node_modules/eslint-plugin-react/node_modules/semver
4122 silly ADD node_modules/eslint-plugin-react/node_modules/doctrine
4123 silly ADD node_modules/eslint-plugin-jsx-a11y
4124 silly ADD node_modules/eslint-plugin-import
4125 silly ADD node_modules/eslint-plugin-import/node_modules/semver
4126 silly ADD node_modules/eslint-plugin-import/node_modules/doctrine
4127 silly ADD node_modules/eslint-plugin-import/node_modules/debug
4128 silly ADD node_modules/eslint-import-resolver-typescript
4129 silly ADD node_modules/eslint-import-resolver-node
4130 silly ADD node_modules/eslint-import-resolver-node/node_modules/debug
4131 silly ADD node_modules/@typescript-eslint/parser
4132 silly ADD node_modules/typescript
4133 silly ADD node_modules/@typescript-eslint/eslint-plugin
4134 silly ADD node_modules/@typescript-eslint/eslint-plugin/node_modules/ignore
4135 silly ADD node_modules/@rushstack/eslint-patch
4136 silly ADD node_modules/@next/eslint-plugin-next
4137 silly ADD node_modules/ms
4138 silly ADD node_modules/which
4139 silly ADD node_modules/shebang-command
4140 silly ADD node_modules/path-key
4141 silly ADD node_modules/color-name
4142 silly ADD node_modules/color-convert
4143 silly ADD node_modules/supports-color
4144 silly ADD node_modules/ansi-styles
4145 silly ADD node_modules/uri-js
4146 silly ADD node_modules/json-schema-traverse
4147 silly ADD node_modules/fast-json-stable-stringify
4148 silly ADD node_modules/run-parallel
4149 silly ADD node_modules/@nodelib/fs.stat
4150 silly ADD node_modules/fastq
4151 silly ADD node_modules/@nodelib/fs.scandir
4152 silly ADD node_modules/@humanwhocodes/object-schema
4153 silly ADD node_modules/strip-json-comments
4154 silly ADD node_modules/import-fresh
4155 silly ADD node_modules/text-table
4156 silly ADD node_modules/strip-ansi
4157 silly ADD node_modules/optionator
4158 silly ADD node_modules/natural-compare
4159 silly ADD node_modules/minimatch
4160 silly ADD node_modules/lodash.merge
4161 silly ADD node_modules/levn
4162 silly ADD node_modules/json-stable-stringify-without-jsonify
4163 silly ADD node_modules/js-yaml
4164 silly ADD node_modules/is-path-inside
4165 silly ADD node_modules/is-glob
4166 silly ADD node_modules/imurmurhash
4167 silly ADD node_modules/ignore
4168 silly ADD node_modules/graphemer
4169 silly ADD node_modules/globals
4170 silly ADD node_modules/glob-parent
4171 silly ADD node_modules/find-up
4172 silly ADD node_modules/file-entry-cache
4173 silly ADD node_modules/fast-deep-equal
4174 silly ADD node_modules/esutils
4175 silly ADD node_modules/esquery
4176 silly ADD node_modules/espree
4177 silly ADD node_modules/eslint-visitor-keys
4178 silly ADD node_modules/eslint-scope
4179 silly ADD node_modules/escape-string-regexp
4180 silly ADD node_modules/doctrine
4181 silly ADD node_modules/debug
4182 silly ADD node_modules/cross-spawn
4183 silly ADD node_modules/chalk
4184 silly ADD node_modules/ajv
4185 silly ADD node_modules/@ungap/structured-clone
4186 silly ADD node_modules/@nodelib/fs.walk
4187 silly ADD node_modules/@humanwhocodes/module-importer
4188 silly ADD node_modules/@humanwhocodes/config-array
4189 silly ADD node_modules/@eslint/js
4190 silly ADD node_modules/@eslint/eslintrc
4191 silly ADD node_modules/@eslint-community/regexpp
4192 silly ADD node_modules/@eslint-community/eslint-utils
4193 silly ADD node_modules/tailwindcss
4194 silly ADD node_modules/tailwindcss/node_modules/resolve
4195 silly ADD node_modules/react-intersection-observer
4196 silly ADD node_modules/postcss
4197 silly ADD node_modules/react-dom
4198 silly ADD node_modules/next
4199 silly ADD node_modules/next/node_modules/postcss
4200 silly ADD node_modules/mongoose
4201 silly ADD node_modules/react
4202 silly ADD node_modules/lucide-react
4203 silly ADD node_modules/framer-motion
4204 silly ADD node_modules/eslint-config-next
4205 silly ADD node_modules/eslint
4206 verbose cwd /Users/moinulsbackspace/Downloads/shopifyapp/kick-affiliate
4207 verbose os Darwin 25.5.0
4208 verbose node v22.20.0
4209 verbose npm  v10.9.3
4210 notice
4210 notice New major version of npm available! 10.9.3 -> 12.0.2
4210 notice Changelog: https://github.com/npm/cli/releases/tag/v12.0.2
4210 notice To update run: npm install -g npm@12.0.2
4210 notice  { force: true, [Symbol(proc-log.meta)]: true }
4211 verbose exit 0
4212 info ok
